order_id,customer_id,order_date,country,category,unit_price,qty,discount_pct,is_promo,revenue
500000,100000,2025-09-25,USA,Haircare,7.71,2,0,False,15.42
500000,100000,2025-09-25,USA,Skincare,29.31,1,5,False,27.84
500000,100000,2025-09-25,USA,Makeup,12.29,1,0,False,12.29
500001,100001,2025-08-30,Mexico,Wellness,10.89,2,0,False,21.78
500001,100001,2025-08-30,Mexico,Skincare,22.08,1,10,False,19.87
500002,100003,2025-09-18,Mexico,Skincare,20.53,1,0,False,20.53
500002,100003,2025-09-18,Mexico,Wellness,12.11,1,0,False,12.11
500002,100003,2025-09-18,Mexico,Skincare,33.79,2,0,False,67.58
500003,100003,2025-11-29,Mexico,Skincare,17.88,1,0,True,17.88
500003,100003,2025-11-29,Mexico,Fragrance,15.03,2,15,True,25.55
500004,100005,2025-06-03,USA,Fragrance,23.3,1,15,True,19.8
500004,100005,2025-06-03,USA,Makeup,25.9,1,0,True,25.9
500005,100006,2025-07-12,Russia,Haircare,9.58,1,0,False,9.58
500006,100006,2025-10-20,Russia,Haircare,12.96,1,5,False,12.31
500007,100006,2025-12-02,Russia,Wellness,11.92,1,0,False,11.92
500007,100006,2025-12-02,Russia,Skincare,8.21,2,0,False,16.42
500008,100007,2024-05-30,Russia,Fragrance,27.64,2,0,False,55.28
500008,100007,2024-05-30,Russia,Fragrance,37.45,1,0,False,37.45
500009,100008,2024-02-07,Mexico,Fragrance,16.38,2,10,False,29.48
500010,100010,2024-07-09,Russia,Wellness,15.04,2,0,False,30.08
500010,100010,2024-07-09,Russia,Makeup,24.88,2,0,False,49.76
500011,100011,2025-08-08,Kazakhstan,Fragrance,25.3,1,5,False,24.04
500011,100011,2025-08-08,Kazakhstan,Wellness,6.41,2,0,False,12.82
500011,100011,2025-08-08,Kazakhstan,Makeup,21.99,1,0,False,21.99
500012,100014,2024-11-30,Mexico,Skincare,31.65,1,10,True,28.48
500012,100014,2024-11-30,Mexico,Makeup,22.25,1,0,True,22.25
500013,100015,2025-07-04,USA,Haircare,23.11,2,0,False,46.22
500013,100015,2025-07-04,USA,Haircare,14.3,1,0,False,14.3
500014,100016,2024-03-29,Russia,Haircare,17.0,1,0,False,17.0
500015,100018,2024-03-20,USA,Wellness,20.53,1,0,False,20.53
500015,100018,2024-03-20,USA,Fragrance,23.2,2,0,False,46.4
500015,100018,2024-03-20,USA,Haircare,9.14,1,0,False,9.14
500016,100019,2024-11-09,Kazakhstan,Fragrance,53.42,1,0,True,53.42
500016,100019,2024-11-09,Kazakhstan,Skincare,34.58,1,0,True,34.58
500016,100019,2024-11-09,Kazakhstan,Makeup,23.4,1,15,True,19.89
500017,100020,2025-07-01,Mexico,Makeup,9.81,2,5,False,18.64
500018,100020,2025-12-05,Mexico,Fragrance,31.81,1,0,False,31.81
500018,100020,2025-12-05,Mexico,Skincare,14.14,1,5,False,13.43
500018,100020,2025-12-05,Mexico,Haircare,10.78,2,0,False,21.56
500019,100021,2025-03-16,Russia,Skincare,33.96,1,0,False,33.96
500020,100021,2025-12-20,Russia,Makeup,26.87,2,5,False,51.05
500020,100021,2025-12-20,Russia,Makeup,15.2,2,5,False,28.88
500020,100021,2025-12-20,Russia,Wellness,7.59,1,0,False,7.59
500021,100022,2024-08-16,USA,Skincare,29.27,2,0,False,58.54
500022,100023,2024-07-05,Belarus,Fragrance,55.84,2,5,False,106.1
500022,100023,2024-07-05,Belarus,Haircare,12.81,2,0,False,25.62
500022,100023,2024-07-05,Belarus,Wellness,14.89,1,0,False,14.89
500023,100024,2025-04-27,USA,Haircare,22.49,1,0,False,22.49
500023,100024,2025-04-27,USA,Wellness,16.13,1,10,False,14.52
500023,100024,2025-04-27,USA,Skincare,15.64,2,5,False,29.72
500024,100025,2024-11-27,Mexico,Fragrance,30.05,1,20,True,24.04
500024,100025,2024-11-27,Mexico,Wellness,7.46,2,0,True,14.92
500024,100025,2024-11-27,Mexico,Skincare,31.57,2,0,True,63.14
500025,100026,2025-10-25,USA,Haircare,16.59,1,0,False,16.59
500025,100026,2025-10-25,USA,Wellness,20.05,2,0,False,40.1
500026,100027,2024-10-25,Russia,Skincare,17.36,1,5,False,16.49
500026,100027,2024-10-25,Russia,Skincare,26.26,1,0,False,26.26
500026,100027,2024-10-25,Russia,Makeup,13.96,2,0,False,27.92
500027,100027,2024-11-15,Russia,Wellness,18.1,2,0,False,36.2
500027,100027,2024-11-15,Russia,Skincare,9.12,1,5,False,8.66
500027,100027,2024-11-15,Russia,Skincare,13.53,2,0,False,27.06
500028,100028,2024-11-16,Mexico,Haircare,14.97,1,0,False,14.97
500028,100028,2024-11-16,Mexico,Makeup,19.86,2,0,False,39.72
500028,100028,2024-11-16,Mexico,Haircare,20.58,2,0,False,41.16
500029,100029,2024-12-04,Russia,Skincare,8.76,1,5,False,8.32
500030,100030,2025-01-25,Russia,Haircare,15.32,2,0,False,30.64
500030,100030,2025-01-25,Russia,Makeup,27.38,1,0,False,27.38
500031,100030,2025-04-17,Russia,Haircare,24.24,2,0,False,48.48
500031,100030,2025-04-17,Russia,Haircare,7.01,2,0,False,14.02
500031,100030,2025-04-17,Russia,Fragrance,25.89,2,0,False,51.78
500032,100030,2025-11-27,Russia,Wellness,16.31,1,10,True,14.68
500032,100030,2025-11-27,Russia,Makeup,21.01,2,25,True,31.52
500033,100031,2025-04-07,Russia,Skincare,34.45,2,0,False,68.9
500034,100031,2025-04-17,Russia,Fragrance,55.89,1,0,False,55.89
500035,100032,2024-12-07,Belarus,Wellness,17.88,2,0,False,35.76
500035,100032,2024-12-07,Belarus,Wellness,14.95,2,0,False,29.9
500036,100032,2025-03-06,Belarus,Wellness,9.96,2,0,True,19.92
500037,100033,2025-11-18,Mexico,Haircare,12.19,2,0,False,24.38
500037,100033,2025-11-18,Mexico,Wellness,21.14,2,0,False,42.28
500038,100034,2025-06-25,USA,Wellness,11.06,1,10,False,9.95
500038,100034,2025-06-25,USA,Haircare,19.93,2,0,False,39.86
500039,100034,2025-07-17,USA,Skincare,30.82,2,0,False,61.64
500040,100035,2025-06-15,Russia,Skincare,18.8,2,0,False,37.6
500040,100035,2025-06-15,Russia,Haircare,16.27,1,5,False,15.46
500040,100035,2025-06-15,Russia,Wellness,21.92,2,0,False,43.84
500041,100036,2025-04-14,Russia,Fragrance,42.22,1,0,False,42.22
500041,100036,2025-04-14,Russia,Skincare,23.01,1,0,False,23.01
500042,100036,2025-10-02,Russia,Wellness,18.62,2,0,False,37.24
500042,100036,2025-10-02,Russia,Fragrance,25.88,1,0,False,25.88
500042,100036,2025-10-02,Russia,Wellness,16.25,2,0,False,32.5
500043,100036,2025-12-10,Russia,Makeup,24.06,2,0,False,48.12
500043,100036,2025-12-10,Russia,Wellness,19.56,1,0,False,19.56
500043,100036,2025-12-10,Russia,Haircare,21.78,1,0,False,21.78
500044,100037,2025-03-21,Russia,Makeup,10.83,2,0,False,21.66
500044,100037,2025-03-21,Russia,Fragrance,45.36,2,0,False,90.72
500044,100037,2025-03-21,Russia,Wellness,13.25,2,0,False,26.5
500045,100038,2024-08-16,Mexico,Haircare,14.53,1,0,False,14.53
500045,100038,2024-08-16,Mexico,Fragrance,49.89,2,0,False,99.78
500046,100038,2024-12-02,Mexico,Skincare,17.57,2,0,False,35.14
500046,100038,2024-12-02,Mexico,Wellness,17.47,1,0,False,17.47
500046,100038,2024-12-02,Mexico,Haircare,13.72,1,0,False,13.72
500047,100040,2024-11-08,Kazakhstan,Skincare,19.78,2,25,True,29.67
500048,100040,2024-11-20,Kazakhstan,Makeup,26.86,1,0,False,26.86
500049,100040,2025-01-18,Kazakhstan,Haircare,20.65,2,0,False,41.3
500049,100040,2025-01-18,Kazakhstan,Fragrance,26.54,2,10,False,47.77
500050,100041,2024-05-24,Mexico,Makeup,16.62,1,0,False,16.62
500050,100041,2024-05-24,Mexico,Haircare,21.85,1,0,False,21.85
500050,100041,2024-05-24,Mexico,Fragrance,41.64,1,0,False,41.64
500051,100043,2025-02-18,Russia,Makeup,19.27,2,0,False,38.54
500051,100043,2025-02-18,Russia,Skincare,11.94,1,0,False,11.94
500051,100043,2025-02-18,Russia,Haircare,19.11,1,5,False,18.15
500052,100043,2025-04-12,Russia,Makeup,17.0,2,0,False,34.0
500052,100043,2025-04-12,Russia,Skincare,12.78,1,0,False,12.78
500052,100043,2025-04-12,Russia,Haircare,21.17,1,0,False,21.17
500053,100043,2025-04-29,Russia,Haircare,20.22,1,0,False,20.22
500053,100043,2025-04-29,Russia,Haircare,18.8,2,0,False,37.6
500053,100043,2025-04-29,Russia,Haircare,14.3,1,0,False,14.3
500054,100045,2025-02-14,Kazakhstan,Fragrance,48.25,1,0,False,48.25
500054,100045,2025-02-14,Kazakhstan,Fragrance,31.42,1,0,False,31.42
500054,100045,2025-02-14,Kazakhstan,Wellness,12.71,1,0,False,12.71
500055,100045,2025-03-31,Kazakhstan,Fragrance,19.35,2,0,False,38.7
500055,100045,2025-03-31,Kazakhstan,Wellness,20.84,1,10,False,18.76
500056,100046,2024-03-17,USA,Skincare,15.68,1,0,False,15.68
500056,100046,2024-03-17,USA,Wellness,20.88,2,0,False,41.76
500056,100046,2024-03-17,USA,Makeup,21.9,1,0,False,21.9
500057,100047,2024-07-31,Belarus,Makeup,21.46,1,0,False,21.46
500058,100047,2024-10-09,Belarus,Haircare,21.32,2,0,False,42.64
500059,100047,2024-12-18,Belarus,Wellness,11.05,2,0,False,22.1
500059,100047,2024-12-18,Belarus,Skincare,27.04,2,5,False,51.38
500059,100047,2024-12-18,Belarus,Makeup,6.26,1,5,False,5.95
500060,100048,2024-10-24,Russia,Skincare,21.54,2,0,False,43.08
500060,100048,2024-10-24,Russia,Makeup,26.95,1,0,False,26.95
500060,100048,2024-10-24,Russia,Skincare,13.41,1,0,False,13.41
500061,100049,2024-11-13,Kazakhstan,Haircare,9.1,1,0,True,9.1
500061,100049,2024-11-13,Kazakhstan,Skincare,33.71,1,0,True,33.71
500061,100049,2024-11-13,Kazakhstan,Haircare,11.61,2,10,True,20.9
500062,100049,2024-12-08,Kazakhstan,Fragrance,24.9,2,0,False,49.8
500063,100051,2024-12-10,Belarus,Wellness,10.31,1,0,False,10.31
500064,100051,2025-01-28,Belarus,Wellness,18.52,1,5,False,17.59
500064,100051,2025-01-28,Belarus,Wellness,15.76,2,10,False,28.37
500064,100051,2025-01-28,Belarus,Fragrance,30.33,2,0,False,60.66
500065,100051,2025-02-18,Belarus,Skincare,16.96,2,0,False,33.92
500066,100051,2025-03-11,Belarus,Makeup,19.44,2,0,False,38.88
500066,100051,2025-03-11,Belarus,Makeup,20.79,2,0,False,41.58
500066,100051,2025-03-11,Belarus,Wellness,15.04,1,0,False,15.04
500067,100052,2025-10-12,Belarus,Makeup,22.96,2,5,False,43.62
500067,100052,2025-10-12,Belarus,Haircare,11.64,2,0,False,23.28
500068,100053,2024-11-08,USA,Skincare,9.45,2,0,True,18.9
500068,100053,2024-11-08,USA,Fragrance,58.4,2,15,True,99.28
500068,100053,2024-11-08,USA,Haircare,20.25,2,0,True,40.5
500069,100054,2025-06-25,Russia,Skincare,22.94,1,0,False,22.94
500070,100054,2025-12-11,Russia,Wellness,18.38,2,0,False,36.76
500070,100054,2025-12-11,Russia,Haircare,13.8,1,0,False,13.8
500070,100054,2025-12-11,Russia,Haircare,20.86,2,0,False,41.72
500071,100055,2025-09-06,Kazakhstan,Skincare,19.07,2,0,False,38.14
500072,100055,2025-12-06,Kazakhstan,Haircare,11.44,1,5,False,10.87
500072,100055,2025-12-06,Kazakhstan,Skincare,18.29,1,0,False,18.29
500073,100057,2025-07-26,USA,Skincare,25.3,1,0,False,25.3
500073,100057,2025-07-26,USA,Wellness,11.14,1,0,False,11.14
500074,100057,2025-08-09,USA,Wellness,10.17,2,0,False,20.34
500074,100057,2025-08-09,USA,Wellness,6.91,1,0,False,6.91
500074,100057,2025-08-09,USA,Makeup,9.03,2,10,False,16.25
500075,100057,2025-11-14,USA,Makeup,11.35,1,0,False,11.35
500075,100057,2025-11-14,USA,Fragrance,16.41,2,0,False,32.82
500076,100059,2024-12-10,Kazakhstan,Haircare,9.12,2,0,False,18.24
500077,100060,2024-06-27,Mexico,Haircare,15.0,2,0,False,30.0
500078,100060,2024-11-25,Mexico,Makeup,22.93,2,20,True,36.69
500078,100060,2024-11-25,Mexico,Skincare,15.7,1,15,True,13.34
500078,100060,2024-11-25,Mexico,Haircare,22.73,2,0,True,45.46
500079,100061,2024-11-28,Kazakhstan,Wellness,12.99,2,0,True,25.98
500079,100061,2024-11-28,Kazakhstan,Skincare,13.5,1,0,True,13.5
500080,100061,2025-05-21,Kazakhstan,Wellness,20.29,2,0,False,40.58
500080,100061,2025-05-21,Kazakhstan,Makeup,13.84,2,0,False,27.68
500081,100062,2024-09-11,USA,Fragrance,54.43,2,0,False,108.86
500082,100063,2024-06-14,Russia,Fragrance,46.25,1,0,False,46.25
500083,100063,2025-07-29,Russia,Haircare,17.31,1,5,False,16.44
500083,100063,2025-07-29,Russia,Makeup,20.59,1,0,False,20.59
500083,100063,2025-07-29,Russia,Makeup,9.2,2,0,False,18.4
500084,100064,2025-10-27,Russia,Skincare,34.06,1,0,False,34.06
500084,100064,2025-10-27,Russia,Makeup,25.76,1,0,False,25.76
500084,100064,2025-10-27,Russia,Fragrance,54.05,1,0,False,54.05
500085,100065,2024-02-23,Mexico,Fragrance,39.57,2,5,False,75.18
500085,100065,2024-02-23,Mexico,Fragrance,16.04,1,0,False,16.04
500086,100066,2024-03-06,Russia,Wellness,10.94,1,10,True,9.85
500086,100066,2024-03-06,Russia,Haircare,9.8,1,0,True,9.8
500086,100066,2024-03-06,Russia,Makeup,22.35,1,10,True,20.12
500087,100066,2024-09-30,Russia,Fragrance,53.99,1,0,False,53.99
500088,100066,2024-12-16,Russia,Skincare,16.05,1,0,False,16.05
500088,100066,2024-12-16,Russia,Skincare,28.07,1,0,False,28.07
500089,100067,2024-05-08,USA,Skincare,21.8,2,0,False,43.6
500089,100067,2024-05-08,USA,Fragrance,54.21,1,0,False,54.21
500090,100067,2024-06-05,USA,Wellness,6.8,2,0,True,13.6
500090,100067,2024-06-05,USA,Skincare,12.08,2,15,True,20.54
500090,100067,2024-06-05,USA,Skincare,12.67,2,0,True,25.34
500091,100067,2024-06-10,USA,Haircare,8.8,2,0,False,17.6
500091,100067,2024-06-10,USA,Haircare,17.8,1,5,False,16.91
500091,100067,2024-06-10,USA,Fragrance,55.9,1,0,False,55.9
500092,100067,2024-12-23,USA,Wellness,14.33,2,0,False,28.66
500092,100067,2024-12-23,USA,Haircare,11.75,2,0,False,23.5
500093,100069,2025-04-08,Kazakhstan,Wellness,15.32,2,0,False,30.64
500093,100069,2025-04-08,Kazakhstan,Skincare,27.84,1,0,False,27.84
500094,100069,2025-10-02,Kazakhstan,Makeup,27.8,2,0,False,55.6
500094,100069,2025-10-02,Kazakhstan,Fragrance,32.99,1,0,False,32.99
500095,100070,2025-11-09,Russia,Fragrance,52.49,2,10,True,94.48
500095,100070,2025-11-09,Russia,Makeup,5.34,2,10,True,9.61
500095,100070,2025-11-09,Russia,Fragrance,33.49,2,0,True,66.98
500096,100071,2024-10-19,Mexico,Makeup,6.14,1,0,False,6.14
500096,100071,2024-10-19,Mexico,Fragrance,22.0,1,0,False,22.0
500097,100071,2024-11-03,Mexico,Wellness,20.22,1,0,False,20.22
500097,100071,2024-11-03,Mexico,Makeup,22.44,1,0,False,22.44
500098,100071,2025-05-11,Mexico,Haircare,16.91,2,0,False,33.82
500099,100071,2025-09-30,Mexico,Haircare,22.93,1,0,False,22.93
500099,100071,2025-09-30,Mexico,Haircare,7.74,1,0,False,7.74
500100,100071,2025-10-01,Mexico,Makeup,17.15,2,0,False,34.3
500101,100072,2025-04-28,Russia,Skincare,14.29,2,0,False,28.58
500102,100072,2025-06-20,Russia,Wellness,11.24,1,0,False,11.24
500103,100073,2024-09-04,USA,Makeup,5.7,2,5,False,10.83
500103,100073,2024-09-04,USA,Wellness,18.08,1,0,False,18.08
500103,100073,2024-09-04,USA,Skincare,23.36,1,0,False,23.36
500104,100073,2024-09-07,USA,Wellness,20.79,2,0,False,41.58
500104,100073,2024-09-07,USA,Makeup,25.26,1,0,False,25.26
500105,100073,2024-10-18,USA,Fragrance,45.56,2,0,False,91.12
500105,100073,2024-10-18,USA,Makeup,14.08,1,0,False,14.08
500106,100073,2024-11-14,USA,Wellness,20.74,1,0,False,20.74
500106,100073,2024-11-14,USA,Wellness,10.4,1,5,False,9.88
500107,100073,2024-11-22,USA,Fragrance,45.03,2,5,False,85.56
500108,100073,2025-02-16,USA,Wellness,17.83,2,0,False,35.66
500108,100073,2025-02-16,USA,Fragrance,24.16,1,0,False,24.16
500109,100073,2025-11-27,USA,Fragrance,18.01,1,0,True,18.01
500109,100073,2025-11-27,USA,Wellness,19.19,1,15,True,16.31
500109,100073,2025-11-27,USA,Haircare,7.05,2,0,True,14.1
500110,100074,2024-11-23,USA,Skincare,8.93,1,0,False,8.93
500111,100075,2024-01-03,Russia,Skincare,15.83,2,0,False,31.66
500111,100075,2024-01-03,Russia,Skincare,14.72,1,0,False,14.72
500112,100076,2025-02-17,Russia,Wellness,8.48,2,5,False,16.11
500112,100076,2025-02-17,Russia,Haircare,15.88,1,0,False,15.88
500112,100076,2025-02-17,Russia,Wellness,10.66,2,0,False,21.32
500113,100077,2025-07-23,USA,Haircare,9.69,2,0,False,19.38
500113,100077,2025-07-23,USA,Makeup,25.45,2,0,False,50.9
500113,100077,2025-07-23,USA,Fragrance,19.02,2,0,False,38.04
500114,100077,2025-12-04,USA,Haircare,19.51,2,0,False,39.02
500114,100077,2025-12-04,USA,Makeup,5.01,1,5,False,4.76
500115,100077,2025-12-06,USA,Wellness,13.86,1,0,False,13.86
500115,100077,2025-12-06,USA,Wellness,19.09,1,5,False,18.14
500116,100077,2025-12-26,USA,Makeup,24.21,1,0,False,24.21
500116,100077,2025-12-26,USA,Fragrance,29.09,2,5,False,55.27
500117,100078,2025-03-20,Kazakhstan,Fragrance,47.52,2,0,False,95.04
500117,100078,2025-03-20,Kazakhstan,Wellness,9.48,1,0,False,9.48
500117,100078,2025-03-20,Kazakhstan,Haircare,23.28,2,10,False,41.9
500118,100078,2025-05-22,Kazakhstan,Haircare,13.87,2,5,False,26.35
500119,100079,2024-04-13,Russia,Makeup,19.41,2,5,False,36.88
500120,100080,2024-12-23,Kazakhstan,Fragrance,37.89,2,0,False,75.78
500120,100080,2024-12-23,Kazakhstan,Wellness,17.1,1,0,False,17.1
500120,100080,2024-12-23,Kazakhstan,Fragrance,24.15,1,0,False,24.15
500121,100081,2024-08-12,Russia,Wellness,15.92,2,0,False,31.84
500121,100081,2024-08-12,Russia,Haircare,7.81,1,0,False,7.81
500122,100081,2025-05-20,Russia,Fragrance,19.89,1,0,False,19.89
500122,100081,2025-05-20,Russia,Skincare,23.65,1,5,False,22.47
500123,100081,2025-07-20,Russia,Wellness,9.8,2,0,False,19.6
500123,100081,2025-07-20,Russia,Wellness,11.21,2,0,False,22.42
500123,100081,2025-07-20,Russia,Fragrance,46.12,1,5,False,43.81
500124,100082,2025-10-08,Kazakhstan,Haircare,14.0,1,5,False,13.3
500124,100082,2025-10-08,Kazakhstan,Skincare,13.74,2,0,False,27.48
500125,100082,2025-10-13,Kazakhstan,Fragrance,34.61,1,0,False,34.61
500126,100083,2025-08-12,Mexico,Makeup,19.65,2,0,False,39.3
500127,100084,2024-06-14,USA,Makeup,7.99,1,0,False,7.99
500127,100084,2024-06-14,USA,Skincare,11.64,2,0,False,23.28
500128,100084,2024-09-05,USA,Wellness,19.33,2,0,False,38.66
500128,100084,2024-09-05,USA,Wellness,13.2,2,0,False,26.4
500128,100084,2024-09-05,USA,Wellness,18.22,2,0,False,36.44
500129,100084,2024-10-23,USA,Skincare,20.87,2,0,False,41.74
500129,100084,2024-10-23,USA,Wellness,13.5,2,0,False,27.0
500129,100084,2024-10-23,USA,Skincare,15.82,2,0,False,31.64
500130,100084,2024-10-29,USA,Haircare,10.29,1,0,False,10.29
500130,100084,2024-10-29,USA,Haircare,13.94,1,0,False,13.94
500130,100084,2024-10-29,USA,Fragrance,15.58,1,0,False,15.58
500131,100085,2024-12-07,Mexico,Skincare,26.01,2,10,False,46.82
500131,100085,2024-12-07,Mexico,Makeup,24.27,1,0,False,24.27
500132,100086,2025-09-21,Russia,Haircare,20.17,2,0,False,40.34
500133,100087,2025-07-21,Kazakhstan,Wellness,8.84,2,5,False,16.8
500133,100087,2025-07-21,Kazakhstan,Wellness,15.03,2,0,False,30.06
500133,100087,2025-07-21,Kazakhstan,Makeup,23.66,1,0,False,23.66
500134,100087,2025-11-02,Kazakhstan,Fragrance,51.1,1,10,False,45.99
500134,100087,2025-11-02,Kazakhstan,Skincare,26.49,1,0,False,26.49
500135,100088,2025-04-19,Kazakhstan,Makeup,15.97,2,0,False,31.94
500135,100088,2025-04-19,Kazakhstan,Makeup,14.58,1,0,False,14.58
500136,100089,2025-05-28,USA,Haircare,19.2,2,0,False,38.4
500136,100089,2025-05-28,USA,Fragrance,39.12,1,0,False,39.12
500136,100089,2025-05-28,USA,Wellness,20.82,1,0,False,20.82
500137,100089,2025-11-09,USA,Wellness,13.79,2,0,True,27.58
500137,100089,2025-11-09,USA,Skincare,14.8,2,0,True,29.6
500138,100090,2024-01-29,Russia,Skincare,17.0,1,0,False,17.0
500139,100090,2024-03-12,Russia,Fragrance,34.2,2,0,False,68.4
500140,100091,2025-05-11,Kazakhstan,Makeup,24.06,1,5,False,22.86
500140,100091,2025-05-11,Kazakhstan,Fragrance,59.79,1,0,False,59.79
500140,100091,2025-05-11,Kazakhstan,Haircare,17.19,1,0,False,17.19
500141,100092,2024-11-13,USA,Makeup,26.99,2,0,True,53.98
500141,100092,2024-11-13,USA,Wellness,7.12,2,0,True,14.24
500142,100093,2024-03-02,Kazakhstan,Makeup,22.43,2,0,False,44.86
500142,100093,2024-03-02,Kazakhstan,Wellness,17.67,1,0,False,17.67
500142,100093,2024-03-02,Kazakhstan,Skincare,31.68,2,0,False,63.36
500143,100093,2024-07-21,Kazakhstan,Wellness,14.52,1,0,False,14.52
500144,100094,2024-06-12,Russia,Skincare,13.83,2,0,False,27.66
500144,100094,2024-06-12,Russia,Wellness,21.16,2,0,False,42.32
500144,100094,2024-06-12,Russia,Makeup,7.76,1,10,False,6.98
500145,100094,2024-08-30,Russia,Wellness,15.31,1,0,False,15.31
500145,100094,2024-08-30,Russia,Haircare,23.33,2,0,False,46.66
500145,100094,2024-08-30,Russia,Makeup,27.14,1,5,False,25.78
500146,100095,2024-12-28,Belarus,Wellness,19.37,1,0,False,19.37
500146,100095,2024-12-28,Belarus,Haircare,15.56,1,5,False,14.78
500147,100096,2025-05-01,Russia,Haircare,16.23,1,0,False,16.23
500147,100096,2025-05-01,Russia,Skincare,23.62,2,0,False,47.24
500148,100097,2024-12-06,USA,Skincare,18.9,1,5,False,17.95
500149,100098,2025-02-14,Russia,Haircare,20.0,2,0,False,40.0
500149,100098,2025-02-14,Russia,Fragrance,58.73,1,0,False,58.73
500149,100098,2025-02-14,Russia,Skincare,33.48,1,0,False,33.48
500150,100098,2025-11-25,Russia,Haircare,14.07,2,10,True,25.33
500150,100098,2025-11-25,Russia,Makeup,13.8,2,10,True,24.84
500150,100098,2025-11-25,Russia,Makeup,25.57,2,0,True,51.14
500151,100100,2025-04-04,Russia,Wellness,14.41,2,0,False,28.82
500151,100100,2025-04-04,Russia,Wellness,21.79,2,5,False,41.4
500152,100100,2025-05-21,Russia,Fragrance,15.07,2,0,False,30.14
500153,100100,2025-08-11,Russia,Haircare,7.1,2,5,False,13.49
500154,100101,2024-08-30,Mexico,Makeup,16.2,2,0,False,32.4
500154,100101,2024-08-30,Mexico,Wellness,6.85,1,0,False,6.85
500155,100101,2025-04-06,Mexico,Skincare,18.79,2,0,False,37.58
500156,100101,2025-09-18,Mexico,Makeup,21.7,1,0,False,21.7
500157,100102,2025-03-06,Russia,Haircare,22.92,1,15,True,19.48
500158,100102,2025-03-06,Russia,Fragrance,16.35,1,20,True,13.08
500159,100103,2025-02-04,USA,Fragrance,24.99,2,5,False,47.48
500160,100104,2024-03-13,USA,Haircare,20.55,1,0,False,20.55
500160,100104,2024-03-13,USA,Skincare,24.99,2,0,False,49.98
500161,100104,2024-05-15,USA,Makeup,20.68,2,0,False,41.36
500161,100104,2024-05-15,USA,Makeup,25.39,2,5,False,48.24
500162,100104,2024-06-02,USA,Haircare,10.8,2,15,True,18.36
500163,100104,2024-08-25,USA,Skincare,10.18,2,5,False,19.34
500164,100105,2024-08-09,USA,Skincare,14.28,1,0,False,14.28
500164,100105,2024-08-09,USA,Fragrance,21.46,1,5,False,20.39
500165,100105,2024-08-27,USA,Fragrance,39.19,1,0,False,39.19
500166,100106,2025-03-18,Russia,Skincare,24.05,2,0,False,48.1
500166,100106,2025-03-18,Russia,Wellness,8.31,1,0,False,8.31
500167,100107,2024-11-27,Russia,Haircare,17.34,1,10,True,15.61
500168,100107,2025-01-18,Russia,Fragrance,48.16,2,5,False,91.5
500168,100107,2025-01-18,Russia,Wellness,21.58,1,5,False,20.5
500169,100108,2025-05-14,Kazakhstan,Makeup,24.72,2,0,False,49.44
500170,100109,2024-08-04,USA,Wellness,12.48,2,0,False,24.96
500170,100109,2024-08-04,USA,Haircare,23.52,2,5,False,44.69
500170,100109,2024-08-04,USA,Makeup,25.66,2,0,False,51.32
500171,100109,2025-01-30,USA,Fragrance,45.55,2,0,False,91.1
500172,100109,2025-05-15,USA,Fragrance,50.49,1,5,False,47.97
500173,100111,2024-04-10,Russia,Haircare,15.92,1,0,False,15.92
500174,100111,2025-01-03,Russia,Wellness,20.94,2,0,False,41.88
500174,100111,2025-01-03,Russia,Skincare,15.8,2,10,False,28.44
500175,100111,2025-04-06,Russia,Skincare,21.61,1,0,False,21.61
500175,100111,2025-04-06,Russia,Fragrance,58.78,2,5,False,111.68
500176,100111,2025-04-29,Russia,Makeup,24.84,1,0,False,24.84
500176,100111,2025-04-29,Russia,Wellness,18.34,1,0,False,18.34
500177,100111,2025-05-24,Russia,Fragrance,25.81,1,0,False,25.81
500177,100111,2025-05-24,Russia,Wellness,9.15,1,0,False,9.15
500177,100111,2025-05-24,Russia,Skincare,23.41,1,0,False,23.41
500178,100112,2024-09-12,Mexico,Haircare,12.23,2,5,False,23.24
500178,100112,2024-09-12,Mexico,Fragrance,43.78,1,0,False,43.78
500178,100112,2024-09-12,Mexico,Skincare,22.38,2,0,False,44.76
500179,100112,2024-11-01,Mexico,Fragrance,45.26,2,0,False,90.52
500179,100112,2024-11-01,Mexico,Haircare,7.47,1,0,False,7.47
500180,100115,2024-09-11,Mexico,Haircare,8.68,2,0,False,17.36
500181,100117,2025-10-17,USA,Fragrance,29.0,1,0,False,29.0
500181,100117,2025-10-17,USA,Skincare,31.06,2,0,False,62.12
500181,100117,2025-10-17,USA,Skincare,29.63,1,0,False,29.63
500182,100118,2024-09-19,Russia,Haircare,10.31,1,10,False,9.28
500183,100118,2025-01-23,Russia,Makeup,11.46,2,0,False,22.92
500184,100118,2025-02-26,Russia,Haircare,19.11,2,0,False,38.22
500185,100119,2025-08-15,Russia,Haircare,19.85,2,5,False,37.72
500185,100119,2025-08-15,Russia,Makeup,11.87,1,0,False,11.87
500185,100119,2025-08-15,Russia,Haircare,18.79,1,10,False,16.91
500186,100120,2024-10-21,Mexico,Makeup,11.21,1,0,False,11.21
500186,100120,2024-10-21,Mexico,Makeup,5.41,1,5,False,5.14
500186,100120,2024-10-21,Mexico,Fragrance,42.76,2,10,False,76.97
500187,100120,2025-08-10,Mexico,Haircare,12.92,2,0,False,25.84
500188,100120,2025-09-12,Mexico,Makeup,27.28,1,0,False,27.28
500188,100120,2025-09-12,Mexico,Haircare,15.66,1,0,False,15.66
500188,100120,2025-09-12,Mexico,Fragrance,34.27,2,0,False,68.54
500189,100121,2025-02-09,Russia,Fragrance,56.13,1,0,False,56.13
500189,100121,2025-02-09,Russia,Haircare,9.18,1,0,False,9.18
500190,100122,2024-10-25,Kazakhstan,Skincare,13.04,1,0,False,13.04
500190,100122,2024-10-25,Kazakhstan,Makeup,16.32,2,0,False,32.64
500191,100122,2024-11-29,Kazakhstan,Fragrance,53.85,1,10,True,48.46
500192,100122,2025-02-24,Kazakhstan,Wellness,21.71,2,0,False,43.42
500192,100122,2025-02-24,Kazakhstan,Haircare,18.88,2,0,False,37.76
500193,100122,2025-04-18,Kazakhstan,Haircare,24.53,1,0,False,24.53
500193,100122,2025-04-18,Kazakhstan,Makeup,15.68,1,0,False,15.68
500194,100122,2025-08-11,Kazakhstan,Wellness,16.01,2,5,False,30.42
500194,100122,2025-08-11,Kazakhstan,Wellness,20.06,2,0,False,40.12
500194,100122,2025-08-11,Kazakhstan,Haircare,24.67,2,0,False,49.34
500195,100123,2025-09-01,USA,Wellness,17.96,1,0,False,17.96
500195,100123,2025-09-01,USA,Makeup,27.07,2,0,False,54.14
500195,100123,2025-09-01,USA,Haircare,10.75,2,0,False,21.5
500196,100123,2025-12-14,USA,Skincare,21.81,2,0,False,43.62
500196,100123,2025-12-14,USA,Fragrance,34.51,2,5,False,65.57
500196,100123,2025-12-14,USA,Wellness,6.82,1,0,False,6.82
500197,100124,2025-01-01,Belarus,Wellness,6.88,2,0,False,13.76
500198,100124,2025-08-01,Belarus,Haircare,8.21,2,5,False,15.6
500198,100124,2025-08-01,Belarus,Skincare,30.74,1,0,False,30.74
500198,100124,2025-08-01,Belarus,Skincare,23.84,1,0,False,23.84
500199,100125,2025-03-29,Belarus,Skincare,14.51,1,0,False,14.51
500200,100125,2025-10-14,Belarus,Makeup,7.34,1,0,False,7.34
500201,100126,2025-10-03,USA,Fragrance,50.5,2,0,False,101.0
500201,100126,2025-10-03,USA,Haircare,17.12,1,0,False,17.12
500202,100127,2024-04-11,Russia,Haircare,24.9,1,0,False,24.9
500202,100127,2024-04-11,Russia,Wellness,18.2,1,5,False,17.29
500203,100127,2024-10-26,Russia,Skincare,8.53,2,0,False,17.06
500203,100127,2024-10-26,Russia,Wellness,18.14,2,0,False,36.28
500204,100127,2025-02-08,Russia,Haircare,10.55,1,0,False,10.55
500205,100128,2025-01-11,USA,Skincare,34.66,1,0,False,34.66
500206,100129,2024-10-22,USA,Wellness,16.15,2,0,False,32.3
500206,100129,2024-10-22,USA,Fragrance,33.65,1,0,False,33.65
500206,100129,2024-10-22,USA,Fragrance,21.5,2,0,False,43.0
500207,100129,2024-11-24,USA,Makeup,8.81,1,0,False,8.81
500207,100129,2024-11-24,USA,Wellness,19.31,1,0,False,19.31
500207,100129,2024-11-24,USA,Wellness,14.27,1,0,False,14.27
500208,100130,2024-10-03,Russia,Skincare,17.68,1,0,False,17.68
500208,100130,2024-10-03,Russia,Haircare,24.79,2,0,False,49.58
500209,100130,2024-12-21,Russia,Wellness,21.57,1,0,False,21.57
500210,100130,2025-03-19,Russia,Haircare,11.64,2,5,False,22.12
500211,100130,2025-05-22,Russia,Wellness,18.92,1,0,False,18.92
500211,100130,2025-05-22,Russia,Skincare,13.44,1,5,False,12.77
500211,100130,2025-05-22,Russia,Skincare,22.82,1,0,False,22.82
500212,100130,2025-07-11,Russia,Fragrance,47.31,2,0,False,94.62
500212,100130,2025-07-11,Russia,Haircare,13.19,1,0,False,13.19
500212,100130,2025-07-11,Russia,Makeup,12.26,2,0,False,24.52
500213,100131,2024-11-21,Russia,Makeup,8.16,2,0,False,16.32
500213,100131,2024-11-21,Russia,Makeup,23.98,2,0,False,47.96
500214,100132,2024-02-05,Russia,Fragrance,51.46,1,0,False,51.46
500215,100132,2024-10-12,Russia,Wellness,17.68,2,5,False,33.59
500215,100132,2024-10-12,Russia,Fragrance,48.21,1,0,False,48.21
500215,100132,2024-10-12,Russia,Skincare,33.86,1,0,False,33.86
500216,100132,2024-11-07,Russia,Haircare,16.68,2,0,False,33.36
500217,100133,2024-09-26,USA,Fragrance,48.96,2,0,False,97.92
500217,100133,2024-09-26,USA,Haircare,18.91,2,0,False,37.82
500218,100133,2024-11-11,USA,Haircare,12.44,1,10,True,11.2
500219,100135,2024-03-05,Russia,Makeup,16.59,1,0,True,16.59
500220,100136,2024-09-29,USA,Wellness,6.8,2,5,False,12.92
500221,100136,2025-09-03,USA,Makeup,15.82,2,0,False,31.64
500222,100138,2025-09-29,Mexico,Skincare,12.46,2,0,False,24.92
500223,100139,2024-08-13,Mexico,Wellness,18.64,1,0,False,18.64
500223,100139,2024-08-13,Mexico,Haircare,9.31,1,0,False,9.31
500223,100139,2024-08-13,Mexico,Haircare,10.15,2,0,False,20.3
500224,100139,2024-11-05,Mexico,Fragrance,46.17,1,0,False,46.17
500224,100139,2024-11-05,Mexico,Wellness,8.76,1,0,False,8.76
500225,100139,2025-11-22,Mexico,Skincare,28.48,1,0,False,28.48
500225,100139,2025-11-22,Mexico,Skincare,20.34,2,0,False,40.68
500225,100139,2025-11-22,Mexico,Makeup,26.45,2,0,False,52.9
500226,100140,2024-01-06,Russia,Wellness,15.86,2,5,False,30.13
500226,100140,2024-01-06,Russia,Makeup,22.35,2,0,False,44.7
500227,100141,2025-03-26,Russia,Makeup,27.17,1,5,False,25.81
500228,100142,2024-01-10,Kazakhstan,Wellness,16.31,2,0,False,32.62
500229,100143,2024-07-20,Russia,Skincare,25.63,1,0,False,25.63
500230,100144,2024-11-29,Kazakhstan,Skincare,11.11,1,0,True,11.11
500231,100144,2025-05-23,Kazakhstan,Fragrance,23.44,2,0,False,46.88
500232,100144,2025-06-27,Kazakhstan,Haircare,9.83,2,0,False,19.66
500232,100144,2025-06-27,Kazakhstan,Wellness,7.19,2,0,False,14.38
500233,100144,2025-07-24,Kazakhstan,Wellness,10.89,2,0,False,21.78
500233,100144,2025-07-24,Kazakhstan,Haircare,22.8,1,0,False,22.8
500233,100144,2025-07-24,Kazakhstan,Wellness,19.63,2,0,False,39.26
500234,100144,2025-08-30,Kazakhstan,Makeup,16.06,2,5,False,30.51
500235,100145,2025-08-08,Mexico,Skincare,23.84,1,0,False,23.84
500236,100145,2025-09-18,Mexico,Fragrance,40.56,1,5,False,38.53
500236,100145,2025-09-18,Mexico,Wellness,9.11,2,5,False,17.31
500236,100145,2025-09-18,Mexico,Fragrance,29.31,2,0,False,58.62
500237,100146,2024-03-03,Mexico,Skincare,33.23,2,0,False,66.46
500237,100146,2024-03-03,Mexico,Makeup,10.68,1,5,False,10.15
500238,100146,2024-05-31,Mexico,Makeup,7.07,1,0,False,7.07
500238,100146,2024-05-31,Mexico,Fragrance,19.94,2,0,False,39.88
500239,100147,2025-03-19,Belarus,Wellness,20.11,2,0,False,40.22
500239,100147,2025-03-19,Belarus,Makeup,7.26,1,0,False,7.26
500240,100148,2024-12-23,Russia,Fragrance,33.58,2,10,False,60.44
500240,100148,2024-12-23,Russia,Skincare,17.94,1,10,False,16.15
500241,100150,2025-10-30,USA,Fragrance,37.09,2,0,False,74.18
500242,100150,2025-11-21,USA,Haircare,8.42,1,0,False,8.42
500242,100150,2025-11-21,USA,Skincare,11.59,1,0,False,11.59
500243,100151,2025-07-20,Russia,Makeup,22.1,2,0,False,44.2
500244,100152,2024-11-19,Belarus,Wellness,13.27,2,0,False,26.54
500245,100152,2024-11-29,Belarus,Haircare,17.72,1,20,True,14.18
500245,100152,2024-11-29,Belarus,Fragrance,48.43,1,15,True,41.17
500246,100152,2024-12-01,Belarus,Makeup,14.84,1,5,False,14.1
500247,100152,2025-06-02,Belarus,Makeup,16.41,2,10,True,29.54
500247,100152,2025-06-02,Belarus,Haircare,20.27,2,0,True,40.54
500247,100152,2025-06-02,Belarus,Fragrance,20.61,1,20,True,16.49
500248,100152,2025-08-14,Belarus,Haircare,11.76,2,10,False,21.17
500248,100152,2025-08-14,Belarus,Wellness,17.18,1,5,False,16.32
500248,100152,2025-08-14,Belarus,Haircare,16.62,2,0,False,33.24
500249,100153,2025-09-25,Russia,Skincare,16.59,2,0,False,33.18
500250,100153,2025-12-08,Russia,Haircare,17.97,2,0,False,35.94
500250,100153,2025-12-08,Russia,Haircare,20.87,2,0,False,41.74
500251,100154,2025-02-10,USA,Makeup,24.54,2,0,False,49.08
500251,100154,2025-02-10,USA,Fragrance,20.5,1,0,False,20.5
500252,100155,2025-08-28,Russia,Haircare,16.33,2,0,False,32.66
500252,100155,2025-08-28,Russia,Makeup,5.02,2,5,False,9.54
500252,100155,2025-08-28,Russia,Wellness,13.79,1,0,False,13.79
500253,100156,2025-11-20,Kazakhstan,Wellness,8.12,1,5,False,7.71
500254,100156,2025-12-06,Kazakhstan,Wellness,15.66,2,0,False,31.32
500254,100156,2025-12-06,Kazakhstan,Wellness,13.37,1,0,False,13.37
500255,100157,2025-01-16,Belarus,Haircare,9.35,1,0,False,9.35
500255,100157,2025-01-16,Belarus,Skincare,17.35,1,0,False,17.35
500256,100157,2025-02-09,Belarus,Wellness,14.63,1,0,False,14.63
500256,100157,2025-02-09,Belarus,Makeup,23.05,2,0,False,46.1
500257,100159,2024-04-07,USA,Haircare,21.12,2,5,False,40.13
500258,100161,2024-06-05,Russia,Wellness,13.5,1,0,True,13.5
500258,100161,2024-06-05,Russia,Wellness,13.83,1,0,True,13.83
500259,100163,2025-09-13,Mexico,Skincare,15.34,2,0,False,30.68
500260,100164,2024-06-13,USA,Skincare,13.55,1,5,False,12.87
500260,100164,2024-06-13,USA,Fragrance,49.32,1,0,False,49.32
500261,100165,2025-01-05,Russia,Fragrance,32.17,1,0,False,32.17
500262,100165,2025-05-01,Russia,Haircare,22.96,2,5,False,43.62
500262,100165,2025-05-01,Russia,Makeup,23.78,1,0,False,23.78
500262,100165,2025-05-01,Russia,Wellness,11.8,2,5,False,22.42
500263,100165,2025-07-29,Russia,Makeup,9.61,1,0,False,9.61
500264,100165,2025-11-06,Russia,Fragrance,39.83,2,0,False,79.66
500264,100165,2025-11-06,Russia,Wellness,20.62,2,0,False,41.24
500264,100165,2025-11-06,Russia,Fragrance,33.58,2,0,False,67.16
500265,100166,2024-02-02,Mexico,Skincare,17.16,1,0,False,17.16
500265,100166,2024-02-02,Mexico,Wellness,11.95,1,0,False,11.95
500266,100166,2024-05-01,Mexico,Wellness,9.58,1,0,False,9.58
500267,100167,2024-04-30,Russia,Haircare,24.16,1,0,False,24.16
500267,100167,2024-04-30,Russia,Makeup,18.97,1,0,False,18.97
500267,100167,2024-04-30,Russia,Wellness,16.51,2,5,False,31.37
500268,100168,2024-09-09,Kazakhstan,Makeup,8.45,1,0,False,8.45
500268,100168,2024-09-09,Kazakhstan,Makeup,27.42,1,0,False,27.42
500269,100169,2025-08-24,Belarus,Wellness,19.9,1,0,False,19.9
500269,100169,2025-08-24,Belarus,Wellness,21.84,2,0,False,43.68
500270,100169,2025-12-03,Belarus,Skincare,20.14,1,0,False,20.14
500270,100169,2025-12-03,Belarus,Wellness,16.99,2,0,False,33.98
500270,100169,2025-12-03,Belarus,Makeup,23.25,1,0,False,23.25
500271,100170,2025-10-11,Belarus,Haircare,22.87,2,5,False,43.45
500271,100170,2025-10-11,Belarus,Skincare,10.75,1,0,False,10.75
500272,100174,2024-02-10,Mexico,Fragrance,48.94,2,0,False,97.88
500273,100176,2025-12-20,Kazakhstan,Makeup,24.23,1,0,False,24.23
500274,100177,2024-10-02,Russia,Skincare,16.96,1,0,False,16.96
500274,100177,2024-10-02,Russia,Makeup,22.67,1,0,False,22.67
500274,100177,2024-10-02,Russia,Makeup,23.47,1,0,False,23.47
500275,100177,2024-12-09,Russia,Skincare,33.69,1,5,False,32.01
500275,100177,2024-12-09,Russia,Fragrance,19.14,1,5,False,18.18
500275,100177,2024-12-09,Russia,Wellness,18.67,2,0,False,37.34
500276,100177,2024-12-16,Russia,Makeup,22.71,2,5,False,43.15
500276,100177,2024-12-16,Russia,Skincare,17.07,2,0,False,34.14
500277,100177,2025-02-07,Russia,Fragrance,43.55,2,0,False,87.1
500278,100177,2025-02-11,Russia,Haircare,19.24,2,10,False,34.63
500279,100178,2024-05-22,Kazakhstan,Haircare,22.61,1,5,False,21.48
500279,100178,2024-05-22,Kazakhstan,Fragrance,41.54,1,0,False,41.54
500280,100180,2025-07-18,Russia,Wellness,17.66,1,0,False,17.66
500280,100180,2025-07-18,Russia,Fragrance,43.19,2,0,False,86.38
500281,100181,2024-05-06,Russia,Skincare,30.5,1,0,False,30.5
500281,100181,2024-05-06,Russia,Fragrance,39.83,2,0,False,79.66
500281,100181,2024-05-06,Russia,Skincare,11.43,1,0,False,11.43
500282,100182,2025-12-16,Kazakhstan,Skincare,19.05,1,0,False,19.05
500282,100182,2025-12-16,Kazakhstan,Haircare,21.7,2,5,False,41.23
500282,100182,2025-12-16,Kazakhstan,Skincare,20.06,2,0,False,40.12
500283,100183,2025-08-10,Russia,Skincare,11.61,1,0,False,11.61
500283,100183,2025-08-10,Russia,Haircare,9.12,1,5,False,8.66
500283,100183,2025-08-10,Russia,Fragrance,30.91,2,5,False,58.73
500284,100183,2025-11-29,Russia,Haircare,21.38,1,20,True,17.1
500284,100183,2025-11-29,Russia,Fragrance,30.63,2,0,True,61.26
500284,100183,2025-11-29,Russia,Skincare,27.73,1,0,True,27.73
500285,100184,2025-01-15,Mexico,Wellness,12.45,2,5,False,23.65
500286,100185,2024-11-09,USA,Haircare,13.07,1,20,True,10.46
500286,100185,2024-11-09,USA,Haircare,14.67,2,15,True,24.94
500287,100186,2025-05-25,Russia,Wellness,15.08,1,0,False,15.08
500288,100188,2024-11-15,USA,Makeup,27.04,1,5,False,25.69
500289,100188,2025-07-17,USA,Wellness,17.94,1,0,False,17.94
500289,100188,2025-07-17,USA,Fragrance,34.7,2,0,False,69.4
500289,100188,2025-07-17,USA,Skincare,32.27,1,0,False,32.27
500290,100189,2024-08-03,Russia,Haircare,17.88,2,0,False,35.76
500290,100189,2024-08-03,Russia,Fragrance,38.45,2,0,False,76.9
500291,100189,2025-02-23,Russia,Wellness,18.29,1,0,False,18.29
500291,100189,2025-02-23,Russia,Wellness,10.23,2,0,False,20.46
500291,100189,2025-02-23,Russia,Makeup,5.43,2,0,False,10.86
500292,100189,2025-03-13,Russia,Wellness,14.07,1,0,False,14.07
500292,100189,2025-03-13,Russia,Haircare,21.42,1,5,False,20.35
500292,100189,2025-03-13,Russia,Fragrance,21.25,2,0,False,42.5
500293,100190,2024-10-26,Belarus,Wellness,15.0,2,0,False,30.0
500293,100190,2024-10-26,Belarus,Makeup,27.24,1,0,False,27.24
500294,100192,2024-02-06,Mexico,Haircare,17.21,1,5,False,16.35
500294,100192,2024-02-06,Mexico,Makeup,23.8,2,0,False,47.6
500295,100192,2024-05-28,Mexico,Fragrance,27.73,2,10,False,49.91
500295,100192,2024-05-28,Mexico,Skincare,21.63,1,0,False,21.63
500295,100192,2024-05-28,Mexico,Wellness,15.95,1,0,False,15.95
500296,100193,2024-01-17,USA,Skincare,17.96,2,0,False,35.92
500296,100193,2024-01-17,USA,Wellness,14.25,1,5,False,13.54
500296,100193,2024-01-17,USA,Skincare,9.89,2,0,False,19.78
500297,100196,2025-08-11,Mexico,Skincare,25.84,2,0,False,51.68
500298,100198,2025-08-30,Mexico,Haircare,21.59,1,10,False,19.43
500299,100199,2024-07-20,USA,Skincare,26.98,1,0,False,26.98
500299,100199,2024-07-20,USA,Haircare,10.12,2,0,False,20.24
500300,100200,2024-10-05,Russia,Skincare,23.04,1,5,False,21.89
500301,100201,2025-10-09,Mexico,Makeup,26.54,1,0,False,26.54
500301,100201,2025-10-09,Mexico,Skincare,32.84,2,0,False,65.68
500301,100201,2025-10-09,Mexico,Wellness,18.36,2,0,False,36.72
500302,100202,2024-03-13,Russia,Wellness,9.57,2,0,False,19.14
500303,100203,2025-03-16,Kazakhstan,Skincare,23.96,2,0,False,47.92
500303,100203,2025-03-16,Kazakhstan,Wellness,8.83,1,5,False,8.39
500303,100203,2025-03-16,Kazakhstan,Haircare,19.44,2,0,False,38.88
500304,100203,2025-06-25,Kazakhstan,Fragrance,18.4,1,0,False,18.4
500304,100203,2025-06-25,Kazakhstan,Makeup,19.22,2,0,False,38.44
500305,100205,2024-10-13,Russia,Wellness,6.89,1,0,False,6.89
500305,100205,2024-10-13,Russia,Makeup,12.36,2,0,False,24.72
500305,100205,2024-10-13,Russia,Haircare,8.32,1,5,False,7.9
500306,100205,2025-04-29,Russia,Wellness,14.97,2,0,False,29.94
500306,100205,2025-04-29,Russia,Makeup,19.91,1,0,False,19.91
500307,100206,2024-02-22,Russia,Makeup,8.6,2,0,False,17.2
500308,100206,2024-05-11,Russia,Fragrance,55.8,1,0,False,55.8
500309,100206,2024-05-20,Russia,Skincare,13.96,2,0,False,27.92
500309,100206,2024-05-20,Russia,Fragrance,32.39,1,0,False,32.39
500310,100206,2024-09-18,Russia,Makeup,27.32,1,0,False,27.32
500310,100206,2024-09-18,Russia,Makeup,25.01,1,0,False,25.01
500310,100206,2024-09-18,Russia,Skincare,27.24,2,5,False,51.76
500311,100207,2024-12-16,Mexico,Haircare,18.29,2,5,False,34.75
500311,100207,2024-12-16,Mexico,Fragrance,31.76,1,0,False,31.76
500311,100207,2024-12-16,Mexico,Makeup,16.6,1,5,False,15.77
500312,100207,2025-11-19,Mexico,Haircare,19.94,2,0,False,39.88
500313,100208,2024-10-17,Mexico,Wellness,9.89,2,0,False,19.78
500313,100208,2024-10-17,Mexico,Wellness,20.32,2,0,False,40.64
500314,100208,2025-01-18,Mexico,Fragrance,53.98,2,0,False,107.96
500315,100210,2025-04-02,Russia,Skincare,17.0,2,0,False,34.0
500315,100210,2025-04-02,Russia,Fragrance,18.62,1,0,False,18.62
500316,100210,2025-12-07,Russia,Makeup,19.04,1,0,False,19.04
500317,100211,2024-08-18,Mexico,Fragrance,45.66,2,0,False,91.32
500318,100211,2025-01-17,Mexico,Haircare,21.09,2,0,False,42.18
500318,100211,2025-01-17,Mexico,Wellness,11.59,2,0,False,23.18
500318,100211,2025-01-17,Mexico,Wellness,16.82,1,0,False,16.82
500319,100211,2025-04-01,Mexico,Wellness,9.88,1,0,False,9.88
500319,100211,2025-04-01,Mexico,Haircare,15.2,2,5,False,28.88
500319,100211,2025-04-01,Mexico,Makeup,23.29,2,10,False,41.92
500320,100211,2025-05-10,Mexico,Makeup,6.09,1,0,False,6.09
500320,100211,2025-05-10,Mexico,Fragrance,29.57,1,0,False,29.57
500320,100211,2025-05-10,Mexico,Makeup,23.89,1,0,False,23.89
500321,100211,2025-07-23,Mexico,Wellness,8.89,1,0,False,8.89
500321,100211,2025-07-23,Mexico,Haircare,21.05,1,0,False,21.05
500322,100212,2024-02-08,Russia,Wellness,9.12,2,0,False,18.24
500322,100212,2024-02-08,Russia,Fragrance,53.49,2,0,False,106.98
500322,100212,2024-02-08,Russia,Makeup,25.46,1,0,False,25.46
500323,100213,2025-01-30,Mexico,Fragrance,53.0,1,0,False,53.0
500323,100213,2025-01-30,Mexico,Makeup,8.32,2,0,False,16.64
500323,100213,2025-01-30,Mexico,Makeup,16.19,1,0,False,16.19
500324,100213,2025-03-29,Mexico,Fragrance,40.6,1,0,False,40.6
500325,100214,2024-09-12,Belarus,Skincare,12.36,1,0,False,12.36
500326,100215,2025-04-03,Belarus,Haircare,16.33,1,5,False,15.51
500326,100215,2025-04-03,Belarus,Fragrance,38.59,2,0,False,77.18
500327,100216,2025-08-01,Kazakhstan,Fragrance,22.31,2,0,False,44.62
500327,100216,2025-08-01,Kazakhstan,Fragrance,48.79,1,0,False,48.79
500327,100216,2025-08-01,Kazakhstan,Wellness,14.54,1,0,False,14.54
500328,100217,2024-10-20,Russia,Haircare,20.14,1,0,False,20.14
500329,100218,2025-08-28,Mexico,Wellness,17.22,1,5,False,16.36
500330,100219,2024-12-13,Kazakhstan,Makeup,14.52,2,0,False,29.04
500330,100219,2024-12-13,Kazakhstan,Skincare,9.63,2,0,False,19.26
500330,100219,2024-12-13,Kazakhstan,Makeup,25.87,1,0,False,25.87
500331,100219,2025-01-04,Kazakhstan,Haircare,11.47,2,0,False,22.94
500332,100219,2025-11-18,Kazakhstan,Makeup,15.46,2,0,False,30.92
500332,100219,2025-11-18,Kazakhstan,Haircare,15.25,2,0,False,30.5
500332,100219,2025-11-18,Kazakhstan,Wellness,20.52,1,0,False,20.52
500333,100220,2024-12-21,Mexico,Wellness,6.08,1,0,False,6.08
500333,100220,2024-12-21,Mexico,Haircare,9.72,2,5,False,18.47
500333,100220,2024-12-21,Mexico,Skincare,17.06,1,0,False,17.06
500334,100221,2025-05-27,Russia,Fragrance,18.62,2,0,False,37.24
500334,100221,2025-05-27,Russia,Fragrance,16.6,2,0,False,33.2
500334,100221,2025-05-27,Russia,Makeup,16.97,2,0,False,33.94
500335,100221,2025-05-27,Russia,Makeup,6.02,2,0,False,12.04
500335,100221,2025-05-27,Russia,Haircare,9.58,1,5,False,9.1
500336,100223,2025-09-01,Belarus,Haircare,18.44,2,0,False,36.88
500336,100223,2025-09-01,Belarus,Skincare,31.1,2,5,False,59.09
500337,100223,2025-12-05,Belarus,Fragrance,30.46,1,0,False,30.46
500337,100223,2025-12-05,Belarus,Wellness,10.28,2,0,False,20.56
500337,100223,2025-12-05,Belarus,Makeup,15.7,1,0,False,15.7
500338,100224,2025-10-31,Mexico,Wellness,17.51,2,0,False,35.02
500339,100224,2025-11-14,Mexico,Haircare,12.62,2,0,False,25.24
500339,100224,2025-11-14,Mexico,Haircare,17.75,1,0,False,17.75
500339,100224,2025-11-14,Mexico,Haircare,8.48,2,5,False,16.11
500340,100225,2024-05-07,USA,Wellness,12.31,2,0,False,24.62
500340,100225,2024-05-07,USA,Skincare,29.66,2,0,False,59.32
500340,100225,2024-05-07,USA,Wellness,6.53,1,0,False,6.53
500341,100226,2024-10-03,USA,Skincare,8.3,2,5,False,15.77
500342,100228,2024-07-25,Mexico,Skincare,15.5,1,0,False,15.5
500342,100228,2024-07-25,Mexico,Wellness,8.72,2,10,False,15.7
500343,100229,2024-01-04,Russia,Wellness,21.73,2,0,False,43.46
500343,100229,2024-01-04,Russia,Haircare,9.84,2,0,False,19.68
500344,100229,2024-03-23,Russia,Makeup,7.22,1,0,False,7.22
500344,100229,2024-03-23,Russia,Skincare,19.95,1,0,False,19.95
500344,100229,2024-03-23,Russia,Skincare,28.34,2,5,False,53.85
500345,100230,2025-04-07,Mexico,Haircare,17.74,2,0,False,35.48
500345,100230,2025-04-07,Mexico,Fragrance,35.57,1,0,False,35.57
500345,100230,2025-04-07,Mexico,Skincare,34.05,2,0,False,68.1
500346,100230,2025-12-04,Mexico,Wellness,14.66,2,0,False,29.32
500346,100230,2025-12-04,Mexico,Haircare,14.14,1,10,False,12.73
500347,100231,2025-09-13,Russia,Skincare,14.83,2,0,False,29.66
500347,100231,2025-09-13,Russia,Fragrance,27.59,1,0,False,27.59
500348,100231,2025-12-30,Russia,Fragrance,27.99,1,0,False,27.99
500349,100232,2025-05-12,Russia,Haircare,7.23,1,0,False,7.23
500350,100232,2025-10-02,Russia,Wellness,12.84,2,0,False,25.68
500350,100232,2025-10-02,Russia,Haircare,16.46,1,0,False,16.46
500351,100234,2025-03-07,Belarus,Makeup,6.51,2,0,True,13.02
500351,100234,2025-03-07,Belarus,Makeup,8.24,2,0,True,16.48
500351,100234,2025-03-07,Belarus,Makeup,14.16,2,0,True,28.32
500352,100234,2025-03-11,Belarus,Wellness,8.55,1,0,False,8.55
500353,100236,2025-07-21,Mexico,Skincare,28.49,1,0,False,28.49
500354,100237,2024-10-07,Mexico,Fragrance,19.07,2,10,False,34.33
500354,100237,2024-10-07,Mexico,Skincare,31.62,2,0,False,63.24
500355,100237,2024-12-15,Mexico,Makeup,5.37,1,0,False,5.37
500355,100237,2024-12-15,Mexico,Haircare,8.9,1,10,False,8.01
500356,100239,2025-06-30,Mexico,Makeup,21.0,1,0,False,21.0
500357,100239,2025-10-25,Mexico,Skincare,21.07,2,0,False,42.14
500357,100239,2025-10-25,Mexico,Makeup,19.76,2,0,False,39.52
500357,100239,2025-10-25,Mexico,Skincare,29.56,1,0,False,29.56
500358,100240,2025-11-08,Russia,Haircare,19.29,2,10,True,34.72
500358,100240,2025-11-08,Russia,Wellness,10.63,1,10,True,9.57
500358,100240,2025-11-08,Russia,Haircare,7.97,1,0,True,7.97
500359,100243,2025-02-25,Belarus,Haircare,10.95,1,0,False,10.95
500359,100243,2025-02-25,Belarus,Makeup,16.05,1,0,False,16.05
500360,100243,2025-04-16,Belarus,Haircare,8.17,2,0,False,16.34
500360,100243,2025-04-16,Belarus,Makeup,14.32,1,0,False,14.32
500360,100243,2025-04-16,Belarus,Wellness,20.99,2,5,False,39.88
500361,100243,2025-09-15,Belarus,Wellness,6.5,2,0,False,13.0
500361,100243,2025-09-15,Belarus,Skincare,9.97,2,5,False,18.94
500362,100244,2024-11-21,Russia,Makeup,13.02,2,0,False,26.04
500363,100246,2025-09-29,Russia,Skincare,20.3,2,0,False,40.6
500363,100246,2025-09-29,Russia,Wellness,20.82,2,0,False,41.64
500363,100246,2025-09-29,Russia,Skincare,20.61,2,0,False,41.22
500364,100247,2024-12-09,Kazakhstan,Haircare,11.82,2,0,False,23.64
500364,100247,2024-12-09,Kazakhstan,Haircare,11.06,1,0,False,11.06
500364,100247,2024-12-09,Kazakhstan,Haircare,9.61,1,0,False,9.61
500365,100248,2025-07-25,Russia,Haircare,17.97,1,0,False,17.97
500365,100248,2025-07-25,Russia,Haircare,22.41,2,0,False,44.82
500366,100249,2025-05-01,Mexico,Makeup,17.12,2,0,False,34.24
500366,100249,2025-05-01,Mexico,Fragrance,48.68,1,10,False,43.81
500367,100250,2024-06-03,USA,Wellness,12.58,2,15,True,21.39
500367,100250,2024-06-03,USA,Wellness,7.88,2,20,True,12.61
500368,100251,2024-05-31,Russia,Skincare,18.9,2,0,False,37.8
500369,100251,2024-06-06,Russia,Wellness,18.87,2,0,True,37.74
500370,100252,2024-05-09,Russia,Skincare,14.85,1,0,False,14.85
500370,100252,2024-05-09,Russia,Fragrance,36.65,1,0,False,36.65
500371,100252,2024-12-08,Russia,Wellness,9.21,1,5,False,8.75
500372,100253,2024-05-13,Mexico,Skincare,33.69,1,0,False,33.69
500373,100254,2025-09-01,Russia,Makeup,22.48,1,0,False,22.48
500373,100254,2025-09-01,Russia,Makeup,19.37,1,5,False,18.4
500374,100254,2025-11-14,Russia,Makeup,23.74,1,0,False,23.74
500374,100254,2025-11-14,Russia,Skincare,20.48,1,0,False,20.48
500374,100254,2025-11-14,Russia,Fragrance,56.17,1,0,False,56.17
500375,100255,2024-08-31,USA,Fragrance,33.22,2,0,False,66.44
500375,100255,2024-08-31,USA,Haircare,24.6,2,0,False,49.2
500376,100255,2024-09-23,USA,Skincare,32.56,2,0,False,65.12
500376,100255,2024-09-23,USA,Makeup,19.66,2,0,False,39.32
500377,100255,2024-10-30,USA,Wellness,15.82,2,10,False,28.48
500377,100255,2024-10-30,USA,Wellness,16.62,2,0,False,33.24
500377,100255,2024-10-30,USA,Skincare,30.19,1,0,False,30.19
500378,100255,2024-11-12,USA,Wellness,21.77,1,0,True,21.77
500378,100255,2024-11-12,USA,Wellness,11.5,2,0,True,23.0
500379,100255,2024-12-18,USA,Wellness,10.46,2,0,False,20.92
500379,100255,2024-12-18,USA,Wellness,10.13,1,0,False,10.13
500380,100256,2024-03-12,Russia,Skincare,32.49,1,0,False,32.49
500380,100256,2024-03-12,Russia,Wellness,13.12,1,0,False,13.12
500381,100256,2024-06-26,Russia,Fragrance,29.05,2,0,False,58.1
500382,100257,2024-04-30,Russia,Haircare,10.14,2,0,False,20.28
500383,100258,2024-09-21,Kazakhstan,Skincare,10.62,2,0,False,21.24
500383,100258,2024-09-21,Kazakhstan,Fragrance,17.61,1,5,False,16.73
500384,100259,2025-02-26,Russia,Makeup,6.42,2,0,False,12.84
500384,100259,2025-02-26,Russia,Haircare,12.22,1,0,False,12.22
500385,100261,2025-09-27,Russia,Wellness,20.4,1,5,False,19.38
500385,100261,2025-09-27,Russia,Makeup,10.0,1,0,False,10.0
500386,100262,2025-12-20,Mexico,Haircare,18.31,1,0,False,18.31
500386,100262,2025-12-20,Mexico,Makeup,22.57,2,0,False,45.14
500387,100263,2025-01-19,USA,Fragrance,38.73,2,0,False,77.46
500388,100263,2025-02-16,USA,Makeup,13.86,1,0,False,13.86
500389,100263,2025-09-24,USA,Wellness,20.47,1,0,False,20.47
500390,100264,2025-10-22,Russia,Wellness,8.5,2,0,False,17.0
500390,100264,2025-10-22,Russia,Skincare,8.8,2,10,False,15.84
500391,100266,2024-07-01,Russia,Haircare,16.31,1,0,False,16.31
500392,100266,2024-08-16,Russia,Haircare,13.25,2,5,False,25.17
500392,100266,2024-08-16,Russia,Haircare,17.49,2,0,False,34.98
500393,100267,2024-06-30,Belarus,Wellness,8.34,2,0,False,16.68
500393,100267,2024-06-30,Belarus,Haircare,23.04,1,0,False,23.04
500393,100267,2024-06-30,Belarus,Makeup,15.06,1,0,False,15.06
500394,100269,2025-09-29,Russia,Haircare,11.88,2,10,False,21.38
500394,100269,2025-09-29,Russia,Fragrance,19.02,2,5,False,36.14
500394,100269,2025-09-29,Russia,Fragrance,49.49,1,0,False,49.49
500395,100270,2024-05-26,Mexico,Skincare,32.28,1,0,False,32.28
500395,100270,2024-05-26,Mexico,Wellness,7.25,2,5,False,13.77
500396,100271,2024-10-24,Mexico,Wellness,15.36,2,0,False,30.72
500396,100271,2024-10-24,Mexico,Makeup,20.16,2,0,False,40.32
500397,100271,2025-09-14,Mexico,Wellness,18.77,1,5,False,17.83
500397,100271,2025-09-14,Mexico,Skincare,29.46,1,0,False,29.46
500398,100272,2024-11-18,Russia,Haircare,21.1,2,0,False,42.2
500398,100272,2024-11-18,Russia,Fragrance,18.14,1,0,False,18.14
500398,100272,2024-11-18,Russia,Makeup,12.84,2,0,False,25.68
500399,100272,2025-02-03,Russia,Haircare,9.87,1,0,False,9.87
500400,100273,2025-10-18,Russia,Haircare,14.37,2,0,False,28.74
500400,100273,2025-10-18,Russia,Fragrance,56.65,1,0,False,56.65
500401,100274,2024-04-15,Mexico,Fragrance,45.16,1,5,False,42.9
500402,100275,2024-12-11,USA,Wellness,12.06,1,10,False,10.85
500403,100277,2024-12-15,USA,Skincare,32.71,2,0,False,65.42
500404,100279,2025-08-27,Mexico,Skincare,28.74,1,0,False,28.74
500404,100279,2025-08-27,Mexico,Haircare,22.6,2,0,False,45.2
500404,100279,2025-08-27,Mexico,Wellness,6.75,2,10,False,12.15
500405,100281,2025-05-12,Russia,Fragrance,52.92,2,0,False,105.84
500405,100281,2025-05-12,Russia,Skincare,31.31,1,0,False,31.31
500405,100281,2025-05-12,Russia,Haircare,14.32,2,10,False,25.78
500406,100282,2025-09-05,Russia,Skincare,19.29,1,0,False,19.29
500406,100282,2025-09-05,Russia,Haircare,12.65,2,0,False,25.3
500406,100282,2025-09-05,Russia,Fragrance,19.74,2,0,False,39.48
500407,100283,2025-01-24,Mexico,Wellness,9.43,1,0,False,9.43
500407,100283,2025-01-24,Mexico,Haircare,20.94,2,0,False,41.88
500407,100283,2025-01-24,Mexico,Makeup,13.17,2,0,False,26.34
500408,100283,2025-08-11,Mexico,Fragrance,58.42,2,0,False,116.84
500409,100283,2025-09-04,Mexico,Fragrance,57.78,1,0,False,57.78
500409,100283,2025-09-04,Mexico,Haircare,10.17,2,0,False,20.34
500410,100284,2025-07-11,USA,Skincare,31.01,1,0,False,31.01
500410,100284,2025-07-11,USA,Fragrance,26.37,2,0,False,52.74
500410,100284,2025-07-11,USA,Makeup,18.86,1,0,False,18.86
500411,100284,2025-11-25,USA,Makeup,12.96,1,0,True,12.96
500412,100286,2025-11-29,Kazakhstan,Haircare,8.49,1,15,True,7.22
500412,100286,2025-11-29,Kazakhstan,Fragrance,48.02,2,0,True,96.04
500412,100286,2025-11-29,Kazakhstan,Haircare,18.87,2,0,True,37.74
500413,100286,2025-12-14,Kazakhstan,Haircare,21.83,1,0,False,21.83
500413,100286,2025-12-14,Kazakhstan,Makeup,22.18,2,0,False,44.36
500413,100286,2025-12-14,Kazakhstan,Makeup,26.73,2,0,False,53.46
500414,100287,2025-08-11,Russia,Skincare,14.92,1,5,False,14.17
500414,100287,2025-08-11,Russia,Skincare,21.67,1,0,False,21.67
500414,100287,2025-08-11,Russia,Makeup,9.25,2,0,False,18.5
500415,100288,2024-12-24,Mexico,Haircare,20.64,1,0,False,20.64
500415,100288,2024-12-24,Mexico,Makeup,14.55,2,0,False,29.1
500416,100289,2024-12-01,Kazakhstan,Makeup,7.68,1,0,False,7.68
500416,100289,2024-12-01,Kazakhstan,Skincare,21.29,1,0,False,21.29
500417,100290,2025-04-23,Mexico,Wellness,15.83,1,0,False,15.83
500417,100290,2025-04-23,Mexico,Fragrance,45.36,1,0,False,45.36
500418,100290,2025-11-21,Mexico,Makeup,6.61,2,0,False,13.22
500419,100291,2025-11-05,Russia,Wellness,14.28,2,0,False,28.56
500419,100291,2025-11-05,Russia,Haircare,16.39,1,0,False,16.39
500420,100293,2024-02-16,Mexico,Wellness,19.7,1,0,False,19.7
500421,100294,2025-01-13,Kazakhstan,Makeup,12.58,2,5,False,23.9
500421,100294,2025-01-13,Kazakhstan,Wellness,8.59,1,0,False,8.59
500421,100294,2025-01-13,Kazakhstan,Makeup,19.29,2,0,False,38.58
500422,100295,2024-10-15,Russia,Fragrance,23.84,2,0,False,47.68
500422,100295,2024-10-15,Russia,Haircare,18.78,1,0,False,18.78
500423,100297,2024-12-14,Mexico,Wellness,13.07,2,5,False,24.83
500423,100297,2024-12-14,Mexico,Skincare,11.31,1,5,False,10.74
500424,100297,2025-03-30,Mexico,Makeup,21.99,2,0,False,43.98
500424,100297,2025-03-30,Mexico,Skincare,16.7,2,0,False,33.4
500425,100298,2024-12-28,Russia,Haircare,10.81,1,0,False,10.81
500425,100298,2024-12-28,Russia,Wellness,21.68,2,5,False,41.19
500425,100298,2024-12-28,Russia,Skincare,18.39,1,0,False,18.39
500426,100298,2025-05-28,Russia,Haircare,18.8,2,5,False,35.72
500426,100298,2025-05-28,Russia,Makeup,15.72,2,5,False,29.87
500426,100298,2025-05-28,Russia,Makeup,26.07,1,5,False,24.77
500427,100298,2025-08-11,Russia,Makeup,16.3,2,5,False,30.97
500428,100299,2025-09-29,Russia,Skincare,21.05,1,0,False,21.05
500429,100299,2025-11-02,Russia,Fragrance,51.25,2,0,False,102.5
500430,100303,2025-12-01,Mexico,Haircare,8.49,1,0,False,8.49
500430,100303,2025-12-01,Mexico,Fragrance,33.52,2,0,False,67.04
500431,100304,2025-03-31,USA,Makeup,20.72,1,0,False,20.72
500432,100305,2025-03-29,Mexico,Haircare,8.72,2,5,False,16.57
500433,100307,2025-04-25,Russia,Haircare,9.97,2,0,False,19.94
500434,100308,2024-03-31,Mexico,Makeup,20.51,1,0,False,20.51
500434,100308,2024-03-31,Mexico,Haircare,12.8,2,0,False,25.6
500434,100308,2024-03-31,Mexico,Haircare,20.82,1,0,False,20.82
500435,100308,2024-05-26,Mexico,Makeup,18.05,1,0,False,18.05
500435,100308,2024-05-26,Mexico,Wellness,14.4,2,0,False,28.8
500435,100308,2024-05-26,Mexico,Makeup,24.67,2,0,False,49.34
500436,100309,2025-02-25,Mexico,Makeup,17.83,1,0,False,17.83
500436,100309,2025-02-25,Mexico,Wellness,16.62,2,0,False,33.24
500437,100309,2025-06-05,Mexico,Makeup,13.7,1,15,True,11.64
500437,100309,2025-06-05,Mexico,Haircare,11.57,1,0,True,11.57
500438,100310,2025-09-09,Mexico,Haircare,18.84,1,0,False,18.84
500439,100311,2025-10-12,Mexico,Fragrance,24.29,1,0,False,24.29
500440,100312,2024-07-18,Mexico,Skincare,8.54,1,0,False,8.54
500440,100312,2024-07-18,Mexico,Fragrance,45.57,1,0,False,45.57
500441,100312,2024-12-03,Mexico,Fragrance,39.79,1,0,False,39.79
500442,100313,2024-08-10,Russia,Makeup,19.12,2,0,False,38.24
500442,100313,2024-08-10,Russia,Skincare,27.78,2,0,False,55.56
500443,100313,2024-08-26,Russia,Makeup,13.87,2,0,False,27.74
500443,100313,2024-08-26,Russia,Fragrance,26.92,1,0,False,26.92
500443,100313,2024-08-26,Russia,Skincare,30.52,1,5,False,28.99
500444,100313,2024-10-10,Russia,Makeup,12.9,2,0,False,25.8
500444,100313,2024-10-10,Russia,Skincare,33.82,1,0,False,33.82
500445,100313,2025-08-17,Russia,Fragrance,24.33,2,0,False,48.66
500446,100314,2025-02-18,Mexico,Makeup,18.22,2,0,False,36.44
500446,100314,2025-02-18,Mexico,Skincare,21.29,1,0,False,21.29
500446,100314,2025-02-18,Mexico,Haircare,11.11,2,0,False,22.22
500447,100315,2024-09-23,Kazakhstan,Wellness,15.4,1,0,False,15.4
500448,100316,2025-06-29,Russia,Makeup,14.21,1,0,False,14.21
500448,100316,2025-06-29,Russia,Fragrance,37.61,2,0,False,75.22
500449,100316,2025-07-19,Russia,Makeup,25.65,2,0,False,51.3
500450,100317,2024-05-15,Russia,Makeup,12.59,1,0,False,12.59
500451,100318,2024-04-23,Russia,Haircare,20.5,1,0,False,20.5
500451,100318,2024-04-23,Russia,Makeup,22.59,1,5,False,21.46
500452,100318,2024-06-13,Russia,Makeup,21.15,1,0,False,21.15
500452,100318,2024-06-13,Russia,Makeup,11.04,2,0,False,22.08
500452,100318,2024-06-13,Russia,Makeup,19.79,2,0,False,39.58
500453,100319,2024-02-03,Kazakhstan,Fragrance,57.95,1,5,False,55.05
500454,100320,2024-11-10,Russia,Wellness,21.04,2,0,True,42.08
500454,100320,2024-11-10,Russia,Wellness,11.56,1,15,True,9.83
500455,100320,2025-12-26,Russia,Wellness,6.01,1,5,False,5.71
500456,100321,2024-05-22,Kazakhstan,Skincare,11.98,2,5,False,22.76
500457,100321,2025-02-24,Kazakhstan,Haircare,19.8,2,0,False,39.6
500457,100321,2025-02-24,Kazakhstan,Makeup,20.66,2,0,False,41.32
500457,100321,2025-02-24,Kazakhstan,Fragrance,42.43,2,0,False,84.86
500458,100321,2025-03-15,Kazakhstan,Makeup,19.19,2,0,False,38.38
500458,100321,2025-03-15,Kazakhstan,Skincare,10.31,1,0,False,10.31
500459,100321,2025-07-24,Kazakhstan,Wellness,20.22,2,0,False,40.44
500459,100321,2025-07-24,Kazakhstan,Haircare,18.82,1,0,False,18.82
500460,100322,2024-10-25,USA,Haircare,11.93,2,0,False,23.86
500461,100322,2024-11-15,USA,Makeup,18.18,1,0,False,18.18
500461,100322,2024-11-15,USA,Skincare,28.56,1,5,False,27.13
500462,100322,2025-07-16,USA,Makeup,11.44,2,0,False,22.88
500463,100322,2025-08-05,USA,Skincare,28.47,1,0,False,28.47
500464,100323,2025-09-05,Mexico,Haircare,22.44,1,5,False,21.32
500465,100324,2025-11-27,Mexico,Haircare,14.44,2,0,True,28.88
500466,100324,2025-12-22,Mexico,Makeup,14.67,2,0,False,29.34
500466,100324,2025-12-22,Mexico,Haircare,22.27,1,0,False,22.27
500467,100327,2024-04-04,Kazakhstan,Wellness,9.96,1,0,False,9.96
500468,100328,2025-05-15,Russia,Haircare,15.24,1,0,False,15.24
500468,100328,2025-05-15,Russia,Fragrance,30.54,1,0,False,30.54
500469,100329,2025-02-08,Kazakhstan,Fragrance,55.76,2,0,False,111.52
500469,100329,2025-02-08,Kazakhstan,Skincare,16.76,1,5,False,15.92
500470,100329,2025-04-22,Kazakhstan,Wellness,6.07,1,0,False,6.07
500470,100329,2025-04-22,Kazakhstan,Skincare,13.75,1,5,False,13.06
500471,100329,2025-05-09,Kazakhstan,Skincare,29.0,1,0,False,29.0
500471,100329,2025-05-09,Kazakhstan,Makeup,9.41,2,0,False,18.82
500472,100329,2025-07-10,Kazakhstan,Wellness,17.18,1,0,False,17.18
500472,100329,2025-07-10,Kazakhstan,Makeup,13.2,2,0,False,26.4
500473,100331,2024-11-17,Russia,Fragrance,46.39,2,0,False,92.78
500474,100332,2024-06-15,Mexico,Skincare,10.87,1,0,False,10.87
500474,100332,2024-06-15,Mexico,Haircare,22.01,2,0,False,44.02
500475,100332,2024-06-16,Mexico,Fragrance,28.32,2,0,False,56.64
500475,100332,2024-06-16,Mexico,Makeup,12.56,1,5,False,11.93
500476,100333,2025-02-02,USA,Makeup,9.84,2,5,False,18.7
500477,100334,2024-11-01,Kazakhstan,Wellness,6.51,2,0,False,13.02
500477,100334,2024-11-01,Kazakhstan,Skincare,29.24,2,0,False,58.48
500477,100334,2024-11-01,Kazakhstan,Wellness,14.1,1,0,False,14.1
500478,100334,2025-05-11,Kazakhstan,Fragrance,46.07,1,0,False,46.07
500479,100334,2025-09-28,Kazakhstan,Haircare,14.52,1,10,False,13.07
500480,100335,2025-03-17,Mexico,Haircare,22.42,2,0,False,44.84
500480,100335,2025-03-17,Mexico,Fragrance,26.35,2,5,False,50.06
500481,100336,2024-09-08,Kazakhstan,Wellness,20.22,1,0,False,20.22
500481,100336,2024-09-08,Kazakhstan,Wellness,13.64,2,0,False,27.28
500482,100337,2024-07-24,Russia,Fragrance,59.25,2,0,False,118.5
500482,100337,2024-07-24,Russia,Haircare,12.31,2,0,False,24.62
500482,100337,2024-07-24,Russia,Fragrance,31.44,1,0,False,31.44
500483,100338,2024-03-24,Kazakhstan,Fragrance,53.31,1,0,False,53.31
500483,100338,2024-03-24,Kazakhstan,Fragrance,49.73,2,0,False,99.46
500484,100339,2025-10-06,Russia,Haircare,15.6,2,10,False,28.08
500485,100340,2025-05-20,Russia,Fragrance,49.06,2,0,False,98.12
500486,100341,2024-11-08,Russia,Fragrance,15.68,2,10,True,28.22
500486,100341,2024-11-08,Russia,Skincare,34.6,2,0,True,69.2
500486,100341,2024-11-08,Russia,Makeup,16.42,1,0,True,16.42
500487,100341,2024-12-03,Russia,Skincare,8.4,1,0,False,8.4
500487,100341,2024-12-03,Russia,Wellness,11.12,1,0,False,11.12
500487,100341,2024-12-03,Russia,Skincare,15.9,2,0,False,31.8
500488,100342,2024-06-06,USA,Haircare,15.87,1,0,True,15.87
500488,100342,2024-06-06,USA,Wellness,6.42,1,0,True,6.42
500489,100342,2024-07-19,USA,Haircare,24.28,2,0,False,48.56
500490,100345,2025-09-07,USA,Fragrance,53.87,2,0,False,107.74
500490,100345,2025-09-07,USA,Wellness,11.28,1,5,False,10.72
500490,100345,2025-09-07,USA,Haircare,12.53,2,0,False,25.06
500491,100346,2024-03-01,Russia,Makeup,6.91,1,0,False,6.91
500492,100347,2024-05-03,USA,Skincare,15.43,2,0,False,30.86
500492,100347,2024-05-03,USA,Makeup,19.76,2,0,False,39.52
500492,100347,2024-05-03,USA,Wellness,12.94,2,0,False,25.88
500493,100348,2025-05-07,USA,Wellness,15.8,2,5,False,30.02
500494,100351,2024-10-02,Russia,Skincare,30.17,2,0,False,60.34
500494,100351,2024-10-02,Russia,Skincare,12.39,2,0,False,24.78
500495,100352,2024-01-03,Russia,Fragrance,27.97,2,0,False,55.94
500495,100352,2024-01-03,Russia,Wellness,19.65,1,0,False,19.65
500495,100352,2024-01-03,Russia,Skincare,30.61,1,0,False,30.61
500496,100352,2024-07-06,Russia,Wellness,10.02,1,0,False,10.02
500497,100353,2025-05-26,Russia,Makeup,21.79,2,0,False,43.58
500497,100353,2025-05-26,Russia,Wellness,15.68,2,5,False,29.79
500497,100353,2025-05-26,Russia,Haircare,17.59,2,0,False,35.18
500498,100353,2025-09-24,Russia,Haircare,15.93,2,0,False,31.86
500499,100354,2025-04-13,Russia,Haircare,13.02,2,5,False,24.74
500499,100354,2025-04-13,Russia,Skincare,17.83,2,0,False,35.66
500500,100354,2025-06-24,Russia,Makeup,24.81,1,0,False,24.81
500501,100354,2025-11-04,Russia,Wellness,10.52,1,5,False,9.99
500502,100355,2025-06-30,Kazakhstan,Haircare,16.47,2,0,False,32.94
500503,100355,2025-12-28,Kazakhstan,Fragrance,51.44,1,0,False,51.44
500504,100356,2025-08-22,USA,Skincare,13.09,2,0,False,26.18
500504,100356,2025-08-22,USA,Haircare,14.81,1,5,False,14.07
500504,100356,2025-08-22,USA,Skincare,25.25,1,0,False,25.25
500505,100358,2025-07-17,USA,Wellness,19.21,1,0,False,19.21
500506,100359,2024-03-16,Mexico,Haircare,10.8,1,0,False,10.8
500507,100359,2024-08-03,Mexico,Haircare,24.54,1,0,False,24.54
500507,100359,2024-08-03,Mexico,Makeup,8.79,1,0,False,8.79
500507,100359,2024-08-03,Mexico,Skincare,13.02,1,0,False,13.02
500508,100360,2025-09-07,Russia,Skincare,10.43,2,5,False,19.82
500508,100360,2025-09-07,Russia,Skincare,10.14,2,5,False,19.27
500509,100361,2025-09-03,Belarus,Wellness,14.49,2,0,False,28.98
500509,100361,2025-09-03,Belarus,Skincare,12.33,2,0,False,24.66
500509,100361,2025-09-03,Belarus,Skincare,12.87,2,5,False,24.45
500510,100362,2025-04-10,Russia,Wellness,19.88,1,5,False,18.89
500511,100363,2025-06-21,Russia,Wellness,7.44,1,0,False,7.44
500511,100363,2025-06-21,Russia,Fragrance,59.3,2,0,False,118.6
500511,100363,2025-06-21,Russia,Makeup,11.89,1,0,False,11.89
500512,100363,2025-10-15,Russia,Makeup,26.02,1,0,False,26.02
500513,100363,2025-11-09,Russia,Haircare,15.61,2,0,True,31.22
500514,100364,2025-05-11,USA,Haircare,22.1,2,0,False,44.2
500514,100364,2025-05-11,USA,Haircare,7.7,2,0,False,15.4
500514,100364,2025-05-11,USA,Skincare,31.34,1,5,False,29.77
500515,100365,2025-12-15,Russia,Makeup,24.13,2,5,False,45.85
500516,100366,2025-09-17,Russia,Haircare,13.47,1,0,False,13.47
500516,100366,2025-09-17,Russia,Makeup,20.56,1,0,False,20.56
500516,100366,2025-09-17,Russia,Fragrance,40.31,1,0,False,40.31
500517,100367,2024-12-16,Russia,Skincare,32.78,1,0,False,32.78
500517,100367,2024-12-16,Russia,Haircare,12.36,2,0,False,24.72
500518,100367,2025-12-14,Russia,Haircare,22.8,1,10,False,20.52
500518,100367,2025-12-14,Russia,Skincare,34.16,1,0,False,34.16
500519,100367,2025-12-20,Russia,Skincare,30.69,2,0,False,61.38
500520,100368,2025-06-30,Mexico,Skincare,27.15,1,0,False,27.15
500520,100368,2025-06-30,Mexico,Makeup,7.54,2,0,False,15.08
500521,100369,2025-09-05,Kazakhstan,Haircare,17.65,1,0,False,17.65
500522,100373,2024-01-21,Mexico,Makeup,22.04,2,5,False,41.88
500522,100373,2024-01-21,Mexico,Makeup,24.12,1,10,False,21.71
500522,100373,2024-01-21,Mexico,Fragrance,29.35,1,0,False,29.35
500523,100373,2025-03-17,Mexico,Fragrance,41.58,1,0,False,41.58
500524,100373,2025-05-13,Mexico,Wellness,14.38,2,5,False,27.32
500524,100373,2025-05-13,Mexico,Wellness,19.76,1,0,False,19.76
500525,100373,2025-06-19,Mexico,Fragrance,56.28,1,0,False,56.28
500526,100376,2024-06-22,Kazakhstan,Fragrance,36.17,1,0,False,36.17
500527,100377,2024-06-18,Mexico,Wellness,6.71,1,0,False,6.71
500527,100377,2024-06-18,Mexico,Haircare,7.47,2,0,False,14.94
500527,100377,2024-06-18,Mexico,Makeup,8.25,1,0,False,8.25
500528,100378,2025-04-18,USA,Makeup,22.92,2,0,False,45.84
500528,100378,2025-04-18,USA,Haircare,14.29,2,0,False,28.58
500528,100378,2025-04-18,USA,Makeup,10.61,2,0,False,21.22
500529,100378,2025-05-18,USA,Haircare,21.06,2,0,False,42.12
500529,100378,2025-05-18,USA,Fragrance,43.07,1,0,False,43.07
500529,100378,2025-05-18,USA,Skincare,10.86,1,0,False,10.86
500530,100378,2025-12-23,USA,Makeup,13.95,1,0,False,13.95
500530,100378,2025-12-23,USA,Wellness,18.5,1,0,False,18.5
500530,100378,2025-12-23,USA,Makeup,12.56,2,0,False,25.12
500531,100379,2024-07-02,Mexico,Makeup,24.75,1,5,False,23.51
500531,100379,2024-07-02,Mexico,Makeup,13.39,1,0,False,13.39
500531,100379,2024-07-02,Mexico,Wellness,15.36,2,0,False,30.72
500532,100380,2025-09-28,Russia,Wellness,17.28,1,10,False,15.55
500532,100380,2025-09-28,Russia,Makeup,15.27,1,0,False,15.27
500532,100380,2025-09-28,Russia,Fragrance,32.87,2,5,False,62.45
500533,100380,2025-11-28,Russia,Wellness,21.97,2,20,True,35.15
500534,100381,2024-05-05,Kazakhstan,Skincare,18.28,2,5,False,34.73
500535,100381,2024-05-13,Kazakhstan,Fragrance,34.27,2,0,False,68.54
500535,100381,2024-05-13,Kazakhstan,Wellness,21.3,2,0,False,42.6
500535,100381,2024-05-13,Kazakhstan,Fragrance,32.17,2,0,False,64.34
500536,100381,2024-09-04,Kazakhstan,Skincare,14.13,1,0,False,14.13
500536,100381,2024-09-04,Kazakhstan,Haircare,9.83,1,0,False,9.83
500537,100381,2025-04-11,Kazakhstan,Skincare,12.87,1,0,False,12.87
500537,100381,2025-04-11,Kazakhstan,Skincare,18.7,2,5,False,35.53
500537,100381,2025-04-11,Kazakhstan,Skincare,12.27,1,0,False,12.27
500538,100382,2025-10-13,Russia,Wellness,7.91,2,10,False,14.24
500539,100383,2025-01-14,Russia,Wellness,14.14,2,0,False,28.28
500539,100383,2025-01-14,Russia,Skincare,30.62,2,0,False,61.24
500539,100383,2025-01-14,Russia,Skincare,27.67,2,0,False,55.34
500540,100384,2024-06-12,Russia,Fragrance,17.68,1,0,False,17.68
500540,100384,2024-06-12,Russia,Makeup,17.51,2,0,False,35.02
500540,100384,2024-06-12,Russia,Makeup,7.69,2,5,False,14.61
500541,100384,2024-08-24,Russia,Haircare,20.31,2,0,False,40.62
500542,100385,2024-01-27,Russia,Makeup,10.12,1,0,False,10.12
500543,100386,2024-09-26,USA,Fragrance,52.97,1,0,False,52.97
500544,100386,2024-11-18,USA,Skincare,18.96,2,0,False,37.92
500544,100386,2024-11-18,USA,Haircare,24.76,2,0,False,49.52
500544,100386,2024-11-18,USA,Makeup,23.17,1,0,False,23.17
500545,100386,2024-12-29,USA,Wellness,7.34,1,10,False,6.61
500545,100386,2024-12-29,USA,Fragrance,46.3,1,0,False,46.3
500545,100386,2024-12-29,USA,Wellness,10.55,1,0,False,10.55
500546,100386,2025-07-28,USA,Makeup,13.2,1,0,False,13.2
500546,100386,2025-07-28,USA,Makeup,14.31,2,0,False,28.62
500547,100386,2025-09-06,USA,Makeup,9.0,2,5,False,17.1
500547,100386,2025-09-06,USA,Fragrance,15.62,2,5,False,29.68
500548,100386,2025-11-10,USA,Skincare,31.2,2,20,True,49.92
500549,100387,2025-03-10,Mexico,Fragrance,29.46,2,0,False,58.92
500550,100387,2025-03-24,Mexico,Haircare,11.77,2,0,False,23.54
500550,100387,2025-03-24,Mexico,Fragrance,18.14,1,0,False,18.14
500551,100388,2024-03-14,USA,Wellness,11.87,2,0,False,23.74
500551,100388,2024-03-14,USA,Haircare,14.6,1,0,False,14.6
500552,100389,2024-04-21,Mexico,Fragrance,42.34,2,5,False,80.45
500552,100389,2024-04-21,Mexico,Haircare,19.31,2,0,False,38.62
500553,100390,2024-03-17,Russia,Fragrance,20.61,1,0,False,20.61
500553,100390,2024-03-17,Russia,Wellness,8.52,1,0,False,8.52
500554,100390,2024-07-07,Russia,Wellness,12.74,1,0,False,12.74
500554,100390,2024-07-07,Russia,Wellness,15.66,1,5,False,14.88
500554,100390,2024-07-07,Russia,Fragrance,18.61,2,0,False,37.22
500555,100390,2024-09-18,Russia,Skincare,22.08,2,5,False,41.95
500556,100390,2024-10-21,Russia,Skincare,10.33,2,10,False,18.59
500556,100390,2024-10-21,Russia,Wellness,8.52,1,0,False,8.52
500556,100390,2024-10-21,Russia,Haircare,9.49,1,5,False,9.02
500557,100391,2025-08-24,Kazakhstan,Wellness,11.19,1,0,False,11.19
500558,100392,2024-02-29,Kazakhstan,Haircare,18.2,2,0,False,36.4
500558,100392,2024-02-29,Kazakhstan,Haircare,18.28,2,5,False,34.73
500559,100394,2024-11-01,Kazakhstan,Skincare,13.27,2,5,False,25.21
500559,100394,2024-11-01,Kazakhstan,Haircare,22.8,1,10,False,20.52
500560,100394,2024-11-05,Kazakhstan,Haircare,11.65,2,0,False,23.3
500560,100394,2024-11-05,Kazakhstan,Skincare,23.35,2,0,False,46.7
500560,100394,2024-11-05,Kazakhstan,Haircare,24.75,2,0,False,49.5
500561,100394,2024-11-21,Kazakhstan,Makeup,12.51,2,0,False,25.02
500561,100394,2024-11-21,Kazakhstan,Haircare,12.18,2,0,False,24.36
500562,100395,2024-07-27,Mexico,Makeup,7.41,2,0,False,14.82
500563,100395,2024-10-28,Mexico,Haircare,7.89,2,0,False,15.78
500564,100396,2025-01-16,Russia,Makeup,27.04,1,5,False,25.69
500564,100396,2025-01-16,Russia,Fragrance,16.91,2,0,False,33.82
500564,100396,2025-01-16,Russia,Wellness,21.62,2,0,False,43.24
500565,100398,2025-07-28,Kazakhstan,Haircare,15.65,2,0,False,31.3
500566,100398,2025-10-14,Kazakhstan,Makeup,9.73,2,0,False,19.46
500566,100398,2025-10-14,Kazakhstan,Wellness,15.15,1,0,False,15.15
500566,100398,2025-10-14,Kazakhstan,Fragrance,19.8,2,0,False,39.6
500567,100399,2024-12-26,Mexico,Wellness,21.42,2,0,False,42.84
500567,100399,2024-12-26,Mexico,Skincare,9.14,2,0,False,18.28
500568,100399,2025-05-24,Mexico,Wellness,16.16,1,0,False,16.16
500569,100401,2025-06-27,Mexico,Wellness,10.51,1,0,False,10.51
500569,100401,2025-06-27,Mexico,Skincare,24.67,2,5,False,46.87
500569,100401,2025-06-27,Mexico,Fragrance,55.84,1,0,False,55.84
500570,100402,2024-10-20,Russia,Makeup,17.43,1,5,False,16.56
500570,100402,2024-10-20,Russia,Skincare,19.79,1,0,False,19.79
500571,100403,2025-03-16,Russia,Skincare,23.53,2,0,False,47.06
500571,100403,2025-03-16,Russia,Skincare,11.36,1,0,False,11.36
500571,100403,2025-03-16,Russia,Haircare,13.62,2,0,False,27.24
500572,100404,2024-05-24,Russia,Makeup,27.65,1,10,False,24.88
500573,100404,2024-07-22,Russia,Skincare,18.95,1,0,False,18.95
500574,100405,2025-02-13,Russia,Wellness,11.18,2,0,False,22.36
500574,100405,2025-02-13,Russia,Haircare,19.28,2,0,False,38.56
500575,100406,2025-01-25,Mexico,Makeup,11.22,2,0,False,22.44
500576,100409,2025-01-29,Russia,Fragrance,58.94,1,5,False,55.99
500576,100409,2025-01-29,Russia,Makeup,8.75,2,0,False,17.5
500576,100409,2025-01-29,Russia,Haircare,16.1,1,0,False,16.1
500577,100411,2024-01-27,Mexico,Makeup,14.36,1,5,False,13.64
500577,100411,2024-01-27,Mexico,Skincare,12.76,2,5,False,24.24
500577,100411,2024-01-27,Mexico,Haircare,12.99,2,0,False,25.98
500578,100411,2024-03-08,Mexico,Skincare,15.15,1,0,True,15.15
500578,100411,2024-03-08,Mexico,Wellness,10.41,2,0,True,20.82
500578,100411,2024-03-08,Mexico,Fragrance,24.38,1,25,True,18.28
500579,100411,2024-08-02,Mexico,Makeup,24.3,2,0,False,48.6
500579,100411,2024-08-02,Mexico,Wellness,13.0,1,5,False,12.35
500580,100412,2024-06-07,USA,Fragrance,44.48,1,20,True,35.58
500581,100412,2024-07-21,USA,Makeup,13.03,1,0,False,13.03
500581,100412,2024-07-21,USA,Skincare,27.59,1,0,False,27.59
500582,100413,2025-06-21,Belarus,Fragrance,53.04,1,0,False,53.04
500583,100414,2024-11-09,Russia,Skincare,31.3,2,0,True,62.6
500583,100414,2024-11-09,Russia,Skincare,22.74,1,25,True,17.06
500583,100414,2024-11-09,Russia,Makeup,20.74,2,0,True,41.48
500584,100415,2025-10-05,Russia,Skincare,13.92,1,0,False,13.92
500585,100416,2025-08-26,Mexico,Wellness,20.38,1,5,False,19.36
500586,100416,2025-11-14,Mexico,Haircare,17.32,1,0,False,17.32
500586,100416,2025-11-14,Mexico,Fragrance,48.52,1,0,False,48.52
500586,100416,2025-11-14,Mexico,Fragrance,17.75,1,0,False,17.75
500587,100417,2025-11-05,USA,Skincare,34.37,1,0,False,34.37
500588,100418,2024-01-11,Russia,Skincare,28.47,2,10,False,51.25
500588,100418,2024-01-11,Russia,Skincare,34.2,2,0,False,68.4
500589,100418,2024-06-15,Russia,Skincare,18.93,2,0,False,37.86
500589,100418,2024-06-15,Russia,Wellness,6.33,2,0,False,12.66
500589,100418,2024-06-15,Russia,Skincare,29.62,2,5,False,56.28
500590,100419,2024-02-24,Russia,Wellness,6.06,2,5,False,11.51
500590,100419,2024-02-24,Russia,Haircare,11.71,1,0,False,11.71
500590,100419,2024-02-24,Russia,Fragrance,56.95,1,0,False,56.95
500591,100419,2024-04-17,Russia,Wellness,10.19,1,0,False,10.19
500592,100419,2024-05-15,Russia,Skincare,13.0,2,0,False,26.0
500592,100419,2024-05-15,Russia,Haircare,10.63,2,0,False,21.26
500592,100419,2024-05-15,Russia,Fragrance,36.59,2,0,False,73.18
500593,100421,2024-08-14,Russia,Fragrance,24.54,1,0,False,24.54
500594,100422,2025-12-05,USA,Makeup,14.13,1,5,False,13.42
500594,100422,2025-12-05,USA,Haircare,10.91,2,0,False,21.82
500595,100423,2024-08-01,Mexico,Skincare,27.92,1,0,False,27.92
500595,100423,2024-08-01,Mexico,Skincare,13.2,2,0,False,26.4
500595,100423,2024-08-01,Mexico,Wellness,17.07,2,0,False,34.14
500596,100423,2025-02-06,Mexico,Wellness,13.15,2,0,False,26.3
500596,100423,2025-02-06,Mexico,Makeup,20.58,1,5,False,19.55
500597,100424,2024-09-19,USA,Haircare,22.91,2,5,False,43.53
500597,100424,2024-09-19,USA,Skincare,25.06,2,0,False,50.12
500598,100425,2024-04-17,Russia,Wellness,9.86,2,0,False,19.72
500599,100425,2024-04-17,Russia,Makeup,21.85,2,5,False,41.52
500599,100425,2024-04-17,Russia,Wellness,20.8,1,5,False,19.76
500599,100425,2024-04-17,Russia,Wellness,15.63,1,0,False,15.63
500600,100425,2024-06-02,Russia,Makeup,26.23,2,10,True,47.21
500600,100425,2024-06-02,Russia,Wellness,21.16,1,0,True,21.16
500601,100426,2024-07-20,Russia,Makeup,21.72,1,0,False,21.72
500601,100426,2024-07-20,Russia,Wellness,15.43,1,0,False,15.43
500602,100426,2024-10-07,Russia,Haircare,19.52,2,0,False,39.04
500602,100426,2024-10-07,Russia,Fragrance,40.86,1,0,False,40.86
500603,100427,2025-02-23,Mexico,Skincare,22.42,2,0,False,44.84
500603,100427,2025-02-23,Mexico,Haircare,12.0,1,5,False,11.4
500604,100427,2025-06-16,Mexico,Wellness,20.81,1,0,False,20.81
500605,100427,2025-07-11,Mexico,Wellness,6.96,1,0,False,6.96
500605,100427,2025-07-11,Mexico,Makeup,20.69,2,5,False,39.31
500605,100427,2025-07-11,Mexico,Skincare,8.4,1,0,False,8.4
500606,100428,2024-03-25,Mexico,Wellness,15.75,1,5,False,14.96
500607,100429,2025-07-28,Russia,Skincare,32.37,1,0,False,32.37
500607,100429,2025-07-28,Russia,Wellness,15.06,1,5,False,14.31
500607,100429,2025-07-28,Russia,Skincare,31.12,1,10,False,28.01
500608,100430,2024-07-21,Kazakhstan,Fragrance,32.87,1,0,False,32.87
500608,100430,2024-07-21,Kazakhstan,Makeup,11.03,1,5,False,10.48
500609,100430,2024-08-21,Kazakhstan,Skincare,15.91,1,0,False,15.91
500609,100430,2024-08-21,Kazakhstan,Skincare,28.42,2,0,False,56.84
500609,100430,2024-08-21,Kazakhstan,Haircare,8.21,1,0,False,8.21
500610,100431,2024-07-29,Mexico,Skincare,31.61,1,5,False,30.03
500610,100431,2024-07-29,Mexico,Skincare,34.23,1,0,False,34.23
500611,100431,2024-11-01,Mexico,Wellness,21.46,2,0,False,42.92
500612,100431,2024-11-05,Mexico,Wellness,15.74,2,0,False,31.48
500612,100431,2024-11-05,Mexico,Makeup,16.68,1,0,False,16.68
500613,100431,2024-12-03,Mexico,Makeup,14.45,2,0,False,28.9
500613,100431,2024-12-03,Mexico,Fragrance,54.12,2,0,False,108.24
500614,100432,2025-03-20,Mexico,Wellness,7.18,2,0,False,14.36
500614,100432,2025-03-20,Mexico,Haircare,9.7,1,0,False,9.7
500615,100432,2025-04-08,Mexico,Fragrance,50.99,2,0,False,101.98
500615,100432,2025-04-08,Mexico,Wellness,17.37,2,0,False,34.74
500615,100432,2025-04-08,Mexico,Haircare,13.1,1,5,False,12.44
500616,100433,2025-08-01,Kazakhstan,Haircare,7.19,2,5,False,13.66
500616,100433,2025-08-01,Kazakhstan,Fragrance,38.45,1,0,False,38.45
500617,100434,2024-10-18,Russia,Fragrance,48.64,2,0,False,97.28
500617,100434,2024-10-18,Russia,Skincare,31.59,2,5,False,60.02
500617,100434,2024-10-18,Russia,Makeup,13.9,1,5,False,13.2
500618,100434,2025-06-05,Russia,Skincare,29.77,1,25,True,22.33
500619,100434,2025-12-08,Russia,Makeup,12.04,2,0,False,24.08
500620,100436,2024-07-23,Kazakhstan,Wellness,11.03,2,0,False,22.06
500620,100436,2024-07-23,Kazakhstan,Wellness,19.85,1,0,False,19.85
500621,100437,2024-03-27,Mexico,Skincare,20.15,2,5,False,38.28
500621,100437,2024-03-27,Mexico,Haircare,20.79,1,0,False,20.79
500622,100437,2024-07-21,Mexico,Skincare,25.46,2,0,False,50.92
500622,100437,2024-07-21,Mexico,Makeup,17.73,2,0,False,35.46
500623,100438,2025-07-09,Belarus,Fragrance,38.14,1,5,False,36.23
500623,100438,2025-07-09,Belarus,Haircare,11.72,1,0,False,11.72
500623,100438,2025-07-09,Belarus,Makeup,25.35,2,0,False,50.7
500624,100438,2025-10-20,Belarus,Haircare,12.97,2,0,False,25.94
500624,100438,2025-10-20,Belarus,Wellness,11.42,2,0,False,22.84
500625,100439,2025-10-09,Russia,Wellness,17.84,2,0,False,35.68
500626,100439,2025-10-30,Russia,Skincare,13.17,2,0,False,26.34
500626,100439,2025-10-30,Russia,Fragrance,56.7,2,5,False,107.73
500626,100439,2025-10-30,Russia,Skincare,29.42,2,0,False,58.84
500627,100439,2025-12-20,Russia,Haircare,21.65,1,0,False,21.65
500627,100439,2025-12-20,Russia,Haircare,16.3,2,10,False,29.34
500628,100440,2025-07-23,Russia,Skincare,17.6,1,0,False,17.6
500629,100441,2025-08-14,Russia,Fragrance,50.57,2,0,False,101.14
500629,100441,2025-08-14,Russia,Skincare,19.58,1,0,False,19.58
500629,100441,2025-08-14,Russia,Wellness,11.14,1,0,False,11.14
500630,100442,2024-11-29,Russia,Skincare,27.83,1,0,True,27.83
500630,100442,2024-11-29,Russia,Skincare,14.63,1,15,True,12.44
500631,100442,2025-12-18,Russia,Wellness,16.16,2,0,False,32.32
500632,100443,2024-05-12,Russia,Wellness,21.99,2,5,False,41.78
500632,100443,2024-05-12,Russia,Wellness,8.96,2,5,False,17.02
500632,100443,2024-05-12,Russia,Skincare,14.55,2,0,False,29.1
500633,100444,2025-01-26,Kazakhstan,Skincare,29.37,1,0,False,29.37
500634,100445,2025-01-19,Russia,Wellness,18.82,1,0,False,18.82
500635,100446,2024-09-15,Russia,Skincare,27.08,2,0,False,54.16
500636,100447,2025-03-03,Mexico,Fragrance,18.29,1,25,True,13.72
500636,100447,2025-03-03,Mexico,Skincare,11.69,2,20,True,18.7
500636,100447,2025-03-03,Mexico,Makeup,6.91,2,0,True,13.82
500637,100447,2025-05-05,Mexico,Wellness,13.95,2,5,False,26.5
500637,100447,2025-05-05,Mexico,Makeup,8.59,2,0,False,17.18
500638,100447,2025-06-28,Mexico,Makeup,25.77,2,0,False,51.54
500638,100447,2025-06-28,Mexico,Skincare,9.85,1,0,False,9.85
500638,100447,2025-06-28,Mexico,Haircare,17.15,1,5,False,16.29
500639,100448,2024-06-25,Russia,Wellness,8.93,2,0,False,17.86
500639,100448,2024-06-25,Russia,Fragrance,29.31,2,0,False,58.62
500640,100449,2025-06-03,Russia,Haircare,21.03,2,0,True,42.06
500640,100449,2025-06-03,Russia,Wellness,17.2,2,20,True,27.52
500641,100449,2025-10-08,Russia,Skincare,9.27,2,5,False,17.61
500641,100449,2025-10-08,Russia,Skincare,24.21,2,0,False,48.42
500642,100449,2025-11-19,Russia,Haircare,19.73,2,5,False,37.49
500643,100449,2025-12-24,Russia,Wellness,20.69,2,0,False,41.38
500643,100449,2025-12-24,Russia,Skincare,24.3,1,0,False,24.3
500644,100450,2025-06-15,Mexico,Skincare,30.48,1,0,False,30.48
500644,100450,2025-06-15,Mexico,Skincare,22.97,1,0,False,22.97
500645,100451,2024-03-05,Belarus,Haircare,13.5,2,15,True,22.95
500646,100451,2024-04-18,Belarus,Makeup,14.0,1,0,False,14.0
500646,100451,2024-04-18,Belarus,Skincare,16.35,1,5,False,15.53
500646,100451,2024-04-18,Belarus,Haircare,20.77,1,0,False,20.77
500647,100452,2024-12-14,Kazakhstan,Skincare,16.33,2,0,False,32.66
500647,100452,2024-12-14,Kazakhstan,Wellness,19.35,2,0,False,38.7
500648,100452,2024-12-16,Kazakhstan,Makeup,10.22,1,0,False,10.22
500648,100452,2024-12-16,Kazakhstan,Wellness,21.77,2,0,False,43.54
500649,100452,2024-12-27,Kazakhstan,Fragrance,31.02,2,0,False,62.04
500649,100452,2024-12-27,Kazakhstan,Haircare,21.09,2,0,False,42.18
500650,100452,2025-01-02,Kazakhstan,Fragrance,26.88,1,5,False,25.54
500650,100452,2025-01-02,Kazakhstan,Skincare,26.34,1,0,False,26.34
500650,100452,2025-01-02,Kazakhstan,Fragrance,19.12,2,5,False,36.33
500651,100452,2025-04-12,Kazakhstan,Skincare,15.87,2,0,False,31.74
500651,100452,2025-04-12,Kazakhstan,Makeup,17.83,2,0,False,35.66
500652,100452,2025-06-01,Kazakhstan,Wellness,15.44,1,15,True,13.12
500652,100452,2025-06-01,Kazakhstan,Fragrance,56.62,1,15,True,48.13
500652,100452,2025-06-01,Kazakhstan,Haircare,21.82,1,0,True,21.82
500653,100453,2025-03-18,Russia,Fragrance,30.95,2,0,False,61.9
500654,100453,2025-07-24,Russia,Haircare,15.14,1,0,False,15.14
500654,100453,2025-07-24,Russia,Haircare,12.02,2,0,False,24.04
500654,100453,2025-07-24,Russia,Makeup,7.03,1,0,False,7.03
500655,100454,2024-02-04,Belarus,Wellness,10.77,1,0,False,10.77
500655,100454,2024-02-04,Belarus,Wellness,11.99,2,5,False,22.78
500655,100454,2024-02-04,Belarus,Skincare,34.63,2,5,False,65.8
500656,100454,2024-06-11,Belarus,Wellness,11.6,1,0,False,11.6
500657,100458,2025-04-04,Russia,Makeup,19.91,2,0,False,39.82
500657,100458,2025-04-04,Russia,Makeup,8.58,2,10,False,15.44
500658,100459,2025-06-22,Russia,Skincare,21.91,1,0,False,21.91
500659,100459,2025-09-03,Russia,Wellness,11.72,2,0,False,23.44
500660,100460,2024-11-22,USA,Makeup,27.89,1,0,False,27.89
500660,100460,2024-11-22,USA,Wellness,21.2,1,0,False,21.2
500660,100460,2024-11-22,USA,Haircare,7.3,2,0,False,14.6
500661,100461,2024-08-07,Russia,Makeup,20.43,1,0,False,20.43
500661,100461,2024-08-07,Russia,Fragrance,27.36,2,0,False,54.72
500662,100462,2024-07-02,Mexico,Wellness,7.75,2,5,False,14.72
500662,100462,2024-07-02,Mexico,Haircare,12.0,2,0,False,24.0
500662,100462,2024-07-02,Mexico,Makeup,18.49,1,5,False,17.57
500663,100463,2025-04-28,USA,Fragrance,55.92,1,0,False,55.92
500663,100463,2025-04-28,USA,Skincare,31.39,2,0,False,62.78
500664,100464,2024-07-29,Mexico,Skincare,20.04,2,5,False,38.08
500664,100464,2024-07-29,Mexico,Skincare,15.47,2,5,False,29.39
500665,100465,2025-08-04,USA,Haircare,16.7,2,0,False,33.4
500666,100466,2024-11-08,Kazakhstan,Makeup,23.34,1,0,True,23.34
500666,100466,2024-11-08,Kazakhstan,Wellness,20.36,2,0,True,40.72
500667,100466,2025-01-06,Kazakhstan,Makeup,16.65,2,0,False,33.3
500667,100466,2025-01-06,Kazakhstan,Wellness,12.88,2,0,False,25.76
500667,100466,2025-01-06,Kazakhstan,Wellness,20.81,2,0,False,41.62
500668,100468,2024-04-02,Kazakhstan,Fragrance,46.71,2,0,False,93.42
500668,100468,2024-04-02,Kazakhstan,Fragrance,48.46,2,0,False,96.92
500669,100469,2024-06-19,Russia,Fragrance,58.28,2,0,False,116.56
500670,100469,2024-06-22,Russia,Skincare,31.09,2,5,False,59.07
500670,100469,2024-06-22,Russia,Wellness,14.72,1,0,False,14.72
500671,100469,2024-09-12,Russia,Skincare,15.7,2,0,False,31.4
500671,100469,2024-09-12,Russia,Haircare,9.73,2,0,False,19.46
500672,100470,2024-08-20,Kazakhstan,Fragrance,53.71,2,10,False,96.68
500672,100470,2024-08-20,Kazakhstan,Fragrance,21.71,2,0,False,43.42
500673,100470,2024-11-10,Kazakhstan,Wellness,13.49,1,10,True,12.14
500674,100470,2025-02-27,Kazakhstan,Fragrance,42.27,2,0,False,84.54
500674,100470,2025-02-27,Kazakhstan,Skincare,23.86,1,0,False,23.86
500675,100472,2024-11-25,Mexico,Makeup,7.69,1,0,True,7.69
500675,100472,2024-11-25,Mexico,Wellness,15.66,1,0,True,15.66
500676,100472,2025-01-24,Mexico,Skincare,29.21,1,0,False,29.21
500676,100472,2025-01-24,Mexico,Makeup,11.11,1,5,False,10.55
500676,100472,2025-01-24,Mexico,Skincare,26.02,2,10,False,46.84
500677,100474,2025-03-19,Russia,Makeup,21.22,1,0,False,21.22
500678,100474,2025-06-01,Russia,Skincare,22.89,2,0,True,45.78
500678,100474,2025-06-01,Russia,Wellness,8.25,1,0,True,8.25
500679,100474,2025-12-16,Russia,Fragrance,46.63,1,0,False,46.63
500679,100474,2025-12-16,Russia,Skincare,8.82,2,0,False,17.64
500680,100475,2024-05-23,Russia,Skincare,25.5,1,0,False,25.5
500681,100475,2025-02-15,Russia,Makeup,23.6,1,0,False,23.6
500681,100475,2025-02-15,Russia,Skincare,34.93,1,10,False,31.44
500682,100475,2025-02-20,Russia,Wellness,7.48,1,0,False,7.48
500683,100475,2025-04-20,Russia,Makeup,8.03,2,0,False,16.06
500683,100475,2025-04-20,Russia,Skincare,14.03,2,10,False,25.25
500684,100476,2024-04-20,Kazakhstan,Fragrance,37.34,2,0,False,74.68
500685,100476,2024-04-26,Kazakhstan,Wellness,21.62,1,0,False,21.62
500685,100476,2024-04-26,Kazakhstan,Makeup,15.49,1,0,False,15.49
500686,100477,2025-01-12,Kazakhstan,Wellness,14.98,1,5,False,14.23
500687,100478,2025-02-28,USA,Skincare,23.44,1,0,False,23.44
500688,100478,2025-11-13,USA,Fragrance,51.41,1,0,False,51.41
500688,100478,2025-11-13,USA,Makeup,14.01,1,5,False,13.31
500689,100480,2025-08-23,USA,Skincare,16.84,2,0,False,33.68
500689,100480,2025-08-23,USA,Fragrance,31.92,2,0,False,63.84
500690,100480,2025-12-19,USA,Skincare,27.09,2,5,False,51.47
500691,100481,2024-09-11,Mexico,Haircare,23.11,1,5,False,21.95
500691,100481,2024-09-11,Mexico,Makeup,25.7,1,0,False,25.7
500691,100481,2024-09-11,Mexico,Wellness,9.8,2,0,False,19.6
500692,100482,2024-04-18,Mexico,Makeup,11.87,1,0,False,11.87
500692,100482,2024-04-18,Mexico,Wellness,20.44,1,0,False,20.44
500693,100482,2024-12-02,Mexico,Fragrance,47.17,1,0,False,47.17
500694,100484,2025-08-13,Russia,Haircare,13.14,1,0,False,13.14
500695,100484,2025-10-04,Russia,Fragrance,54.94,2,0,False,109.88
500695,100484,2025-10-04,Russia,Makeup,26.07,1,0,False,26.07
500695,100484,2025-10-04,Russia,Makeup,21.42,2,0,False,42.84
500696,100485,2024-11-01,Russia,Makeup,21.13,2,0,False,42.26
500697,100485,2024-11-12,Russia,Makeup,17.78,1,0,True,17.78
500698,100486,2025-10-27,Mexico,Skincare,26.08,2,0,False,52.16
500698,100486,2025-10-27,Mexico,Makeup,9.95,2,5,False,18.9
500698,100486,2025-10-27,Mexico,Haircare,16.08,2,0,False,32.16
500699,100490,2025-01-30,Russia,Haircare,13.37,2,0,False,26.74
500699,100490,2025-01-30,Russia,Makeup,21.74,2,0,False,43.48
500700,100491,2024-11-26,Mexico,Fragrance,23.98,2,0,True,47.96
500700,100491,2024-11-26,Mexico,Makeup,23.77,2,0,True,47.54
500700,100491,2024-11-26,Mexico,Wellness,10.84,2,0,True,21.68
500701,100492,2025-07-19,Russia,Wellness,6.72,1,0,False,6.72
500701,100492,2025-07-19,Russia,Wellness,6.96,1,10,False,6.26
500701,100492,2025-07-19,Russia,Wellness,11.37,2,0,False,22.74
500702,100494,2024-05-08,USA,Wellness,18.46,1,10,False,16.61
500703,100494,2024-06-28,USA,Fragrance,17.54,2,5,False,33.33
500704,100495,2025-03-19,USA,Haircare,18.83,1,0,False,18.83
500704,100495,2025-03-19,USA,Makeup,21.54,1,0,False,21.54
500705,100496,2025-03-31,Mexico,Fragrance,49.79,2,0,False,99.58
500705,100496,2025-03-31,Mexico,Skincare,31.94,2,0,False,63.88
500706,100497,2025-07-10,Belarus,Fragrance,59.18,2,0,False,118.36
500707,100498,2024-12-17,Russia,Skincare,29.38,1,5,False,27.91
500707,100498,2024-12-17,Russia,Fragrance,28.51,2,0,False,57.02
500707,100498,2024-12-17,Russia,Haircare,19.93,2,5,False,37.87
500708,100498,2025-09-10,Russia,Haircare,8.68,2,0,False,17.36
500708,100498,2025-09-10,Russia,Skincare,28.89,2,0,False,57.78
500708,100498,2025-09-10,Russia,Wellness,10.89,1,0,False,10.89
500709,100502,2025-03-20,Russia,Skincare,18.12,2,0,False,36.24
500709,100502,2025-03-20,Russia,Wellness,21.59,2,0,False,43.18
500709,100502,2025-03-20,Russia,Skincare,17.35,1,0,False,17.35
500710,100503,2024-12-27,Russia,Skincare,11.06,1,0,False,11.06
500710,100503,2024-12-27,Russia,Wellness,14.8,2,0,False,29.6
500711,100506,2025-04-21,Russia,Fragrance,59.67,2,10,False,107.41
500711,100506,2025-04-21,Russia,Fragrance,56.85,2,0,False,113.7
500712,100507,2024-06-14,Kazakhstan,Wellness,6.7,1,0,False,6.7
500712,100507,2024-06-14,Kazakhstan,Makeup,19.44,2,0,False,38.88
500712,100507,2024-06-14,Kazakhstan,Wellness,9.99,1,0,False,9.99
500713,100509,2024-08-09,Russia,Wellness,10.45,2,0,False,20.9
500713,100509,2024-08-09,Russia,Fragrance,48.7,1,5,False,46.26
500713,100509,2024-08-09,Russia,Skincare,32.01,2,5,False,60.82
500714,100510,2025-07-25,Kazakhstan,Haircare,10.95,1,0,False,10.95
500714,100510,2025-07-25,Kazakhstan,Makeup,15.11,1,0,False,15.11
500715,100511,2024-11-02,Russia,Makeup,6.66,2,0,False,13.32
500716,100511,2025-03-15,Russia,Fragrance,56.89,2,0,False,113.78
500717,100511,2025-08-06,Russia,Haircare,24.94,1,0,False,24.94
500718,100511,2025-12-01,Russia,Haircare,15.01,1,0,False,15.01
500718,100511,2025-12-01,Russia,Makeup,24.54,2,0,False,49.08
500719,100511,2025-12-26,Russia,Fragrance,44.01,2,10,False,79.22
500719,100511,2025-12-26,Russia,Makeup,7.34,1,0,False,7.34
500719,100511,2025-12-26,Russia,Skincare,28.48,2,5,False,54.11
500720,100512,2025-02-02,Russia,Skincare,32.53,2,5,False,61.81
500721,100514,2025-03-03,Kazakhstan,Wellness,19.3,2,0,True,38.6
500722,100514,2025-07-13,Kazakhstan,Makeup,13.51,1,5,False,12.83
500723,100514,2025-10-12,Kazakhstan,Haircare,17.89,2,0,False,35.78
500724,100515,2025-05-19,Russia,Makeup,22.89,1,5,False,21.75
500724,100515,2025-05-19,Russia,Makeup,23.6,1,0,False,23.6
500725,100516,2025-06-01,Mexico,Skincare,19.26,1,0,True,19.26
500726,100516,2025-11-09,Mexico,Makeup,26.31,2,0,True,52.62
500726,100516,2025-11-09,Mexico,Makeup,9.37,2,0,True,18.74
500727,100516,2025-12-08,Mexico,Haircare,13.59,2,0,False,27.18
500727,100516,2025-12-08,Mexico,Wellness,9.43,1,0,False,9.43
500727,100516,2025-12-08,Mexico,Fragrance,37.19,2,0,False,74.38
500728,100516,2025-12-15,Mexico,Makeup,23.59,1,0,False,23.59
500728,100516,2025-12-15,Mexico,Fragrance,59.71,1,0,False,59.71
500729,100517,2025-06-09,Kazakhstan,Wellness,14.11,1,0,False,14.11
500730,100517,2025-09-07,Kazakhstan,Fragrance,16.43,1,0,False,16.43
500730,100517,2025-09-07,Kazakhstan,Haircare,7.9,1,5,False,7.5
500731,100517,2025-10-04,Kazakhstan,Skincare,17.14,1,0,False,17.14
500732,100518,2025-08-10,Kazakhstan,Wellness,15.6,1,10,False,14.04
500733,100519,2024-07-19,Mexico,Skincare,34.45,2,0,False,68.9
500734,100520,2024-04-30,Mexico,Fragrance,19.63,2,0,False,39.26
500734,100520,2024-04-30,Mexico,Fragrance,47.73,2,0,False,95.46
500735,100521,2024-02-21,USA,Haircare,10.62,2,0,False,21.24
500736,100522,2024-05-13,Mexico,Makeup,15.46,2,0,False,30.92
500736,100522,2024-05-13,Mexico,Makeup,19.18,1,0,False,19.18
500736,100522,2024-05-13,Mexico,Wellness,9.71,1,0,False,9.71
500737,100523,2025-06-15,Mexico,Fragrance,56.7,1,0,False,56.7
500738,100525,2024-03-28,Russia,Haircare,16.51,2,0,False,33.02
500739,100526,2024-12-02,Mexico,Makeup,20.31,1,0,False,20.31
500740,100526,2025-05-24,Mexico,Haircare,22.54,2,0,False,45.08
500741,100528,2025-07-19,Russia,Haircare,16.53,2,0,False,33.06
500741,100528,2025-07-19,Russia,Skincare,29.23,1,0,False,29.23
500741,100528,2025-07-19,Russia,Skincare,14.67,1,0,False,14.67
500742,100529,2024-03-28,Russia,Fragrance,41.1,1,0,False,41.1
500742,100529,2024-03-28,Russia,Haircare,17.9,2,0,False,35.8
500742,100529,2024-03-28,Russia,Fragrance,52.67,2,5,False,100.07
500743,100530,2025-03-05,Kazakhstan,Haircare,8.46,1,25,True,6.35
500743,100530,2025-03-05,Kazakhstan,Haircare,22.9,2,10,True,41.22
500744,100531,2024-02-24,Russia,Skincare,24.7,1,0,False,24.7
500744,100531,2024-02-24,Russia,Wellness,18.09,2,5,False,34.37
500745,100532,2025-08-06,Mexico,Wellness,8.22,1,0,False,8.22
500746,100534,2025-05-05,Mexico,Wellness,9.2,1,0,False,9.2
500747,100535,2024-06-29,Russia,Haircare,15.58,2,5,False,29.6
500748,100535,2024-08-20,Russia,Fragrance,46.23,1,0,False,46.23
500749,100535,2024-09-03,Russia,Fragrance,26.36,1,0,False,26.36
500750,100535,2025-03-20,Russia,Fragrance,58.58,1,5,False,55.65
500751,100536,2025-07-18,Mexico,Makeup,8.24,2,0,False,16.48
500752,100537,2024-07-24,Mexico,Makeup,18.09,2,5,False,34.37
500752,100537,2024-07-24,Mexico,Haircare,16.37,2,0,False,32.74
500752,100537,2024-07-24,Mexico,Skincare,34.1,2,5,False,64.79
500753,100537,2024-08-30,Mexico,Wellness,18.79,2,0,False,37.58
500754,100538,2025-05-20,Russia,Haircare,12.14,2,5,False,23.07
500755,100538,2025-12-10,Russia,Haircare,24.95,2,0,False,49.9
500756,100540,2024-11-21,Russia,Skincare,30.11,2,0,False,60.22
500756,100540,2024-11-21,Russia,Wellness,18.4,2,0,False,36.8
500756,100540,2024-11-21,Russia,Fragrance,51.14,2,0,False,102.28
500757,100540,2024-11-25,Russia,Makeup,21.73,1,0,True,21.73
500757,100540,2024-11-25,Russia,Makeup,6.25,1,0,True,6.25
500757,100540,2024-11-25,Russia,Makeup,6.98,2,0,True,13.96
500758,100540,2025-01-14,Russia,Haircare,21.0,1,0,False,21.0
500759,100542,2025-08-23,Russia,Makeup,13.25,2,0,False,26.5
500759,100542,2025-08-23,Russia,Fragrance,17.81,2,0,False,35.62
500759,100542,2025-08-23,Russia,Fragrance,40.22,1,0,False,40.22
500760,100543,2024-05-05,Belarus,Wellness,12.0,2,0,False,24.0
500761,100543,2024-10-10,Belarus,Wellness,17.27,1,0,False,17.27
500761,100543,2024-10-10,Belarus,Makeup,25.91,1,5,False,24.61
500761,100543,2024-10-10,Belarus,Fragrance,28.42,2,0,False,56.84
500762,100544,2025-01-23,Russia,Haircare,21.78,1,0,False,21.78
500762,100544,2025-01-23,Russia,Skincare,18.93,1,0,False,18.93
500762,100544,2025-01-23,Russia,Makeup,14.9,1,0,False,14.9
500763,100545,2024-10-18,Mexico,Fragrance,32.13,2,0,False,64.26
500763,100545,2024-10-18,Mexico,Wellness,8.49,2,0,False,16.98
500763,100545,2024-10-18,Mexico,Wellness,21.53,2,10,False,38.75
500764,100546,2024-05-01,Belarus,Wellness,19.76,2,0,False,39.52
500765,100547,2025-08-15,Mexico,Skincare,10.4,2,0,False,20.8
500766,100548,2025-08-03,Russia,Fragrance,16.5,1,0,False,16.5
500767,100548,2025-12-25,Russia,Fragrance,57.08,1,5,False,54.23
500767,100548,2025-12-25,Russia,Skincare,17.98,1,0,False,17.98
500767,100548,2025-12-25,Russia,Makeup,6.9,1,5,False,6.56
500768,100549,2024-09-08,Mexico,Skincare,11.94,1,0,False,11.94
500769,100550,2024-07-25,Mexico,Haircare,7.37,1,5,False,7.0
500770,100550,2025-07-02,Mexico,Makeup,25.27,2,5,False,48.01
500770,100550,2025-07-02,Mexico,Haircare,16.14,2,0,False,32.28
500771,100555,2025-05-02,Russia,Haircare,7.22,1,0,False,7.22
500771,100555,2025-05-02,Russia,Makeup,11.94,1,0,False,11.94
500772,100557,2025-06-04,Kazakhstan,Wellness,15.44,2,20,True,24.7
500772,100557,2025-06-04,Kazakhstan,Haircare,15.31,2,0,True,30.62
500772,100557,2025-06-04,Kazakhstan,Skincare,20.12,2,15,True,34.2
500773,100558,2024-12-23,Kazakhstan,Makeup,24.57,2,0,False,49.14
500774,100559,2025-10-07,Russia,Wellness,20.55,2,0,False,41.1
500775,100560,2025-07-23,Russia,Skincare,19.3,1,0,False,19.3
500775,100560,2025-07-23,Russia,Wellness,8.55,1,0,False,8.55
500776,100560,2025-10-11,Russia,Wellness,14.45,2,0,False,28.9
500776,100560,2025-10-11,Russia,Wellness,22.0,1,0,False,22.0
500776,100560,2025-10-11,Russia,Fragrance,50.5,1,5,False,47.97
500777,100560,2025-12-28,Russia,Haircare,24.22,2,0,False,48.44
500777,100560,2025-12-28,Russia,Skincare,11.39,2,0,False,22.78
500777,100560,2025-12-28,Russia,Fragrance,29.99,2,0,False,59.98
500778,100561,2025-03-27,Russia,Skincare,13.66,1,0,False,13.66
500779,100561,2025-05-12,Russia,Skincare,32.04,2,0,False,64.08
500779,100561,2025-05-12,Russia,Fragrance,16.31,1,0,False,16.31
500779,100561,2025-05-12,Russia,Fragrance,20.61,2,0,False,41.22
500780,100562,2024-08-11,Mexico,Fragrance,58.31,1,0,False,58.31
500780,100562,2024-08-11,Mexico,Skincare,31.81,1,5,False,30.22
500781,100563,2024-09-05,Kazakhstan,Wellness,13.86,1,0,False,13.86
500781,100563,2024-09-05,Kazakhstan,Skincare,9.2,1,0,False,9.2
500782,100564,2025-04-30,Russia,Wellness,11.71,2,5,False,22.25
500782,100564,2025-04-30,Russia,Haircare,23.07,1,10,False,20.76
500782,100564,2025-04-30,Russia,Haircare,16.9,1,0,False,16.9
500783,100565,2024-02-13,Kazakhstan,Skincare,27.12,2,5,False,51.53
500783,100565,2024-02-13,Kazakhstan,Skincare,30.46,2,0,False,60.92
500784,100566,2024-06-03,Russia,Haircare,9.18,2,0,True,18.36
500785,100567,2024-12-13,Russia,Wellness,11.09,2,0,False,22.18
500785,100567,2024-12-13,Russia,Skincare,18.34,1,0,False,18.34
500786,100567,2025-04-21,Russia,Fragrance,35.01,2,0,False,70.02
500786,100567,2025-04-21,Russia,Haircare,23.38,1,5,False,22.21
500787,100568,2025-09-23,USA,Haircare,10.09,2,10,False,18.16
500787,100568,2025-09-23,USA,Fragrance,36.51,2,5,False,69.37
500787,100568,2025-09-23,USA,Makeup,6.42,2,0,False,12.84
500788,100570,2025-06-30,Belarus,Fragrance,58.83,1,0,False,58.83
500788,100570,2025-06-30,Belarus,Haircare,12.96,1,0,False,12.96
500788,100570,2025-06-30,Belarus,Haircare,15.83,1,10,False,14.25
500789,100570,2025-07-06,Belarus,Skincare,18.45,2,10,False,33.21
500789,100570,2025-07-06,Belarus,Fragrance,29.56,2,0,False,59.12
500790,100571,2024-05-07,Russia,Fragrance,57.83,1,0,False,57.83
500790,100571,2024-05-07,Russia,Skincare,22.97,2,0,False,45.94
500791,100572,2024-07-06,Russia,Makeup,23.4,2,0,False,46.8
500792,100572,2025-02-07,Russia,Makeup,14.55,2,0,False,29.1
500792,100572,2025-02-07,Russia,Fragrance,18.39,1,0,False,18.39
500792,100572,2025-02-07,Russia,Fragrance,58.82,2,0,False,117.64
500793,100572,2025-10-11,Russia,Skincare,15.35,1,0,False,15.35
500794,100572,2025-11-10,Russia,Fragrance,45.15,1,0,True,45.15
500795,100572,2025-12-24,Russia,Haircare,21.03,2,0,False,42.06
500795,100572,2025-12-24,Russia,Fragrance,57.15,1,0,False,57.15
500795,100572,2025-12-24,Russia,Makeup,26.44,2,0,False,52.88
500796,100573,2024-06-27,USA,Haircare,9.7,1,0,False,9.7
500797,100574,2025-05-17,USA,Fragrance,54.81,1,0,False,54.81
500797,100574,2025-05-17,USA,Skincare,12.79,2,0,False,25.58
500798,100575,2024-12-25,Russia,Fragrance,59.64,1,0,False,59.64
500799,100575,2025-02-04,Russia,Makeup,24.26,1,0,False,24.26
500800,100577,2025-05-16,Russia,Wellness,8.21,2,0,False,16.42
500800,100577,2025-05-16,Russia,Wellness,20.31,2,5,False,38.59
500801,100578,2025-03-03,Russia,Makeup,10.3,2,15,True,17.51
500801,100578,2025-03-03,Russia,Makeup,13.66,2,0,True,27.32
500802,100580,2025-01-09,Mexico,Fragrance,23.54,1,0,False,23.54
500802,100580,2025-01-09,Mexico,Skincare,20.11,1,10,False,18.1
500802,100580,2025-01-09,Mexico,Skincare,34.8,2,0,False,69.6
500803,100580,2025-11-12,Mexico,Makeup,12.44,2,0,True,24.88
500803,100580,2025-11-12,Mexico,Skincare,34.26,1,0,True,34.26
500803,100580,2025-11-12,Mexico,Fragrance,49.28,2,0,True,98.56
500804,100582,2025-08-18,Mexico,Wellness,9.42,2,0,False,18.84
500805,100583,2024-05-23,Russia,Fragrance,57.14,2,5,False,108.57
500805,100583,2024-05-23,Russia,Makeup,21.88,1,0,False,21.88
500805,100583,2024-05-23,Russia,Fragrance,25.93,2,0,False,51.86
500806,100584,2024-02-26,Russia,Haircare,7.15,2,0,False,14.3
500807,100584,2024-03-08,Russia,Haircare,22.88,1,20,True,18.3
500807,100584,2024-03-08,Russia,Fragrance,44.79,1,0,True,44.79
500807,100584,2024-03-08,Russia,Wellness,18.11,2,0,True,36.22
500808,100585,2025-06-19,Kazakhstan,Haircare,15.19,2,5,False,28.86
500808,100585,2025-06-19,Kazakhstan,Haircare,20.1,1,10,False,18.09
500809,100588,2024-07-08,Kazakhstan,Wellness,7.2,2,0,False,14.4
500810,100588,2024-10-01,Kazakhstan,Haircare,16.59,1,0,False,16.59
500810,100588,2024-10-01,Kazakhstan,Skincare,27.82,1,0,False,27.82
500810,100588,2024-10-01,Kazakhstan,Skincare,13.25,2,0,False,26.5
500811,100589,2025-04-28,USA,Makeup,12.98,2,0,False,25.96
500811,100589,2025-04-28,USA,Haircare,14.95,1,0,False,14.95
500811,100589,2025-04-28,USA,Skincare,33.2,2,0,False,66.4
500812,100589,2025-08-06,USA,Makeup,20.93,2,0,False,41.86
500812,100589,2025-08-06,USA,Wellness,9.23,1,0,False,9.23
500812,100589,2025-08-06,USA,Skincare,28.66,1,0,False,28.66
500813,100590,2024-09-28,Russia,Skincare,20.06,1,0,False,20.06
500813,100590,2024-09-28,Russia,Fragrance,25.52,2,0,False,51.04
500813,100590,2024-09-28,Russia,Skincare,19.02,1,10,False,17.12
500814,100590,2024-11-29,Russia,Skincare,26.31,1,0,True,26.31
500814,100590,2024-11-29,Russia,Haircare,18.13,1,15,True,15.41
500815,100590,2025-03-21,Russia,Makeup,26.78,2,0,False,53.56
500816,100590,2025-05-22,Russia,Makeup,26.51,1,5,False,25.18
500817,100591,2025-10-29,Russia,Wellness,18.02,2,0,False,36.04
500818,100592,2025-03-02,Russia,Haircare,9.8,1,0,False,9.8
500819,100592,2025-03-05,Russia,Makeup,16.19,1,0,True,16.19
500819,100592,2025-03-05,Russia,Wellness,12.94,2,15,True,22.0
500820,100592,2025-07-07,Russia,Haircare,16.16,1,0,False,16.16
500820,100592,2025-07-07,Russia,Makeup,24.57,2,5,False,46.68
500821,100592,2025-07-21,Russia,Fragrance,40.4,2,0,False,80.8
500821,100592,2025-07-21,Russia,Wellness,8.09,1,0,False,8.09
500822,100592,2025-07-22,Russia,Skincare,19.46,2,0,False,38.92
500823,100592,2025-12-14,Russia,Skincare,16.77,1,0,False,16.77
500823,100592,2025-12-14,Russia,Wellness,6.84,2,0,False,13.68
500824,100593,2025-09-21,USA,Wellness,20.9,1,0,False,20.9
500824,100593,2025-09-21,USA,Makeup,25.05,1,0,False,25.05
500825,100594,2025-06-15,Russia,Skincare,30.01,2,0,False,60.02
500825,100594,2025-06-15,Russia,Haircare,20.37,2,5,False,38.7
500825,100594,2025-06-15,Russia,Skincare,18.96,1,0,False,18.96
500826,100594,2025-08-13,Russia,Wellness,12.27,2,0,False,24.54
500827,100596,2024-02-28,Kazakhstan,Makeup,9.94,1,0,False,9.94
500827,100596,2024-02-28,Kazakhstan,Wellness,12.24,1,0,False,12.24
500828,100596,2024-03-10,Kazakhstan,Skincare,26.17,2,0,False,52.34
500829,100597,2025-06-04,Mexico,Wellness,20.74,1,20,True,16.59
500829,100597,2025-06-04,Mexico,Haircare,11.45,2,0,True,22.9
500830,100597,2025-06-13,Mexico,Skincare,11.65,1,0,False,11.65
500830,100597,2025-06-13,Mexico,Fragrance,35.76,2,0,False,71.52
500830,100597,2025-06-13,Mexico,Fragrance,49.89,1,0,False,49.89
500831,100599,2024-09-21,Mexico,Skincare,8.24,1,5,False,7.83
500831,100599,2024-09-21,Mexico,Fragrance,46.34,2,0,False,92.68
500832,100601,2025-03-05,Mexico,Makeup,20.57,2,20,True,32.91
500833,100602,2024-05-12,Russia,Wellness,15.23,1,0,False,15.23
500833,100602,2024-05-12,Russia,Makeup,19.84,2,0,False,39.68
500833,100602,2024-05-12,Russia,Makeup,20.3,2,0,False,40.6
500834,100603,2024-05-03,USA,Wellness,13.27,2,0,False,26.54
500834,100603,2024-05-03,USA,Makeup,7.56,1,10,False,6.8
500835,100603,2024-06-04,USA,Wellness,15.77,2,0,True,31.54
500835,100603,2024-06-04,USA,Wellness,21.3,1,0,True,21.3
500835,100603,2024-06-04,USA,Haircare,15.83,2,10,True,28.49
500836,100604,2025-08-08,Russia,Makeup,7.55,2,0,False,15.1
500836,100604,2025-08-08,Russia,Fragrance,58.58,1,0,False,58.58
500836,100604,2025-08-08,Russia,Fragrance,56.8,2,0,False,113.6
500837,100607,2025-05-22,Russia,Haircare,7.77,1,0,False,7.77
500837,100607,2025-05-22,Russia,Fragrance,46.86,1,0,False,46.86
500837,100607,2025-05-22,Russia,Fragrance,57.69,2,0,False,115.38
500838,100608,2024-08-04,Russia,Haircare,9.17,2,0,False,18.34
500838,100608,2024-08-04,Russia,Wellness,20.64,1,0,False,20.64
500838,100608,2024-08-04,Russia,Fragrance,42.75,1,0,False,42.75
500839,100609,2025-04-28,Belarus,Makeup,15.81,1,10,False,14.23
500840,100609,2025-10-14,Belarus,Wellness,19.93,1,5,False,18.93
500841,100610,2024-05-17,Kazakhstan,Wellness,13.43,2,0,False,26.86
500842,100610,2025-08-04,Kazakhstan,Haircare,17.95,2,0,False,35.9
500842,100610,2025-08-04,Kazakhstan,Skincare,15.72,2,0,False,31.44
500842,100610,2025-08-04,Kazakhstan,Wellness,7.17,1,0,False,7.17
500843,100611,2024-10-25,Kazakhstan,Skincare,25.74,1,0,False,25.74
500844,100611,2024-12-31,Kazakhstan,Fragrance,22.29,2,0,False,44.58
500844,100611,2024-12-31,Kazakhstan,Fragrance,20.92,1,0,False,20.92
500844,100611,2024-12-31,Kazakhstan,Skincare,13.08,2,0,False,26.16
500845,100611,2025-06-06,Kazakhstan,Haircare,8.28,2,0,True,16.56
500845,100611,2025-06-06,Kazakhstan,Skincare,20.8,1,10,True,18.72
500845,100611,2025-06-06,Kazakhstan,Wellness,14.36,2,0,True,28.72
500846,100613,2025-01-12,Kazakhstan,Makeup,8.79,2,0,False,17.58
500847,100614,2024-08-16,Kazakhstan,Wellness,9.2,2,10,False,16.56
500847,100614,2024-08-16,Kazakhstan,Haircare,8.07,1,0,False,8.07
500848,100615,2024-12-17,Kazakhstan,Makeup,5.99,2,0,False,11.98
500849,100615,2025-05-15,Kazakhstan,Haircare,11.45,1,0,False,11.45
500849,100615,2025-05-15,Kazakhstan,Haircare,9.96,1,0,False,9.96
500850,100616,2024-11-15,Kazakhstan,Skincare,25.09,2,0,False,50.18
500851,100616,2024-11-28,Kazakhstan,Haircare,7.75,1,25,True,5.81
500851,100616,2024-11-28,Kazakhstan,Wellness,7.88,1,0,True,7.88
500851,100616,2024-11-28,Kazakhstan,Wellness,16.61,1,0,True,16.61
500852,100617,2024-01-23,Kazakhstan,Fragrance,27.18,1,10,False,24.46
500852,100617,2024-01-23,Kazakhstan,Skincare,8.37,1,0,False,8.37
500852,100617,2024-01-23,Kazakhstan,Makeup,9.91,2,0,False,19.82
500853,100617,2024-03-10,Kazakhstan,Skincare,32.6,2,5,False,61.94
500853,100617,2024-03-10,Kazakhstan,Wellness,16.56,1,0,False,16.56
500853,100617,2024-03-10,Kazakhstan,Wellness,9.84,2,0,False,19.68
500854,100618,2024-08-17,Russia,Fragrance,25.2,1,5,False,23.94
500855,100618,2024-09-25,Russia,Haircare,7.91,1,0,False,7.91
500855,100618,2024-09-25,Russia,Wellness,9.77,2,0,False,19.54
500855,100618,2024-09-25,Russia,Skincare,33.94,2,0,False,67.88
500856,100618,2024-10-08,Russia,Fragrance,31.91,1,5,False,30.31
500856,100618,2024-10-08,Russia,Skincare,17.42,2,5,False,33.1
500857,100618,2024-12-16,Russia,Wellness,18.67,1,0,False,18.67
500858,100618,2024-12-26,Russia,Fragrance,20.75,1,0,False,20.75
500859,100619,2025-07-19,Russia,Makeup,24.22,1,5,False,23.01
500859,100619,2025-07-19,Russia,Makeup,7.08,1,0,False,7.08
500859,100619,2025-07-19,Russia,Wellness,21.83,1,0,False,21.83
500860,100621,2024-12-29,Russia,Wellness,12.07,2,0,False,24.14
500860,100621,2024-12-29,Russia,Fragrance,29.28,2,0,False,58.56
500860,100621,2024-12-29,Russia,Makeup,6.97,2,5,False,13.24
500861,100621,2025-07-24,Russia,Wellness,17.79,2,5,False,33.8
500861,100621,2025-07-24,Russia,Skincare,21.61,2,0,False,43.22
500861,100621,2025-07-24,Russia,Wellness,21.92,1,0,False,21.92
500862,100621,2025-08-12,Russia,Haircare,20.53,1,0,False,20.53
500862,100621,2025-08-12,Russia,Fragrance,57.01,1,0,False,57.01
500863,100621,2025-12-02,Russia,Haircare,23.26,2,0,False,46.52
500863,100621,2025-12-02,Russia,Wellness,6.78,1,0,False,6.78
500864,100622,2024-03-09,Mexico,Wellness,9.71,2,10,True,17.48
500864,100622,2024-03-09,Mexico,Wellness,12.21,2,15,True,20.76
500865,100624,2025-10-11,Russia,Wellness,17.61,2,0,False,35.22
500865,100624,2025-10-11,Russia,Makeup,22.05,1,0,False,22.05
500866,100624,2025-12-28,Russia,Makeup,16.56,1,0,False,16.56
500866,100624,2025-12-28,Russia,Skincare,10.85,1,0,False,10.85
500867,100625,2025-01-10,Belarus,Makeup,19.25,1,0,False,19.25
500867,100625,2025-01-10,Belarus,Skincare,22.68,1,5,False,21.55
500868,100626,2024-01-14,Russia,Skincare,25.86,1,0,False,25.86
500868,100626,2024-01-14,Russia,Skincare,13.1,2,0,False,26.2
500868,100626,2024-01-14,Russia,Wellness,10.64,1,0,False,10.64
500869,100627,2025-05-19,Russia,Makeup,12.87,1,0,False,12.87
500869,100627,2025-05-19,Russia,Wellness,8.08,1,0,False,8.08
500869,100627,2025-05-19,Russia,Makeup,27.3,2,0,False,54.6
500870,100628,2025-05-30,Russia,Fragrance,51.11,1,0,False,51.11
500870,100628,2025-05-30,Russia,Haircare,21.67,2,0,False,43.34
500871,100629,2024-09-12,Kazakhstan,Makeup,5.57,1,0,False,5.57
500871,100629,2024-09-12,Kazakhstan,Wellness,20.63,1,0,False,20.63
500871,100629,2024-09-12,Kazakhstan,Makeup,16.74,2,5,False,31.81
500872,100629,2024-11-22,Kazakhstan,Skincare,26.49,2,0,False,52.98
500872,100629,2024-11-22,Kazakhstan,Haircare,21.98,2,0,False,43.96
500872,100629,2024-11-22,Kazakhstan,Wellness,7.18,2,0,False,14.36
500873,100631,2025-07-10,USA,Haircare,12.86,2,5,False,24.43
500874,100631,2025-11-11,USA,Haircare,10.71,2,10,True,19.28
500875,100633,2025-10-01,Kazakhstan,Fragrance,51.23,2,0,False,102.46
500876,100635,2024-12-21,Kazakhstan,Haircare,13.09,1,5,False,12.44
500876,100635,2024-12-21,Kazakhstan,Skincare,15.45,1,5,False,14.68
500877,100636,2025-06-15,Russia,Haircare,21.58,1,10,False,19.42
500877,100636,2025-06-15,Russia,Wellness,10.53,1,0,False,10.53
500878,100637,2024-04-02,USA,Fragrance,52.77,1,0,False,52.77
500878,100637,2024-04-02,USA,Makeup,18.5,1,0,False,18.5
500878,100637,2024-04-02,USA,Skincare,13.52,2,0,False,27.04
500879,100638,2024-01-20,Russia,Skincare,23.03,1,0,False,23.03
500880,100638,2024-02-11,Russia,Makeup,14.66,1,0,False,14.66
500880,100638,2024-02-11,Russia,Fragrance,16.08,1,0,False,16.08
500880,100638,2024-02-11,Russia,Fragrance,39.99,1,0,False,39.99
500881,100638,2024-05-05,Russia,Wellness,19.84,2,0,False,39.68
500881,100638,2024-05-05,Russia,Fragrance,16.11,1,0,False,16.11
500882,100639,2025-05-24,Russia,Haircare,7.8,2,0,False,15.6
500883,100639,2025-10-22,Russia,Makeup,6.1,2,0,False,12.2
500883,100639,2025-10-22,Russia,Makeup,22.89,2,0,False,45.78
500884,100640,2025-09-12,Mexico,Skincare,29.02,2,0,False,58.04
500884,100640,2025-09-12,Mexico,Fragrance,46.23,1,0,False,46.23
500885,100641,2025-10-27,Belarus,Haircare,20.36,1,10,False,18.32
500886,100643,2024-04-09,USA,Skincare,28.14,2,0,False,56.28
500886,100643,2024-04-09,USA,Haircare,17.54,1,0,False,17.54
500886,100643,2024-04-09,USA,Fragrance,58.64,2,0,False,117.28
500887,100644,2024-08-14,Kazakhstan,Skincare,27.5,1,0,False,27.5
500887,100644,2024-08-14,Kazakhstan,Haircare,9.07,1,0,False,9.07
500887,100644,2024-08-14,Kazakhstan,Haircare,13.78,1,0,False,13.78
500888,100645,2025-04-22,Belarus,Makeup,27.26,2,0,False,54.52
500888,100645,2025-04-22,Belarus,Wellness,8.04,1,0,False,8.04
500888,100645,2025-04-22,Belarus,Fragrance,56.78,2,5,False,107.88
500889,100645,2025-05-01,Belarus,Wellness,9.5,1,0,False,9.5
500889,100645,2025-05-01,Belarus,Haircare,14.78,1,5,False,14.04
500889,100645,2025-05-01,Belarus,Haircare,22.8,1,0,False,22.8
500890,100645,2025-05-20,Belarus,Wellness,16.5,1,5,False,15.68
500891,100646,2025-09-03,Russia,Wellness,13.84,2,0,False,27.68
500891,100646,2025-09-03,Russia,Haircare,13.71,1,5,False,13.02
500892,100646,2025-09-30,Russia,Fragrance,32.03,1,0,False,32.03
500893,100647,2025-07-06,USA,Skincare,31.14,1,0,False,31.14
500893,100647,2025-07-06,USA,Haircare,15.73,2,0,False,31.46
500894,100649,2025-09-08,Kazakhstan,Haircare,18.87,2,0,False,37.74
500894,100649,2025-09-08,Kazakhstan,Wellness,9.58,2,5,False,18.2
500894,100649,2025-09-08,Kazakhstan,Skincare,22.65,2,0,False,45.3
500895,100650,2024-08-11,USA,Wellness,13.09,2,0,False,26.18
500895,100650,2024-08-11,USA,Makeup,21.71,2,0,False,43.42
500896,100653,2024-03-13,Mexico,Wellness,16.38,1,5,False,15.56
500896,100653,2024-03-13,Mexico,Fragrance,48.18,1,10,False,43.36
500897,100655,2025-10-23,Russia,Fragrance,18.65,2,5,False,35.43
500897,100655,2025-10-23,Russia,Haircare,9.02,2,0,False,18.04
500898,100655,2025-12-12,Russia,Wellness,6.67,1,0,False,6.67
500899,100656,2024-03-12,Kazakhstan,Skincare,26.45,1,10,False,23.8
500900,100657,2024-03-19,Russia,Wellness,11.4,2,0,False,22.8
500901,100658,2024-04-29,USA,Fragrance,40.24,1,0,False,40.24
500901,100658,2024-04-29,USA,Fragrance,50.57,1,0,False,50.57
500902,100658,2024-05-12,USA,Fragrance,49.76,1,0,False,49.76
500902,100658,2024-05-12,USA,Skincare,13.11,1,0,False,13.11
500903,100659,2024-04-28,Russia,Makeup,26.96,1,0,False,26.96
500903,100659,2024-04-28,Russia,Haircare,9.17,1,0,False,9.17
500904,100659,2024-06-07,Russia,Makeup,21.61,1,5,False,20.53
500904,100659,2024-06-07,Russia,Haircare,12.49,1,0,False,12.49
500904,100659,2024-06-07,Russia,Makeup,21.5,2,10,False,38.7
500905,100660,2024-12-24,Russia,Haircare,8.91,2,0,False,17.82
500906,100660,2025-01-26,Russia,Makeup,8.22,2,0,False,16.44
500906,100660,2025-01-26,Russia,Wellness,19.14,1,0,False,19.14
500906,100660,2025-01-26,Russia,Fragrance,48.95,1,0,False,48.95
500907,100660,2025-01-27,Russia,Fragrance,42.68,1,0,False,42.68
500907,100660,2025-01-27,Russia,Haircare,7.22,1,0,False,7.22
500908,100661,2025-01-26,Russia,Haircare,20.93,2,0,False,41.86
500909,100661,2025-08-29,Russia,Makeup,19.02,2,0,False,38.04
500910,100662,2025-09-28,Russia,Wellness,20.08,1,0,False,20.08
500910,100662,2025-09-28,Russia,Skincare,28.12,1,0,False,28.12
500911,100662,2025-10-14,Russia,Makeup,26.16,1,10,False,23.54
500911,100662,2025-10-14,Russia,Fragrance,32.33,1,0,False,32.33
500911,100662,2025-10-14,Russia,Skincare,22.53,1,0,False,22.53
500912,100663,2024-10-26,Kazakhstan,Skincare,31.13,2,0,False,62.26
500912,100663,2024-10-26,Kazakhstan,Fragrance,47.76,2,0,False,95.52
500912,100663,2024-10-26,Kazakhstan,Fragrance,26.92,2,0,False,53.84
500913,100665,2025-05-17,USA,Makeup,5.51,2,0,False,11.02
500913,100665,2025-05-17,USA,Wellness,19.99,2,0,False,39.98
500913,100665,2025-05-17,USA,Fragrance,40.3,2,0,False,80.6
500914,100665,2025-06-23,USA,Makeup,15.04,2,0,False,30.08
500915,100666,2025-07-26,Mexico,Wellness,9.14,1,10,False,8.23
500915,100666,2025-07-26,Mexico,Haircare,9.37,1,5,False,8.9
500916,100666,2025-08-08,Mexico,Haircare,18.88,1,5,False,17.94
500916,100666,2025-08-08,Mexico,Wellness,7.19,1,5,False,6.83
500917,100666,2025-08-16,Mexico,Skincare,21.98,2,0,False,43.96
500917,100666,2025-08-16,Mexico,Haircare,24.74,1,5,False,23.5
500918,100668,2024-11-12,USA,Wellness,11.98,1,0,True,11.98
500918,100668,2024-11-12,USA,Haircare,18.1,2,15,True,30.77
500918,100668,2024-11-12,USA,Fragrance,56.03,2,0,True,112.06
500919,100668,2025-02-02,USA,Makeup,26.49,1,0,False,26.49
500920,100668,2025-10-10,USA,Haircare,21.51,1,0,False,21.51
500920,100668,2025-10-10,USA,Makeup,17.6,2,0,False,35.2
500921,100668,2025-11-01,USA,Fragrance,18.95,1,0,False,18.95
500921,100668,2025-11-01,USA,Fragrance,43.35,1,0,False,43.35
500922,100668,2025-12-12,USA,Fragrance,32.89,2,0,False,65.78
500922,100668,2025-12-12,USA,Fragrance,47.29,1,0,False,47.29
500923,100669,2025-09-04,Mexico,Makeup,20.33,1,5,False,19.31
500923,100669,2025-09-04,Mexico,Skincare,10.35,2,10,False,18.63
500923,100669,2025-09-04,Mexico,Fragrance,48.98,1,0,False,48.98
500924,100670,2025-05-18,Russia,Haircare,12.78,1,0,False,12.78
500924,100670,2025-05-18,Russia,Skincare,18.48,2,0,False,36.96
500925,100671,2024-05-25,USA,Wellness,17.62,1,0,False,17.62
500926,100671,2024-07-24,USA,Wellness,12.86,1,0,False,12.86
500926,100671,2024-07-24,USA,Makeup,24.62,1,0,False,24.62
500926,100671,2024-07-24,USA,Skincare,16.9,2,0,False,33.8
500927,100673,2025-05-30,Belarus,Wellness,21.2,2,0,False,42.4
500928,100673,2025-11-10,Belarus,Fragrance,22.62,2,0,True,45.24
500929,100673,2025-11-16,Belarus,Wellness,16.16,2,10,False,29.09
500930,100676,2024-06-22,USA,Haircare,22.71,1,0,False,22.71
500930,100676,2024-06-22,USA,Haircare,13.7,2,0,False,27.4
500931,100676,2024-07-25,USA,Fragrance,36.27,1,0,False,36.27
500931,100676,2024-07-25,USA,Fragrance,49.71,1,0,False,49.71
500931,100676,2024-07-25,USA,Haircare,10.98,1,0,False,10.98
500932,100677,2024-11-13,Russia,Makeup,8.49,2,10,True,15.28
500932,100677,2024-11-13,Russia,Wellness,11.29,1,20,True,9.03
500932,100677,2024-11-13,Russia,Wellness,10.82,2,0,True,21.64
500933,100677,2025-08-22,Russia,Wellness,16.52,2,0,False,33.04
500933,100677,2025-08-22,Russia,Makeup,24.0,2,0,False,48.0
500933,100677,2025-08-22,Russia,Fragrance,49.66,1,0,False,49.66
500934,100677,2025-11-13,Russia,Fragrance,34.84,2,0,False,69.68
500935,100678,2024-07-27,Russia,Wellness,14.76,1,0,False,14.76
500935,100678,2024-07-27,Russia,Makeup,27.35,1,0,False,27.35
500935,100678,2024-07-27,Russia,Haircare,13.29,2,0,False,26.58
500936,100678,2025-07-06,Russia,Makeup,10.77,2,0,False,21.54
500936,100678,2025-07-06,Russia,Fragrance,56.05,2,0,False,112.1
500936,100678,2025-07-06,Russia,Makeup,13.32,1,0,False,13.32
500937,100680,2024-07-07,Mexico,Wellness,14.9,1,0,False,14.9
500938,100681,2024-07-29,Russia,Makeup,27.4,2,0,False,54.8
500939,100681,2024-10-11,Russia,Skincare,26.56,2,0,False,53.12
500939,100681,2024-10-11,Russia,Fragrance,40.07,2,0,False,80.14
500940,100681,2025-03-04,Russia,Fragrance,35.43,2,0,True,70.86
500941,100683,2024-07-28,Russia,Wellness,19.82,2,0,False,39.64
500942,100683,2024-07-29,Russia,Wellness,19.32,2,0,False,38.64
500942,100683,2024-07-29,Russia,Haircare,19.17,2,0,False,38.34
500942,100683,2024-07-29,Russia,Wellness,18.0,2,0,False,36.0
500943,100685,2025-04-27,Russia,Wellness,14.74,1,0,False,14.74
500944,100686,2024-06-15,Russia,Makeup,20.53,1,0,False,20.53
500945,100686,2024-12-19,Russia,Makeup,25.02,2,0,False,50.04
500945,100686,2024-12-19,Russia,Skincare,17.84,2,5,False,33.9
500946,100686,2024-12-28,Russia,Wellness,15.76,2,0,False,31.52
500947,100686,2025-05-09,Russia,Haircare,9.56,2,0,False,19.12
500947,100686,2025-05-09,Russia,Makeup,6.27,1,0,False,6.27
500948,100686,2025-06-16,Russia,Wellness,21.91,1,0,False,21.91
500948,100686,2025-06-16,Russia,Skincare,34.94,2,0,False,69.88
500948,100686,2025-06-16,Russia,Skincare,16.8,1,0,False,16.8
500949,100686,2025-06-23,Russia,Makeup,8.45,1,0,False,8.45
500949,100686,2025-06-23,Russia,Skincare,16.39,1,0,False,16.39
500949,100686,2025-06-23,Russia,Makeup,14.8,2,0,False,29.6
500950,100686,2025-07-10,Russia,Fragrance,47.23,2,0,False,94.46
500951,100686,2025-11-28,Russia,Skincare,31.68,2,0,True,63.36
500951,100686,2025-11-28,Russia,Skincare,22.85,1,15,True,19.42
500952,100688,2025-08-30,Russia,Skincare,28.44,1,0,False,28.44
500952,100688,2025-08-30,Russia,Haircare,16.17,1,0,False,16.17
500952,100688,2025-08-30,Russia,Makeup,24.85,2,0,False,49.7
500953,100689,2024-02-08,USA,Haircare,18.24,1,0,False,18.24
500953,100689,2024-02-08,USA,Fragrance,26.37,1,0,False,26.37
500953,100689,2024-02-08,USA,Skincare,26.56,2,0,False,53.12
500954,100689,2024-04-23,USA,Fragrance,59.95,1,0,False,59.95
500954,100689,2024-04-23,USA,Skincare,29.9,2,5,False,56.81
500955,100690,2025-09-21,Russia,Haircare,23.52,2,0,False,47.04
500955,100690,2025-09-21,Russia,Haircare,9.57,1,0,False,9.57
500955,100690,2025-09-21,Russia,Fragrance,49.69,2,0,False,99.38
500956,100691,2025-11-15,Kazakhstan,Haircare,14.15,2,0,False,28.3
500956,100691,2025-11-15,Kazakhstan,Makeup,6.92,2,0,False,13.84
500956,100691,2025-11-15,Kazakhstan,Makeup,21.2,2,0,False,42.4
500957,100691,2025-12-24,Kazakhstan,Makeup,19.06,1,0,False,19.06
500958,100692,2024-07-13,USA,Fragrance,53.78,1,0,False,53.78
500958,100692,2024-07-13,USA,Makeup,5.63,1,0,False,5.63
500958,100692,2024-07-13,USA,Haircare,21.9,1,0,False,21.9
500959,100693,2025-08-18,Russia,Fragrance,39.98,1,5,False,37.98
500959,100693,2025-08-18,Russia,Haircare,15.75,1,0,False,15.75
500959,100693,2025-08-18,Russia,Wellness,20.28,2,0,False,40.56
500960,100694,2024-06-18,Russia,Makeup,20.89,2,5,False,39.69
500960,100694,2024-06-18,Russia,Wellness,18.35,1,0,False,18.35
500960,100694,2024-06-18,Russia,Haircare,17.5,2,0,False,35.0
500961,100694,2024-07-05,Russia,Makeup,13.2,2,0,False,26.4
500961,100694,2024-07-05,Russia,Haircare,16.57,2,0,False,33.14
500961,100694,2024-07-05,Russia,Skincare,25.3,1,5,False,24.04
500962,100694,2024-07-21,Russia,Wellness,16.94,1,0,False,16.94
500963,100695,2025-09-05,Mexico,Makeup,18.82,2,0,False,37.64
500963,100695,2025-09-05,Mexico,Wellness,16.07,2,0,False,32.14
500963,100695,2025-09-05,Mexico,Haircare,11.97,2,0,False,23.94
500964,100695,2025-10-10,Mexico,Fragrance,20.59,2,0,False,41.18
500965,100698,2024-02-11,Mexico,Skincare,26.77,2,0,False,53.54
500965,100698,2024-02-11,Mexico,Haircare,12.3,2,0,False,24.6
500966,100698,2024-03-31,Mexico,Makeup,21.67,2,0,False,43.34
500966,100698,2024-03-31,Mexico,Fragrance,37.7,2,0,False,75.4
500967,100701,2024-06-01,Belarus,Skincare,15.05,1,0,True,15.05
500967,100701,2024-06-01,Belarus,Makeup,21.62,2,0,True,43.24
500967,100701,2024-06-01,Belarus,Wellness,13.81,1,25,True,10.36
500968,100702,2024-12-10,Mexico,Skincare,23.67,1,5,False,22.49
500969,100702,2025-06-18,Mexico,Wellness,15.2,1,0,False,15.2
500970,100702,2025-11-27,Mexico,Makeup,25.0,2,10,True,45.0
500970,100702,2025-11-27,Mexico,Skincare,33.81,1,20,True,27.05
500970,100702,2025-11-27,Mexico,Makeup,11.09,1,10,True,9.98
500971,100704,2024-10-16,Kazakhstan,Makeup,12.39,1,0,False,12.39
500971,100704,2024-10-16,Kazakhstan,Skincare,26.05,1,0,False,26.05
500972,100705,2024-01-23,Russia,Haircare,17.61,2,0,False,35.22
500972,100705,2024-01-23,Russia,Makeup,24.0,2,10,False,43.2
500973,100705,2024-04-02,Russia,Makeup,5.62,1,5,False,5.34
500974,100705,2024-07-05,Russia,Wellness,12.42,1,0,False,12.42
500974,100705,2024-07-05,Russia,Skincare,12.49,2,0,False,24.98
500974,100705,2024-07-05,Russia,Fragrance,39.07,1,0,False,39.07
500975,100705,2024-09-30,Russia,Haircare,16.02,2,0,False,32.04
500975,100705,2024-09-30,Russia,Fragrance,20.35,2,5,False,38.66
500976,100705,2025-06-17,Russia,Skincare,29.53,1,0,False,29.53
500976,100705,2025-06-17,Russia,Skincare,27.6,2,0,False,55.2
500977,100705,2025-07-17,Russia,Makeup,14.98,2,10,False,26.96
500978,100707,2024-12-03,Russia,Wellness,17.43,2,0,False,34.86
500979,100707,2025-01-30,Russia,Wellness,6.23,2,5,False,11.84
500980,100708,2025-07-18,USA,Fragrance,55.13,1,0,False,55.13
500980,100708,2025-07-18,USA,Fragrance,49.32,1,5,False,46.85
500980,100708,2025-07-18,USA,Wellness,10.99,1,10,False,9.89
500981,100709,2024-03-29,USA,Makeup,12.5,1,0,False,12.5
500981,100709,2024-03-29,USA,Haircare,13.53,2,5,False,25.71
500981,100709,2024-03-29,USA,Skincare,32.22,1,0,False,32.22
500982,100710,2024-04-22,Russia,Makeup,10.0,1,0,False,10.0
500982,100710,2024-04-22,Russia,Wellness,20.44,2,0,False,40.88
500983,100710,2024-05-26,Russia,Fragrance,42.81,1,0,False,42.81
500983,100710,2024-05-26,Russia,Haircare,19.25,2,0,False,38.5
500984,100711,2024-04-28,Mexico,Haircare,9.35,2,0,False,18.7
500985,100711,2024-05-10,Mexico,Wellness,11.02,2,0,False,22.04
500985,100711,2024-05-10,Mexico,Wellness,20.75,2,0,False,41.5
500985,100711,2024-05-10,Mexico,Wellness,13.42,2,5,False,25.5
500986,100712,2025-01-16,Kazakhstan,Skincare,22.34,2,0,False,44.68
500986,100712,2025-01-16,Kazakhstan,Wellness,8.18,2,0,False,16.36
500986,100712,2025-01-16,Kazakhstan,Skincare,10.91,2,0,False,21.82
500987,100714,2025-02-10,Russia,Makeup,26.65,2,0,False,53.3
500987,100714,2025-02-10,Russia,Makeup,15.82,2,0,False,31.64
500988,100715,2024-11-20,USA,Haircare,11.08,2,0,False,22.16
500988,100715,2024-11-20,USA,Fragrance,24.47,1,0,False,24.47
500989,100715,2025-06-20,USA,Makeup,18.95,1,0,False,18.95
500989,100715,2025-06-20,USA,Fragrance,49.27,1,0,False,49.27
500990,100716,2025-09-23,Russia,Wellness,18.88,2,0,False,37.76
500990,100716,2025-09-23,Russia,Skincare,26.74,1,0,False,26.74
500990,100716,2025-09-23,Russia,Makeup,5.93,1,0,False,5.93
500991,100717,2024-05-03,Belarus,Fragrance,30.81,1,0,False,30.81
500991,100717,2024-05-03,Belarus,Skincare,10.29,2,5,False,19.55
500992,100717,2024-07-26,Belarus,Wellness,7.99,1,0,False,7.99
500992,100717,2024-07-26,Belarus,Fragrance,45.08,1,0,False,45.08
500992,100717,2024-07-26,Belarus,Fragrance,59.94,2,0,False,119.88
500993,100717,2024-08-26,Belarus,Haircare,13.06,2,0,False,26.12
500993,100717,2024-08-26,Belarus,Skincare,15.51,1,0,False,15.51
500993,100717,2024-08-26,Belarus,Wellness,7.72,1,5,False,7.33
500994,100717,2025-01-23,Belarus,Wellness,18.44,1,0,False,18.44
500994,100717,2025-01-23,Belarus,Haircare,22.21,1,0,False,22.21
500994,100717,2025-01-23,Belarus,Skincare,25.46,1,0,False,25.46
500995,100718,2025-12-12,USA,Fragrance,26.37,1,0,False,26.37
500995,100718,2025-12-12,USA,Wellness,16.06,2,5,False,30.51
500996,100719,2025-03-24,Russia,Haircare,7.94,2,0,False,15.88
500996,100719,2025-03-24,Russia,Haircare,22.03,2,0,False,44.06
500996,100719,2025-03-24,Russia,Fragrance,24.95,1,5,False,23.7
500997,100719,2025-04-09,Russia,Makeup,10.78,2,0,False,21.56
500997,100719,2025-04-09,Russia,Haircare,21.81,2,0,False,43.62
500998,100719,2025-04-28,Russia,Wellness,21.69,1,5,False,20.61
500998,100719,2025-04-28,Russia,Wellness,14.27,2,0,False,28.54
500999,100719,2025-05-19,Russia,Makeup,27.19,1,10,False,24.47
500999,100719,2025-05-19,Russia,Skincare,19.22,2,10,False,34.6
501000,100720,2025-07-26,Mexico,Makeup,6.73,2,0,False,13.46
501000,100720,2025-07-26,Mexico,Fragrance,56.65,2,0,False,113.3
501001,100720,2025-09-20,Mexico,Haircare,15.79,1,5,False,15.0
501001,100720,2025-09-20,Mexico,Skincare,31.62,2,5,False,60.08
501002,100722,2024-06-23,Mexico,Makeup,24.48,2,0,False,48.96
501002,100722,2024-06-23,Mexico,Wellness,7.4,1,0,False,7.4
501002,100722,2024-06-23,Mexico,Haircare,10.76,2,0,False,21.52
501003,100723,2024-12-19,Mexico,Makeup,20.78,2,0,False,41.56
501003,100723,2024-12-19,Mexico,Haircare,9.87,1,0,False,9.87
501003,100723,2024-12-19,Mexico,Fragrance,40.96,1,0,False,40.96
501004,100724,2025-06-05,Mexico,Haircare,17.72,2,0,True,35.44
501005,100726,2025-10-22,Mexico,Fragrance,19.17,1,0,False,19.17
501005,100726,2025-10-22,Mexico,Haircare,14.89,1,5,False,14.15
501006,100727,2024-12-11,USA,Haircare,10.15,2,0,False,20.3
501006,100727,2024-12-11,USA,Skincare,8.11,2,0,False,16.22
501007,100727,2025-04-20,USA,Makeup,21.15,1,5,False,20.09
501008,100728,2025-06-08,Russia,Wellness,12.76,2,0,False,25.52
501008,100728,2025-06-08,Russia,Skincare,34.82,2,5,False,66.16
501008,100728,2025-06-08,Russia,Wellness,9.17,2,0,False,18.34
501009,100729,2025-02-25,Belarus,Makeup,14.57,2,0,False,29.14
501009,100729,2025-02-25,Belarus,Fragrance,28.09,2,0,False,56.18
501010,100730,2024-11-18,Russia,Wellness,6.9,2,0,False,13.8
501011,100731,2024-12-25,Russia,Fragrance,23.11,1,5,False,21.95
501011,100731,2024-12-25,Russia,Makeup,23.98,1,0,False,23.98
501011,100731,2024-12-25,Russia,Makeup,16.0,2,0,False,32.0
501012,100732,2025-10-28,Kazakhstan,Haircare,20.58,2,0,False,41.16
501013,100733,2024-12-21,Mexico,Haircare,23.09,2,0,False,46.18
501013,100733,2024-12-21,Mexico,Skincare,24.21,1,10,False,21.79
501014,100735,2025-06-13,Russia,Haircare,12.17,2,0,False,24.34
501015,100735,2025-11-22,Russia,Makeup,26.44,2,0,False,52.88
501015,100735,2025-11-22,Russia,Makeup,6.79,2,0,False,13.58
501016,100736,2024-05-02,USA,Haircare,24.48,1,0,False,24.48
501017,100736,2024-07-06,USA,Makeup,19.37,2,0,False,38.74
501017,100736,2024-07-06,USA,Haircare,13.48,1,0,False,13.48
501017,100736,2024-07-06,USA,Makeup,8.46,2,0,False,16.92
501018,100736,2024-12-03,USA,Fragrance,21.67,1,0,False,21.67
501018,100736,2024-12-03,USA,Skincare,12.13,1,0,False,12.13
501018,100736,2024-12-03,USA,Haircare,18.22,2,0,False,36.44
501019,100736,2025-07-10,USA,Makeup,14.64,1,5,False,13.91
501020,100736,2025-08-09,USA,Skincare,22.0,2,0,False,44.0
501021,100737,2025-08-08,Russia,Makeup,14.09,1,0,False,14.09
501021,100737,2025-08-08,Russia,Skincare,29.06,2,0,False,58.12
501021,100737,2025-08-08,Russia,Makeup,15.18,2,5,False,28.84
501022,100738,2024-09-13,Russia,Wellness,6.15,1,0,False,6.15
501023,100739,2024-04-30,Mexico,Fragrance,36.26,1,5,False,34.45
501023,100739,2024-04-30,Mexico,Wellness,20.58,2,10,False,37.04
501023,100739,2024-04-30,Mexico,Makeup,9.46,2,5,False,17.97
501024,100740,2024-06-18,USA,Makeup,25.29,1,0,False,25.29
501024,100740,2024-06-18,USA,Wellness,19.91,2,0,False,39.82
501025,100741,2024-12-04,Mexico,Fragrance,38.92,2,0,False,77.84
501025,100741,2024-12-04,Mexico,Haircare,15.91,2,0,False,31.82
501025,100741,2024-12-04,Mexico,Fragrance,53.65,1,0,False,53.65
501026,100742,2024-10-19,Russia,Wellness,6.63,2,0,False,13.26
501026,100742,2024-10-19,Russia,Haircare,13.65,1,0,False,13.65
501026,100742,2024-10-19,Russia,Fragrance,57.1,2,0,False,114.2
501027,100744,2024-12-30,Mexico,Wellness,10.22,1,0,False,10.22
501027,100744,2024-12-30,Mexico,Makeup,14.49,1,0,False,14.49
501027,100744,2024-12-30,Mexico,Haircare,20.58,1,10,False,18.52
501028,100744,2025-06-05,Mexico,Makeup,7.28,2,0,True,14.56
501028,100744,2025-06-05,Mexico,Skincare,9.5,2,10,True,17.1
501028,100744,2025-06-05,Mexico,Haircare,12.78,1,0,True,12.78
501029,100744,2025-06-25,Mexico,Skincare,20.93,2,0,False,41.86
501030,100746,2025-10-08,Mexico,Fragrance,54.09,2,0,False,108.18
501030,100746,2025-10-08,Mexico,Makeup,22.39,1,0,False,22.39
501030,100746,2025-10-08,Mexico,Skincare,24.7,2,5,False,46.93
501031,100747,2025-09-22,Mexico,Makeup,18.59,1,0,False,18.59
501031,100747,2025-09-22,Mexico,Haircare,17.61,2,0,False,35.22
501031,100747,2025-09-22,Mexico,Wellness,8.2,2,0,False,16.4
501032,100748,2024-06-12,Kazakhstan,Makeup,11.36,1,0,False,11.36
501032,100748,2024-06-12,Kazakhstan,Skincare,27.94,1,0,False,27.94
501033,100748,2024-09-20,Kazakhstan,Fragrance,46.2,2,0,False,92.4
501033,100748,2024-09-20,Kazakhstan,Makeup,10.82,2,0,False,21.64
501034,100748,2024-10-01,Kazakhstan,Skincare,32.34,2,0,False,64.68
501034,100748,2024-10-01,Kazakhstan,Haircare,21.75,1,0,False,21.75
501034,100748,2024-10-01,Kazakhstan,Fragrance,42.08,1,0,False,42.08
501035,100750,2025-03-30,Kazakhstan,Wellness,10.57,2,0,False,21.14
501035,100750,2025-03-30,Kazakhstan,Haircare,21.5,1,0,False,21.5
501036,100752,2025-07-07,Mexico,Haircare,23.5,2,0,False,47.0
501036,100752,2025-07-07,Mexico,Fragrance,23.94,2,0,False,47.88
501037,100753,2024-05-19,Russia,Fragrance,51.61,2,0,False,103.22
501037,100753,2024-05-19,Russia,Makeup,19.05,1,0,False,19.05
501037,100753,2024-05-19,Russia,Haircare,18.5,2,0,False,37.0
501038,100753,2024-07-03,Russia,Wellness,9.14,1,0,False,9.14
501038,100753,2024-07-03,Russia,Haircare,7.18,2,0,False,14.36
501038,100753,2024-07-03,Russia,Makeup,18.07,1,0,False,18.07
501039,100755,2024-12-05,Belarus,Wellness,13.81,2,10,False,24.86
501040,100755,2025-11-01,Belarus,Haircare,20.12,1,0,False,20.12
501040,100755,2025-11-01,Belarus,Wellness,17.7,1,0,False,17.7
501041,100756,2024-10-23,Belarus,Wellness,20.12,1,0,False,20.12
501042,100757,2024-11-29,Russia,Makeup,26.45,2,0,True,52.9
501042,100757,2024-11-29,Russia,Skincare,31.79,1,0,True,31.79
501043,100757,2025-04-29,Russia,Skincare,32.51,2,0,False,65.02
501044,100757,2025-06-15,Russia,Haircare,12.74,2,0,False,25.48
501044,100757,2025-06-15,Russia,Skincare,30.52,1,0,False,30.52
501045,100757,2025-08-01,Russia,Skincare,29.42,2,0,False,58.84
501045,100757,2025-08-01,Russia,Skincare,13.44,1,0,False,13.44
501046,100758,2024-12-31,USA,Fragrance,40.49,1,0,False,40.49
501047,100760,2025-10-11,Russia,Wellness,14.22,2,0,False,28.44
501047,100760,2025-10-11,Russia,Wellness,9.02,2,0,False,18.04
501048,100760,2025-11-24,Russia,Makeup,24.45,1,20,True,19.56
501048,100760,2025-11-24,Russia,Haircare,15.82,1,0,True,15.82
501048,100760,2025-11-24,Russia,Wellness,13.56,2,0,True,27.12
501049,100762,2025-05-25,Belarus,Haircare,13.02,1,5,False,12.37
501049,100762,2025-05-25,Belarus,Fragrance,24.32,1,0,False,24.32
501050,100762,2025-06-15,Belarus,Makeup,26.65,1,0,False,26.65
501051,100763,2024-07-30,Russia,Makeup,21.58,1,0,False,21.58
501052,100765,2025-02-05,Kazakhstan,Wellness,10.42,2,0,False,20.84
501052,100765,2025-02-05,Kazakhstan,Wellness,15.4,2,0,False,30.8
501052,100765,2025-02-05,Kazakhstan,Wellness,16.58,1,0,False,16.58
501053,100765,2025-02-19,Kazakhstan,Makeup,16.69,2,0,False,33.38
501053,100765,2025-02-19,Kazakhstan,Haircare,8.13,2,0,False,16.26
501053,100765,2025-02-19,Kazakhstan,Fragrance,51.15,2,0,False,102.3
501054,100765,2025-06-15,Kazakhstan,Makeup,14.7,1,0,False,14.7
501054,100765,2025-06-15,Kazakhstan,Wellness,6.92,1,0,False,6.92
501054,100765,2025-06-15,Kazakhstan,Haircare,17.94,1,0,False,17.94
501055,100768,2024-12-10,Belarus,Skincare,15.69,1,0,False,15.69
501055,100768,2024-12-10,Belarus,Skincare,26.04,1,0,False,26.04
501055,100768,2024-12-10,Belarus,Makeup,6.86,1,0,False,6.86
501056,100768,2025-11-03,Belarus,Fragrance,55.82,1,0,False,55.82
501057,100769,2024-06-07,Russia,Skincare,21.12,1,15,True,17.95
501058,100771,2024-11-07,Mexico,Fragrance,27.26,2,0,False,54.52
501059,100772,2025-07-26,USA,Makeup,21.63,1,0,False,21.63
501059,100772,2025-07-26,USA,Skincare,19.77,1,0,False,19.77
501059,100772,2025-07-26,USA,Haircare,10.06,2,0,False,20.12
501060,100773,2025-08-13,Russia,Fragrance,34.29,2,0,False,68.58
501060,100773,2025-08-13,Russia,Wellness,16.54,1,10,False,14.89
501060,100773,2025-08-13,Russia,Fragrance,16.25,1,0,False,16.25
501061,100774,2024-03-08,Mexico,Skincare,23.59,1,0,True,23.59
501061,100774,2024-03-08,Mexico,Wellness,11.35,2,0,True,22.7
501062,100774,2024-06-07,Mexico,Haircare,22.54,2,5,False,42.83
501062,100774,2024-06-07,Mexico,Fragrance,44.67,1,0,False,44.67
501062,100774,2024-06-07,Mexico,Makeup,12.55,1,0,False,12.55
501063,100774,2024-10-23,Mexico,Skincare,27.88,1,0,False,27.88
501063,100774,2024-10-23,Mexico,Makeup,5.11,1,0,False,5.11
501063,100774,2024-10-23,Mexico,Skincare,16.78,1,0,False,16.78
501064,100774,2024-11-06,Mexico,Makeup,8.89,1,0,False,8.89
501064,100774,2024-11-06,Mexico,Wellness,20.58,1,0,False,20.58
501064,100774,2024-11-06,Mexico,Fragrance,30.24,1,0,False,30.24
501065,100776,2025-06-13,Russia,Haircare,16.15,1,0,False,16.15
501065,100776,2025-06-13,Russia,Haircare,13.73,1,0,False,13.73
501065,100776,2025-06-13,Russia,Haircare,7.27,2,0,False,14.54
501066,100776,2025-07-05,Russia,Haircare,15.36,2,0,False,30.72
501066,100776,2025-07-05,Russia,Wellness,6.94,1,5,False,6.59
501066,100776,2025-07-05,Russia,Haircare,17.34,1,0,False,17.34
501067,100777,2025-07-09,Kazakhstan,Wellness,9.32,1,10,False,8.39
501068,100777,2025-11-01,Kazakhstan,Fragrance,59.17,1,0,False,59.17
501068,100777,2025-11-01,Kazakhstan,Fragrance,45.23,2,0,False,90.46
501068,100777,2025-11-01,Kazakhstan,Fragrance,38.46,2,0,False,76.92
501069,100778,2025-10-27,Russia,Wellness,12.2,1,0,False,12.2
501070,100780,2025-07-12,Russia,Makeup,5.25,1,0,False,5.25
501070,100780,2025-07-12,Russia,Fragrance,34.75,1,0,False,34.75
501070,100780,2025-07-12,Russia,Skincare,26.61,2,0,False,53.22
501071,100781,2025-04-19,Russia,Haircare,9.11,1,0,False,9.11
501071,100781,2025-04-19,Russia,Skincare,18.5,2,0,False,37.0
501072,100781,2025-06-10,Russia,Haircare,22.62,2,0,False,45.24
501072,100781,2025-06-10,Russia,Skincare,19.56,2,0,False,39.12
501072,100781,2025-06-10,Russia,Wellness,8.91,2,5,False,16.93
501073,100782,2024-07-16,Russia,Haircare,15.13,2,0,False,30.26
501074,100782,2024-12-04,Russia,Makeup,14.46,1,0,False,14.46
501074,100782,2024-12-04,Russia,Wellness,10.86,2,0,False,21.72
501074,100782,2024-12-04,Russia,Skincare,13.13,1,5,False,12.47
501075,100782,2025-01-20,Russia,Haircare,13.84,1,10,False,12.46
501075,100782,2025-01-20,Russia,Skincare,21.17,2,0,False,42.34
501075,100782,2025-01-20,Russia,Fragrance,21.44,1,0,False,21.44
501076,100783,2025-07-23,Mexico,Makeup,6.25,1,5,False,5.94
501077,100783,2025-09-26,Mexico,Makeup,10.06,1,0,False,10.06
501077,100783,2025-09-26,Mexico,Fragrance,56.82,2,0,False,113.64
501077,100783,2025-09-26,Mexico,Fragrance,35.8,2,0,False,71.6
501078,100783,2025-11-26,Mexico,Fragrance,31.83,1,0,True,31.83
501078,100783,2025-11-26,Mexico,Wellness,15.89,2,15,True,27.01
501079,100783,2025-12-27,Mexico,Wellness,21.7,1,0,False,21.7
501079,100783,2025-12-27,Mexico,Wellness,12.26,2,0,False,24.52
501080,100784,2025-04-14,Kazakhstan,Makeup,14.61,1,0,False,14.61
501080,100784,2025-04-14,Kazakhstan,Makeup,14.07,1,5,False,13.37
501081,100785,2025-04-01,Belarus,Skincare,34.7,1,0,False,34.7
501081,100785,2025-04-01,Belarus,Skincare,17.98,2,0,False,35.96
501082,100788,2025-04-29,Mexico,Makeup,13.0,1,0,False,13.0
501083,100788,2025-08-12,Mexico,Skincare,12.63,2,0,False,25.26
501083,100788,2025-08-12,Mexico,Fragrance,22.38,1,0,False,22.38
501083,100788,2025-08-12,Mexico,Haircare,24.02,2,0,False,48.04
501084,100789,2024-07-21,Kazakhstan,Haircare,20.76,2,0,False,41.52
501084,100789,2024-07-21,Kazakhstan,Skincare,19.51,1,0,False,19.51
501084,100789,2024-07-21,Kazakhstan,Wellness,11.4,1,0,False,11.4
501085,100789,2024-08-16,Kazakhstan,Haircare,17.88,2,0,False,35.76
501085,100789,2024-08-16,Kazakhstan,Haircare,19.73,1,0,False,19.73
501085,100789,2024-08-16,Kazakhstan,Wellness,9.94,1,0,False,9.94
501086,100790,2024-08-07,Belarus,Haircare,10.2,2,0,False,20.4
501086,100790,2024-08-07,Belarus,Haircare,22.89,1,0,False,22.89
501087,100790,2025-07-23,Belarus,Makeup,18.68,1,5,False,17.75
501088,100790,2025-08-04,Belarus,Wellness,12.63,2,0,False,25.26
501089,100791,2024-04-22,Kazakhstan,Haircare,15.28,2,5,False,29.03
501089,100791,2024-04-22,Kazakhstan,Haircare,8.34,1,0,False,8.34
501089,100791,2024-04-22,Kazakhstan,Wellness,16.43,2,0,False,32.86
501090,100791,2024-08-13,Kazakhstan,Skincare,19.85,1,0,False,19.85
501090,100791,2024-08-13,Kazakhstan,Haircare,19.5,1,5,False,18.52
501090,100791,2024-08-13,Kazakhstan,Wellness,17.18,1,0,False,17.18
501091,100791,2024-11-14,Kazakhstan,Wellness,20.22,2,5,False,38.42
501091,100791,2024-11-14,Kazakhstan,Skincare,17.04,1,0,False,17.04
501092,100792,2024-02-24,Belarus,Fragrance,25.07,2,0,False,50.14
501092,100792,2024-02-24,Belarus,Haircare,12.43,1,0,False,12.43
501093,100793,2025-05-21,USA,Makeup,8.63,1,0,False,8.63
501094,100793,2025-08-05,USA,Haircare,14.32,2,0,False,28.64
501094,100793,2025-08-05,USA,Skincare,12.64,2,0,False,25.28
501095,100794,2025-06-08,Russia,Fragrance,49.58,1,0,False,49.58
501096,100795,2024-04-21,Kazakhstan,Skincare,25.71,2,0,False,51.42
501097,100796,2024-12-31,Mexico,Skincare,18.89,2,0,False,37.78
501098,100796,2025-02-20,Mexico,Makeup,12.22,1,0,False,12.22
501099,100796,2025-12-11,Mexico,Fragrance,53.61,1,0,False,53.61
501099,100796,2025-12-11,Mexico,Skincare,30.38,2,0,False,60.76
501099,100796,2025-12-11,Mexico,Skincare,23.06,2,0,False,46.12
501100,100797,2025-09-08,Russia,Haircare,22.63,1,0,False,22.63
501101,100798,2025-07-14,USA,Fragrance,54.89,2,5,False,104.29
501101,100798,2025-07-14,USA,Fragrance,21.12,1,0,False,21.12
501101,100798,2025-07-14,USA,Makeup,7.99,1,5,False,7.59
501102,100798,2025-12-27,USA,Skincare,18.03,2,0,False,36.06
501102,100798,2025-12-27,USA,Fragrance,50.34,2,0,False,100.68
501102,100798,2025-12-27,USA,Skincare,31.83,2,0,False,63.66
501103,100799,2025-02-03,Kazakhstan,Fragrance,24.49,1,0,False,24.49
501103,100799,2025-02-03,Kazakhstan,Skincare,12.64,1,0,False,12.64
501104,100799,2025-03-05,Kazakhstan,Haircare,18.22,1,0,True,18.22
501105,100801,2024-08-08,Mexico,Fragrance,45.13,1,0,False,45.13
501106,100802,2025-07-19,Mexico,Skincare,12.36,1,0,False,12.36
501106,100802,2025-07-19,Mexico,Haircare,24.15,1,0,False,24.15
501107,100803,2025-09-19,Mexico,Fragrance,57.76,2,0,False,115.52
501108,100803,2025-12-08,Mexico,Makeup,11.16,2,0,False,22.32
501109,100804,2025-02-01,USA,Skincare,14.63,1,0,False,14.63
501110,100805,2024-06-08,Russia,Makeup,17.13,2,5,False,32.55
501111,100805,2024-06-15,Russia,Haircare,11.58,2,0,False,23.16
501111,100805,2024-06-15,Russia,Haircare,16.49,1,0,False,16.49
501111,100805,2024-06-15,Russia,Wellness,11.44,2,5,False,21.74
501112,100806,2025-05-26,Belarus,Makeup,13.26,1,0,False,13.26
501113,100806,2025-07-23,Belarus,Wellness,14.15,1,5,False,13.44
501113,100806,2025-07-23,Belarus,Fragrance,54.78,2,5,False,104.08
501113,100806,2025-07-23,Belarus,Wellness,8.29,1,5,False,7.88
501114,100807,2024-12-10,Mexico,Fragrance,21.58,2,0,False,43.16
501115,100807,2025-04-19,Mexico,Fragrance,24.45,2,0,False,48.9
501115,100807,2025-04-19,Mexico,Skincare,24.28,1,0,False,24.28
501116,100808,2024-07-06,USA,Skincare,28.21,2,0,False,56.42
501117,100809,2024-03-02,Mexico,Makeup,27.19,2,5,False,51.66
501117,100809,2024-03-02,Mexico,Fragrance,45.48,2,0,False,90.96
501117,100809,2024-03-02,Mexico,Haircare,21.4,2,0,False,42.8
501118,100809,2024-04-03,Mexico,Wellness,9.24,2,0,False,18.48
501119,100810,2024-07-24,Belarus,Fragrance,41.06,2,5,False,78.01
501119,100810,2024-07-24,Belarus,Fragrance,58.69,2,0,False,117.38
501120,100812,2024-09-13,Belarus,Wellness,16.36,2,0,False,32.72
501120,100812,2024-09-13,Belarus,Haircare,13.38,2,10,False,24.08
501120,100812,2024-09-13,Belarus,Makeup,19.8,2,0,False,39.6
501121,100812,2024-10-12,Belarus,Makeup,27.35,1,0,False,27.35
501122,100813,2025-01-20,Belarus,Wellness,12.85,2,0,False,25.7
501123,100814,2024-10-21,USA,Haircare,7.23,2,10,False,13.01
501124,100815,2025-06-22,Mexico,Skincare,30.04,2,5,False,57.08
501124,100815,2025-06-22,Mexico,Fragrance,52.17,2,0,False,104.34
501125,100816,2024-03-08,Mexico,Makeup,9.01,1,10,True,8.11
501125,100816,2024-03-08,Mexico,Makeup,19.31,2,0,True,38.62
501126,100817,2024-11-21,USA,Makeup,7.13,2,0,False,14.26
501126,100817,2024-11-21,USA,Wellness,9.44,1,0,False,9.44
501126,100817,2024-11-21,USA,Fragrance,36.52,2,0,False,73.04
501127,100818,2025-05-21,Russia,Wellness,10.21,2,0,False,20.42
501127,100818,2025-05-21,Russia,Makeup,22.46,2,0,False,44.92
501128,100818,2025-09-17,Russia,Haircare,24.9,1,0,False,24.9
501128,100818,2025-09-17,Russia,Makeup,9.18,1,0,False,9.18
501129,100819,2025-06-21,Mexico,Makeup,12.42,2,0,False,24.84
501130,100819,2025-08-24,Mexico,Fragrance,20.09,2,0,False,40.18
501130,100819,2025-08-24,Mexico,Skincare,29.91,1,0,False,29.91
501130,100819,2025-08-24,Mexico,Haircare,7.57,2,0,False,15.14
501131,100820,2024-11-05,Kazakhstan,Fragrance,54.89,1,0,False,54.89
501131,100820,2024-11-05,Kazakhstan,Skincare,17.43,1,0,False,17.43
501132,100820,2024-11-30,Kazakhstan,Fragrance,42.79,1,0,True,42.79
501132,100820,2024-11-30,Kazakhstan,Makeup,17.85,1,25,True,13.39
501133,100820,2024-12-03,Kazakhstan,Wellness,19.93,2,0,False,39.86
501133,100820,2024-12-03,Kazakhstan,Skincare,10.7,2,0,False,21.4
501133,100820,2024-12-03,Kazakhstan,Wellness,7.56,2,0,False,15.12
501134,100822,2025-06-20,Russia,Makeup,21.71,1,0,False,21.71
501135,100822,2025-08-13,Russia,Fragrance,44.89,2,0,False,89.78
501135,100822,2025-08-13,Russia,Skincare,15.7,1,0,False,15.7
501135,100822,2025-08-13,Russia,Fragrance,59.11,2,0,False,118.22
501136,100823,2025-03-07,Kazakhstan,Haircare,19.05,1,15,True,16.19
501136,100823,2025-03-07,Kazakhstan,Haircare,11.75,2,15,True,19.97
501136,100823,2025-03-07,Kazakhstan,Makeup,25.56,2,0,True,51.12
501137,100825,2025-09-28,Russia,Wellness,20.02,2,0,False,40.04
501138,100826,2024-05-26,Russia,Makeup,7.01,1,0,False,7.01
501138,100826,2024-05-26,Russia,Fragrance,59.39,1,5,False,56.42
501138,100826,2024-05-26,Russia,Haircare,22.88,1,5,False,21.74
501139,100828,2024-05-31,USA,Haircare,11.31,2,0,False,22.62
501140,100829,2025-02-21,Russia,Haircare,19.98,1,0,False,19.98
501141,100829,2025-03-14,Russia,Fragrance,33.88,2,10,False,60.98
501142,100830,2024-01-02,Mexico,Skincare,9.69,1,0,False,9.69
501142,100830,2024-01-02,Mexico,Haircare,8.52,1,0,False,8.52
501143,100830,2024-01-03,Mexico,Wellness,18.33,1,0,False,18.33
501144,100832,2024-06-06,Russia,Haircare,7.43,2,0,True,14.86
501144,100832,2024-06-06,Russia,Wellness,7.97,2,0,True,15.94
501144,100832,2024-06-06,Russia,Makeup,18.62,1,20,True,14.9
501145,100834,2025-04-26,Mexico,Wellness,18.04,1,0,False,18.04
501145,100834,2025-04-26,Mexico,Wellness,16.42,2,5,False,31.2
501146,100835,2024-08-12,USA,Makeup,24.64,2,0,False,49.28
501147,100835,2024-09-25,USA,Fragrance,36.13,1,10,False,32.52
501147,100835,2024-09-25,USA,Wellness,11.75,1,0,False,11.75
501148,100835,2025-02-13,USA,Makeup,26.18,2,0,False,52.36
501149,100835,2025-11-18,USA,Fragrance,47.36,1,0,False,47.36
501149,100835,2025-11-18,USA,Fragrance,43.67,2,0,False,87.34
501150,100836,2024-10-31,USA,Haircare,22.86,2,5,False,43.43
501150,100836,2024-10-31,USA,Skincare,8.63,1,0,False,8.63
501150,100836,2024-10-31,USA,Wellness,21.29,2,0,False,42.58
501151,100838,2024-10-06,Mexico,Skincare,33.77,1,0,False,33.77
501151,100838,2024-10-06,Mexico,Haircare,18.0,1,0,False,18.0
501152,100838,2024-11-22,Mexico,Makeup,14.34,2,0,False,28.68
501152,100838,2024-11-22,Mexico,Haircare,13.38,1,0,False,13.38
501152,100838,2024-11-22,Mexico,Skincare,18.54,1,0,False,18.54
501153,100838,2025-03-27,Mexico,Makeup,21.15,1,0,False,21.15
501153,100838,2025-03-27,Mexico,Wellness,17.25,1,0,False,17.25
501153,100838,2025-03-27,Mexico,Haircare,8.96,1,0,False,8.96
501154,100838,2025-04-12,Mexico,Fragrance,22.49,2,0,False,44.98
501155,100839,2024-05-20,Mexico,Fragrance,34.46,1,0,False,34.46
501155,100839,2024-05-20,Mexico,Makeup,5.63,1,0,False,5.63
501155,100839,2024-05-20,Mexico,Wellness,20.53,2,0,False,41.06
501156,100839,2024-06-12,Mexico,Haircare,12.69,1,0,False,12.69
501157,100839,2024-07-19,Mexico,Fragrance,28.65,1,0,False,28.65
501158,100840,2024-01-29,Kazakhstan,Makeup,25.03,1,5,False,23.78
501158,100840,2024-01-29,Kazakhstan,Wellness,11.11,1,0,False,11.11
501158,100840,2024-01-29,Kazakhstan,Skincare,15.77,2,5,False,29.96
501159,100841,2025-01-04,Mexico,Makeup,11.06,1,5,False,10.51
501159,100841,2025-01-04,Mexico,Wellness,20.97,2,0,False,41.94
501159,100841,2025-01-04,Mexico,Haircare,14.31,2,0,False,28.62
501160,100842,2024-12-22,USA,Fragrance,15.78,2,5,False,29.98
501161,100842,2025-08-28,USA,Haircare,12.92,1,0,False,12.92
501161,100842,2025-08-28,USA,Makeup,23.72,2,0,False,47.44
501162,100843,2025-05-30,Kazakhstan,Fragrance,48.17,1,10,False,43.35
501162,100843,2025-05-30,Kazakhstan,Makeup,16.43,1,5,False,15.61
501162,100843,2025-05-30,Kazakhstan,Haircare,10.41,1,0,False,10.41
501163,100844,2024-03-27,USA,Fragrance,32.45,1,5,False,30.83
501163,100844,2024-03-27,USA,Fragrance,56.36,2,5,False,107.08
501163,100844,2024-03-27,USA,Haircare,17.28,2,0,False,34.56
501164,100845,2025-01-27,Russia,Skincare,27.5,1,0,False,27.5
501164,100845,2025-01-27,Russia,Makeup,27.72,2,0,False,55.44
501164,100845,2025-01-27,Russia,Wellness,7.4,1,0,False,7.4
501165,100845,2025-12-27,Russia,Haircare,21.8,2,5,False,41.42
501165,100845,2025-12-27,Russia,Haircare,20.26,1,0,False,20.26
501165,100845,2025-12-27,Russia,Haircare,10.78,1,0,False,10.78
501166,100846,2025-05-08,Russia,Wellness,20.77,1,5,False,19.73
501167,100847,2025-05-02,Mexico,Fragrance,43.74,1,0,False,43.74
501167,100847,2025-05-02,Mexico,Fragrance,37.52,2,0,False,75.04
501167,100847,2025-05-02,Mexico,Wellness,11.07,2,0,False,22.14
501168,100847,2025-06-10,Mexico,Skincare,24.19,1,5,False,22.98
501168,100847,2025-06-10,Mexico,Fragrance,16.7,1,0,False,16.7
501169,100847,2025-10-05,Mexico,Makeup,17.16,2,0,False,34.32
501170,100849,2024-05-07,Belarus,Makeup,27.87,1,0,False,27.87
501171,100849,2024-06-28,Belarus,Makeup,26.79,2,5,False,50.9
501171,100849,2024-06-28,Belarus,Makeup,26.09,1,0,False,26.09
501172,100850,2025-03-15,Kazakhstan,Skincare,13.38,1,0,False,13.38
501172,100850,2025-03-15,Kazakhstan,Skincare,12.72,1,0,False,12.72
501173,100851,2025-10-04,Russia,Skincare,24.63,1,0,False,24.63
501173,100851,2025-10-04,Russia,Fragrance,23.0,2,0,False,46.0
501174,100852,2025-05-26,Mexico,Makeup,14.14,2,0,False,28.28
501175,100852,2025-09-26,Mexico,Fragrance,22.27,2,5,False,42.31
501176,100853,2024-11-10,Mexico,Haircare,24.14,1,15,True,20.52
501177,100854,2024-11-14,Russia,Wellness,10.9,1,0,True,10.9
501177,100854,2024-11-14,Russia,Haircare,10.45,2,0,True,20.9
501178,100855,2025-01-30,Russia,Fragrance,24.38,2,0,False,48.76
501178,100855,2025-01-30,Russia,Makeup,21.14,2,0,False,42.28
501178,100855,2025-01-30,Russia,Wellness,12.98,1,0,False,12.98
501179,100855,2025-05-16,Russia,Wellness,13.05,1,5,False,12.4
501180,100856,2024-02-06,Mexico,Haircare,21.71,2,5,False,41.25
501180,100856,2024-02-06,Mexico,Skincare,24.17,2,0,False,48.34
501181,100857,2025-04-27,USA,Haircare,19.53,1,0,False,19.53
501182,100857,2025-07-17,USA,Wellness,6.16,2,0,False,12.32
501183,100857,2025-07-20,USA,Skincare,12.85,1,0,False,12.85
501184,100857,2025-12-14,USA,Wellness,18.97,2,0,False,37.94
501185,100858,2024-12-26,USA,Haircare,15.07,1,0,False,15.07
501186,100858,2025-03-26,USA,Skincare,31.56,2,0,False,63.12
501186,100858,2025-03-26,USA,Wellness,8.03,1,0,False,8.03
501186,100858,2025-03-26,USA,Wellness,21.55,1,0,False,21.55
501187,100859,2024-12-16,Kazakhstan,Skincare,17.75,1,0,False,17.75
501188,100859,2025-07-27,Kazakhstan,Wellness,8.05,1,0,False,8.05
501188,100859,2025-07-27,Kazakhstan,Makeup,6.11,1,5,False,5.8
501189,100860,2025-09-16,Russia,Haircare,7.01,2,0,False,14.02
501189,100860,2025-09-16,Russia,Haircare,18.24,2,0,False,36.48
501190,100860,2025-12-12,Russia,Haircare,8.43,1,0,False,8.43
501191,100861,2025-08-11,Kazakhstan,Fragrance,52.32,2,0,False,104.64
501191,100861,2025-08-11,Kazakhstan,Skincare,29.27,2,0,False,58.54
501191,100861,2025-08-11,Kazakhstan,Haircare,20.56,1,5,False,19.53
501192,100862,2025-10-04,Russia,Haircare,24.69,2,0,False,49.38
501192,100862,2025-10-04,Russia,Haircare,9.27,1,5,False,8.81
501193,100863,2024-02-26,Kazakhstan,Wellness,14.51,2,0,False,29.02
501193,100863,2024-02-26,Kazakhstan,Makeup,17.09,2,0,False,34.18
501194,100863,2024-05-03,Kazakhstan,Wellness,7.47,2,0,False,14.94
501194,100863,2024-05-03,Kazakhstan,Wellness,19.29,1,5,False,18.33
501194,100863,2024-05-03,Kazakhstan,Fragrance,24.95,1,5,False,23.7
501195,100863,2024-05-12,Kazakhstan,Haircare,12.02,1,0,False,12.02
501196,100863,2024-08-04,Kazakhstan,Fragrance,22.62,1,0,False,22.62
501196,100863,2024-08-04,Kazakhstan,Haircare,12.23,1,0,False,12.23
501197,100864,2025-09-29,Russia,Makeup,22.38,1,0,False,22.38
501198,100866,2024-09-26,Kazakhstan,Wellness,13.77,2,10,False,24.79
501198,100866,2024-09-26,Kazakhstan,Haircare,8.44,1,5,False,8.02
501199,100868,2024-01-25,Kazakhstan,Haircare,8.45,2,0,False,16.9
501199,100868,2024-01-25,Kazakhstan,Wellness,10.65,2,10,False,19.17
501199,100868,2024-01-25,Kazakhstan,Fragrance,34.82,2,0,False,69.64
501200,100869,2025-09-16,Mexico,Makeup,16.71,2,10,False,30.08
501201,100869,2025-10-04,Mexico,Haircare,7.81,1,0,False,7.81
501202,100871,2024-01-27,USA,Fragrance,34.0,1,0,False,34.0
501202,100871,2024-01-27,USA,Fragrance,52.98,2,0,False,105.96
501203,100871,2024-02-15,USA,Makeup,18.05,1,5,False,17.15
501203,100871,2024-02-15,USA,Fragrance,56.46,2,0,False,112.92
501204,100874,2024-03-20,USA,Skincare,14.19,2,0,False,28.38
501205,100874,2024-09-26,USA,Haircare,9.26,1,0,False,9.26
501206,100876,2024-03-06,Mexico,Fragrance,19.39,1,0,True,19.39
501207,100876,2024-03-15,Mexico,Wellness,13.15,1,0,False,13.15
501207,100876,2024-03-15,Mexico,Haircare,17.69,2,0,False,35.38
501207,100876,2024-03-15,Mexico,Wellness,17.37,1,0,False,17.37
501208,100876,2024-09-28,Mexico,Haircare,16.39,1,5,False,15.57
501208,100876,2024-09-28,Mexico,Skincare,9.37,2,0,False,18.74
501208,100876,2024-09-28,Mexico,Skincare,13.24,1,5,False,12.58
501209,100876,2024-10-28,Mexico,Haircare,11.86,2,0,False,23.72
501209,100876,2024-10-28,Mexico,Fragrance,52.66,2,0,False,105.32
501210,100876,2025-04-28,Mexico,Makeup,12.88,2,0,False,25.76
501211,100876,2025-06-12,Mexico,Makeup,14.05,1,10,False,12.65
501211,100876,2025-06-12,Mexico,Haircare,22.81,1,5,False,21.67
501211,100876,2025-06-12,Mexico,Skincare,27.69,2,0,False,55.38
501212,100876,2025-07-12,Mexico,Skincare,10.91,1,5,False,10.36
501212,100876,2025-07-12,Mexico,Fragrance,18.92,1,5,False,17.97
501213,100877,2025-01-04,Russia,Makeup,26.56,1,0,False,26.56
501214,100877,2025-04-13,Russia,Makeup,11.84,1,0,False,11.84
501215,100878,2025-05-25,Belarus,Wellness,11.15,2,5,False,21.18
501216,100878,2025-05-28,Belarus,Fragrance,58.01,1,5,False,55.11
501217,100878,2025-06-23,Belarus,Haircare,14.51,2,0,False,29.02
501218,100880,2025-06-13,Belarus,Fragrance,33.05,2,0,False,66.1
501219,100881,2025-02-01,Kazakhstan,Skincare,31.8,2,10,False,57.24
501220,100881,2025-05-03,Kazakhstan,Wellness,14.98,1,0,False,14.98
501220,100881,2025-05-03,Kazakhstan,Skincare,26.62,1,0,False,26.62
501220,100881,2025-05-03,Kazakhstan,Makeup,14.73,2,0,False,29.46
501221,100882,2024-08-05,Mexico,Haircare,13.25,1,0,False,13.25
501221,100882,2024-08-05,Mexico,Makeup,18.09,2,0,False,36.18
501221,100882,2024-08-05,Mexico,Fragrance,54.59,2,5,False,103.72
501222,100882,2024-09-07,Mexico,Makeup,7.27,2,0,False,14.54
501222,100882,2024-09-07,Mexico,Haircare,11.34,2,0,False,22.68
501223,100883,2024-05-28,Russia,Fragrance,33.56,1,0,False,33.56
501223,100883,2024-05-28,Russia,Wellness,7.58,2,0,False,15.16
501224,100884,2024-01-08,Mexico,Makeup,22.07,1,0,False,22.07
501225,100885,2024-05-11,Russia,Wellness,6.99,1,0,False,6.99
501225,100885,2024-05-11,Russia,Wellness,18.39,2,5,False,34.94
501225,100885,2024-05-11,Russia,Haircare,12.72,2,5,False,24.17
501226,100886,2024-07-09,Russia,Fragrance,40.46,2,10,False,72.83
501226,100886,2024-07-09,Russia,Fragrance,39.37,1,0,False,39.37
501226,100886,2024-07-09,Russia,Wellness,14.86,1,5,False,14.12
501227,100886,2024-11-25,Russia,Makeup,13.89,2,10,True,25.0
501227,100886,2024-11-25,Russia,Wellness,12.87,2,15,True,21.88
501228,100886,2025-03-28,Russia,Makeup,8.73,1,10,False,7.86
501229,100888,2024-12-10,Russia,Fragrance,42.6,2,0,False,85.2
501229,100888,2024-12-10,Russia,Fragrance,57.44,1,0,False,57.44
501229,100888,2024-12-10,Russia,Fragrance,32.25,2,10,False,58.05
501230,100888,2025-10-21,Russia,Fragrance,21.25,1,5,False,20.19
501231,100889,2024-05-12,USA,Fragrance,40.52,1,0,False,40.52
501231,100889,2024-05-12,USA,Makeup,23.09,1,0,False,23.09
501232,100889,2025-04-22,USA,Wellness,19.84,2,0,False,39.68
501232,100889,2025-04-22,USA,Haircare,15.06,2,0,False,30.12
501233,100891,2024-10-31,Russia,Makeup,20.11,1,10,False,18.1
501233,100891,2024-10-31,Russia,Fragrance,20.94,1,0,False,20.94
501233,100891,2024-10-31,Russia,Wellness,7.17,2,0,False,14.34
501234,100892,2025-07-13,Belarus,Makeup,24.37,1,0,False,24.37
501234,100892,2025-07-13,Belarus,Skincare,19.64,1,5,False,18.66
501234,100892,2025-07-13,Belarus,Fragrance,47.46,2,0,False,94.92
501235,100893,2025-07-02,Mexico,Skincare,24.79,2,0,False,49.58
501235,100893,2025-07-02,Mexico,Wellness,19.31,2,0,False,38.62
501235,100893,2025-07-02,Mexico,Makeup,17.36,1,0,False,17.36
501236,100894,2025-10-01,Mexico,Fragrance,49.71,1,0,False,49.71
501237,100896,2024-03-13,Russia,Fragrance,26.4,2,0,False,52.8
501237,100896,2024-03-13,Russia,Wellness,13.55,1,0,False,13.55
501237,100896,2024-03-13,Russia,Fragrance,26.88,1,0,False,26.88
501238,100898,2024-10-11,Russia,Haircare,11.56,2,0,False,23.12
501239,100899,2025-09-03,Russia,Fragrance,51.12,1,0,False,51.12
501239,100899,2025-09-03,Russia,Skincare,11.07,1,0,False,11.07
501239,100899,2025-09-03,Russia,Wellness,10.35,2,0,False,20.7
501240,100899,2025-12-07,Russia,Fragrance,47.31,2,10,False,85.16
501240,100899,2025-12-07,Russia,Haircare,10.65,1,0,False,10.65
501240,100899,2025-12-07,Russia,Skincare,17.09,1,5,False,16.24
501241,100901,2024-11-08,Kazakhstan,Makeup,20.13,1,0,True,20.13
501242,100902,2025-12-10,USA,Haircare,18.03,1,0,False,18.03
501242,100902,2025-12-10,USA,Fragrance,29.7,1,0,False,29.7
501243,100903,2025-02-19,Mexico,Haircare,18.35,2,0,False,36.7
501243,100903,2025-02-19,Mexico,Makeup,7.48,2,0,False,14.96
501244,100903,2025-12-12,Mexico,Haircare,20.14,1,5,False,19.13
501244,100903,2025-12-12,Mexico,Haircare,10.29,2,0,False,20.58
501245,100905,2025-07-02,Belarus,Fragrance,52.84,2,0,False,105.68
501246,100907,2025-03-30,Mexico,Haircare,10.45,2,0,False,20.9
501246,100907,2025-03-30,Mexico,Skincare,34.22,2,0,False,68.44
501247,100907,2025-05-21,Mexico,Makeup,27.56,1,0,False,27.56
501247,100907,2025-05-21,Mexico,Fragrance,56.01,2,0,False,112.02
501248,100909,2025-03-06,Russia,Fragrance,44.19,2,10,True,79.54
501248,100909,2025-03-06,Russia,Fragrance,27.71,1,0,True,27.71
501249,100909,2025-06-11,Russia,Wellness,10.4,1,0,False,10.4
501249,100909,2025-06-11,Russia,Makeup,21.43,1,5,False,20.36
501250,100910,2024-10-06,Russia,Haircare,23.5,1,0,False,23.5
501251,100911,2024-09-29,Mexico,Makeup,22.93,2,10,False,41.27
501251,100911,2024-09-29,Mexico,Makeup,5.61,2,0,False,11.22
501251,100911,2024-09-29,Mexico,Makeup,11.55,1,0,False,11.55
501252,100912,2024-03-08,Mexico,Skincare,20.08,1,10,True,18.07
501252,100912,2024-03-08,Mexico,Makeup,14.76,1,0,True,14.76
501252,100912,2024-03-08,Mexico,Makeup,24.37,1,10,True,21.93
501253,100912,2024-05-01,Mexico,Skincare,17.75,1,5,False,16.86
501254,100912,2024-08-07,Mexico,Haircare,14.5,1,0,False,14.5
501254,100912,2024-08-07,Mexico,Fragrance,39.42,1,0,False,39.42
501255,100914,2024-07-13,Russia,Wellness,21.14,2,0,False,42.28
501255,100914,2024-07-13,Russia,Makeup,26.38,1,0,False,26.38
501255,100914,2024-07-13,Russia,Fragrance,26.46,1,0,False,26.46
501256,100915,2024-10-31,USA,Haircare,13.93,1,10,False,12.54
501256,100915,2024-10-31,USA,Fragrance,20.77,1,0,False,20.77
501257,100915,2025-06-13,USA,Makeup,12.69,2,0,False,25.38
501258,100915,2025-08-12,USA,Skincare,16.64,2,0,False,33.28
501258,100915,2025-08-12,USA,Skincare,22.62,1,0,False,22.62
501259,100915,2025-08-14,USA,Makeup,6.1,2,0,False,12.2
501260,100915,2025-10-13,USA,Makeup,22.27,2,0,False,44.54
501260,100915,2025-10-13,USA,Makeup,11.06,2,0,False,22.12
501260,100915,2025-10-13,USA,Haircare,17.95,1,5,False,17.05
501261,100916,2024-04-22,Kazakhstan,Fragrance,50.32,2,0,False,100.64
501261,100916,2024-04-22,Kazakhstan,Fragrance,51.07,1,0,False,51.07
501262,100917,2025-05-13,USA,Skincare,34.54,2,0,False,69.08
501262,100917,2025-05-13,USA,Makeup,5.51,2,5,False,10.47
501263,100918,2025-09-10,Belarus,Wellness,8.68,2,0,False,17.36
501264,100918,2025-12-06,Belarus,Skincare,33.14,1,0,False,33.14
501264,100918,2025-12-06,Belarus,Wellness,10.6,1,0,False,10.6
501264,100918,2025-12-06,Belarus,Wellness,6.75,2,10,False,12.15
501265,100918,2025-12-11,Belarus,Makeup,9.59,2,0,False,19.18
501265,100918,2025-12-11,Belarus,Fragrance,39.99,1,0,False,39.99
501265,100918,2025-12-11,Belarus,Haircare,8.17,1,0,False,8.17
501266,100919,2024-09-11,Belarus,Haircare,21.11,2,0,False,42.22
501266,100919,2024-09-11,Belarus,Haircare,16.86,2,0,False,33.72
501267,100921,2024-11-08,Mexico,Wellness,12.35,1,0,True,12.35
501267,100921,2024-11-08,Mexico,Wellness,12.58,2,0,True,25.16
501267,100921,2024-11-08,Mexico,Skincare,19.07,2,0,True,38.14
501268,100922,2024-02-18,Mexico,Skincare,22.56,2,10,False,40.61
501268,100922,2024-02-18,Mexico,Fragrance,28.7,2,5,False,54.53
501268,100922,2024-02-18,Mexico,Skincare,12.97,2,0,False,25.94
501269,100923,2025-05-21,Russia,Haircare,22.77,1,0,False,22.77
501269,100923,2025-05-21,Russia,Skincare,13.45,2,5,False,25.55
501270,100924,2025-08-13,Belarus,Fragrance,43.61,1,0,False,43.61
501271,100924,2025-10-16,Belarus,Skincare,15.46,1,0,False,15.46
501272,100925,2024-12-03,Russia,Haircare,9.38,1,0,False,9.38
501272,100925,2024-12-03,Russia,Haircare,11.57,2,0,False,23.14
501273,100927,2024-08-14,Russia,Haircare,23.0,2,0,False,46.0
501273,100927,2024-08-14,Russia,Skincare,21.0,2,0,False,42.0
501274,100927,2025-08-28,Russia,Skincare,16.55,1,10,False,14.9
501274,100927,2025-08-28,Russia,Makeup,23.56,2,10,False,42.41
501274,100927,2025-08-28,Russia,Haircare,23.07,1,0,False,23.07
501275,100927,2025-12-04,Russia,Makeup,13.65,2,10,False,24.57
501276,100927,2025-12-20,Russia,Skincare,33.18,2,0,False,66.36
501276,100927,2025-12-20,Russia,Makeup,25.86,1,5,False,24.57
501276,100927,2025-12-20,Russia,Makeup,26.88,1,0,False,26.88
501277,100928,2024-06-06,Kazakhstan,Fragrance,23.98,1,15,True,20.38
501277,100928,2024-06-06,Kazakhstan,Wellness,16.26,2,15,True,27.64
501278,100928,2024-12-03,Kazakhstan,Haircare,7.71,1,0,False,7.71
501278,100928,2024-12-03,Kazakhstan,Fragrance,36.6,1,0,False,36.6
501278,100928,2024-12-03,Kazakhstan,Fragrance,27.75,1,0,False,27.75
501279,100929,2025-07-07,Russia,Makeup,11.96,1,0,False,11.96
501279,100929,2025-07-07,Russia,Makeup,26.05,2,0,False,52.1
501280,100931,2024-11-07,Russia,Fragrance,29.5,2,0,False,59.0
501280,100931,2024-11-07,Russia,Makeup,15.23,2,0,False,30.46
501281,100931,2025-02-08,Russia,Wellness,19.89,2,5,False,37.79
501282,100932,2024-09-09,Russia,Wellness,15.96,1,0,False,15.96
501283,100932,2024-11-28,Russia,Haircare,8.73,1,0,True,8.73
501284,100934,2024-03-05,Russia,Haircare,23.72,2,20,True,37.95
501284,100934,2024-03-05,Russia,Skincare,11.3,2,15,True,19.21
501284,100934,2024-03-05,Russia,Skincare,26.24,1,25,True,19.68
501285,100935,2025-06-10,Kazakhstan,Makeup,24.43,2,0,False,48.86
501286,100936,2025-10-06,Russia,Makeup,15.23,1,0,False,15.23
501287,100936,2025-10-15,Russia,Fragrance,25.78,1,0,False,25.78
501287,100936,2025-10-15,Russia,Haircare,19.65,2,0,False,39.3
501288,100936,2025-11-03,Russia,Wellness,21.44,2,10,False,38.59
501288,100936,2025-11-03,Russia,Fragrance,42.94,2,10,False,77.29
501288,100936,2025-11-03,Russia,Makeup,9.41,1,5,False,8.94
501289,100936,2025-12-09,Russia,Makeup,25.48,1,0,False,25.48
501289,100936,2025-12-09,Russia,Wellness,15.48,1,5,False,14.71
501289,100936,2025-12-09,Russia,Makeup,19.09,2,5,False,36.27
501290,100937,2025-12-30,Russia,Haircare,24.38,1,0,False,24.38
501290,100937,2025-12-30,Russia,Wellness,11.8,1,0,False,11.8
501291,100938,2025-05-20,Kazakhstan,Fragrance,26.38,1,0,False,26.38
501292,100939,2025-05-25,Mexico,Makeup,20.75,1,0,False,20.75
501292,100939,2025-05-25,Mexico,Haircare,16.89,2,0,False,33.78
501293,100940,2025-08-23,Russia,Makeup,21.51,2,0,False,43.02
501294,100942,2025-05-24,USA,Haircare,20.43,2,0,False,40.86
501294,100942,2025-05-24,USA,Skincare,16.15,2,10,False,29.07
501295,100943,2024-11-01,Belarus,Fragrance,39.05,1,10,False,35.14
501295,100943,2024-11-01,Belarus,Skincare,15.12,1,5,False,14.36
501295,100943,2024-11-01,Belarus,Fragrance,56.91,2,0,False,113.82
501296,100944,2025-07-29,Russia,Haircare,16.49,2,0,False,32.98
501297,100944,2025-11-20,Russia,Skincare,14.38,2,0,False,28.76
501297,100944,2025-11-20,Russia,Fragrance,16.38,1,10,False,14.74
501297,100944,2025-11-20,Russia,Wellness,10.5,2,0,False,21.0
501298,100946,2024-09-18,Russia,Wellness,17.28,2,10,False,31.1
501299,100946,2024-10-07,Russia,Skincare,17.06,1,0,False,17.06
501299,100946,2024-10-07,Russia,Fragrance,54.33,2,5,False,103.23
501299,100946,2024-10-07,Russia,Skincare,21.65,1,10,False,19.48
501300,100946,2024-11-21,Russia,Wellness,19.1,2,0,False,38.2
501300,100946,2024-11-21,Russia,Makeup,12.66,1,10,False,11.39
501300,100946,2024-11-21,Russia,Fragrance,29.61,2,0,False,59.22
501301,100946,2024-12-09,Russia,Haircare,16.02,1,0,False,16.02
501301,100946,2024-12-09,Russia,Wellness,12.25,2,0,False,24.5
501301,100946,2024-12-09,Russia,Haircare,8.96,2,0,False,17.92
501302,100947,2025-01-23,Russia,Wellness,15.91,1,0,False,15.91
501302,100947,2025-01-23,Russia,Skincare,10.92,1,0,False,10.92
501302,100947,2025-01-23,Russia,Skincare,19.33,2,0,False,38.66
501303,100947,2025-06-07,Russia,Haircare,20.43,1,0,False,20.43
501304,100948,2024-11-26,USA,Fragrance,36.21,1,10,True,32.59
501305,100950,2025-07-11,Mexico,Fragrance,48.1,2,0,False,96.2
501305,100950,2025-07-11,Mexico,Wellness,20.89,2,0,False,41.78
501305,100950,2025-07-11,Mexico,Haircare,21.03,2,0,False,42.06
501306,100950,2025-09-26,Mexico,Wellness,9.35,2,5,False,17.76
501306,100950,2025-09-26,Mexico,Haircare,18.17,2,0,False,36.34
501307,100951,2025-11-14,Mexico,Haircare,20.59,2,5,False,39.12
501308,100952,2025-05-21,Russia,Haircare,18.78,1,0,False,18.78
501308,100952,2025-05-21,Russia,Makeup,16.44,1,0,False,16.44
501309,100953,2025-03-30,Russia,Haircare,19.12,1,0,False,19.12
501309,100953,2025-03-30,Russia,Haircare,17.99,1,0,False,17.99
501309,100953,2025-03-30,Russia,Fragrance,45.35,1,0,False,45.35
501310,100953,2025-06-16,Russia,Fragrance,49.34,2,0,False,98.68
501310,100953,2025-06-16,Russia,Fragrance,23.86,2,0,False,47.72
501311,100953,2025-12-07,Russia,Haircare,24.72,1,5,False,23.48
501311,100953,2025-12-07,Russia,Makeup,21.42,2,0,False,42.84
501311,100953,2025-12-07,Russia,Wellness,8.5,1,0,False,8.5
501312,100955,2025-06-10,Mexico,Skincare,17.81,1,0,False,17.81
501313,100955,2025-06-12,Mexico,Fragrance,38.62,1,5,False,36.69
501313,100955,2025-06-12,Mexico,Wellness,14.68,2,0,False,29.36
501313,100955,2025-06-12,Mexico,Wellness,18.23,2,0,False,36.46
501314,100956,2024-09-11,Russia,Makeup,18.9,2,0,False,37.8
501314,100956,2024-09-11,Russia,Haircare,16.89,2,0,False,33.78
501315,100957,2024-10-08,USA,Skincare,25.79,2,0,False,51.58
501315,100957,2024-10-08,USA,Fragrance,53.73,2,5,False,102.09
501316,100959,2024-05-02,Kazakhstan,Makeup,12.64,1,0,False,12.64
501316,100959,2024-05-02,Kazakhstan,Haircare,7.71,1,0,False,7.71
501316,100959,2024-05-02,Kazakhstan,Wellness,19.02,2,10,False,34.24
501317,100961,2024-07-15,Mexico,Makeup,6.08,2,5,False,11.55
501317,100961,2024-07-15,Mexico,Skincare,23.67,1,0,False,23.67
501318,100961,2024-11-13,Mexico,Skincare,21.03,2,10,True,37.85
501319,100961,2025-01-03,Mexico,Skincare,26.83,2,0,False,53.66
501319,100961,2025-01-03,Mexico,Skincare,24.85,1,0,False,24.85
501320,100962,2025-04-23,Russia,Skincare,9.27,1,10,False,8.34
501321,100962,2025-05-25,Russia,Makeup,12.84,2,0,False,25.68
501321,100962,2025-05-25,Russia,Wellness,12.03,1,0,False,12.03
501321,100962,2025-05-25,Russia,Haircare,16.31,2,0,False,32.62
501322,100962,2025-07-08,Russia,Makeup,14.81,1,5,False,14.07
501322,100962,2025-07-08,Russia,Skincare,30.09,2,0,False,60.18
501323,100963,2024-07-15,Russia,Skincare,29.19,2,5,False,55.46
501323,100963,2024-07-15,Russia,Wellness,16.76,2,10,False,30.17
501323,100963,2024-07-15,Russia,Makeup,11.23,2,0,False,22.46
501324,100964,2024-06-15,Mexico,Skincare,20.47,1,0,False,20.47
501325,100966,2025-01-15,Mexico,Fragrance,33.39,1,0,False,33.39
501326,100966,2025-04-24,Mexico,Wellness,15.54,1,5,False,14.76
501327,100968,2024-12-07,Belarus,Haircare,11.45,2,5,False,21.76
501327,100968,2024-12-07,Belarus,Fragrance,59.52,2,0,False,119.04
501327,100968,2024-12-07,Belarus,Fragrance,50.08,1,0,False,50.08
501328,100968,2025-02-22,Belarus,Haircare,12.86,2,0,False,25.72
501328,100968,2025-02-22,Belarus,Skincare,31.53,2,0,False,63.06
501328,100968,2025-02-22,Belarus,Wellness,11.49,1,5,False,10.92
501329,100970,2024-10-26,Mexico,Makeup,23.79,1,0,False,23.79
501329,100970,2024-10-26,Mexico,Skincare,20.75,2,0,False,41.5
501330,100970,2025-01-31,Mexico,Fragrance,26.59,1,0,False,26.59
501330,100970,2025-01-31,Mexico,Skincare,20.71,2,0,False,41.42
501330,100970,2025-01-31,Mexico,Wellness,10.39,2,0,False,20.78
501331,100971,2024-10-26,Russia,Makeup,17.96,1,0,False,17.96
501332,100972,2025-09-12,Russia,Haircare,24.72,2,0,False,49.44
501332,100972,2025-09-12,Russia,Makeup,8.27,1,0,False,8.27
501332,100972,2025-09-12,Russia,Wellness,14.37,1,0,False,14.37
501333,100976,2025-06-02,Mexico,Wellness,6.69,2,15,True,11.37
501333,100976,2025-06-02,Mexico,Skincare,30.85,1,0,True,30.85
501333,100976,2025-06-02,Mexico,Haircare,16.39,2,15,True,27.86
501334,100977,2025-09-27,Mexico,Haircare,11.95,1,0,False,11.95
501335,100978,2024-07-07,Russia,Wellness,8.58,2,0,False,17.16
501335,100978,2024-07-07,Russia,Skincare,22.73,1,5,False,21.59
501335,100978,2024-07-07,Russia,Skincare,26.36,1,0,False,26.36
501336,100979,2025-08-18,Kazakhstan,Haircare,17.73,2,0,False,35.46
501337,100981,2024-09-09,Belarus,Makeup,12.01,1,0,False,12.01
501337,100981,2024-09-09,Belarus,Makeup,25.23,2,0,False,50.46
501337,100981,2024-09-09,Belarus,Skincare,24.45,1,0,False,24.45
501338,100981,2024-10-14,Belarus,Haircare,17.98,2,0,False,35.96
501339,100981,2024-11-05,Belarus,Wellness,12.7,2,5,False,24.13
501339,100981,2024-11-05,Belarus,Skincare,29.03,2,0,False,58.06
501339,100981,2024-11-05,Belarus,Makeup,17.46,1,0,False,17.46
501340,100982,2024-10-26,Belarus,Haircare,9.11,1,5,False,8.65
501340,100982,2024-10-26,Belarus,Skincare,17.89,2,0,False,35.78
501340,100982,2024-10-26,Belarus,Wellness,7.25,2,0,False,14.5
501341,100982,2024-11-01,Belarus,Fragrance,55.69,2,0,False,111.38
501341,100982,2024-11-01,Belarus,Wellness,16.49,1,0,False,16.49
501342,100983,2024-06-27,USA,Skincare,13.41,1,0,False,13.41
501342,100983,2024-06-27,USA,Wellness,17.01,2,0,False,34.02
501343,100983,2024-11-19,USA,Haircare,18.52,1,5,False,17.59
501343,100983,2024-11-19,USA,Makeup,24.02,2,0,False,48.04
501343,100983,2024-11-19,USA,Skincare,34.23,2,5,False,65.04
501344,100983,2024-12-24,USA,Haircare,17.16,1,0,False,17.16
501345,100984,2024-07-31,Russia,Wellness,20.74,1,0,False,20.74
501345,100984,2024-07-31,Russia,Wellness,17.3,2,0,False,34.6
501345,100984,2024-07-31,Russia,Makeup,12.89,2,0,False,25.78
501346,100986,2024-11-16,USA,Wellness,16.11,1,0,False,16.11
501346,100986,2024-11-16,USA,Skincare,26.05,2,0,False,52.1
501346,100986,2024-11-16,USA,Haircare,7.07,2,5,False,13.43
501347,100987,2024-11-26,Russia,Skincare,10.55,1,20,True,8.44
501347,100987,2024-11-26,Russia,Haircare,22.93,1,0,True,22.93
501348,100987,2025-03-14,Russia,Haircare,7.32,1,0,False,7.32
501349,100988,2025-09-18,Mexico,Wellness,10.71,1,0,False,10.71
501349,100988,2025-09-18,Mexico,Fragrance,18.28,1,5,False,17.37
501350,100989,2025-04-04,Mexico,Makeup,6.73,2,0,False,13.46
501351,100989,2025-10-18,Mexico,Wellness,7.25,1,0,False,7.25
501352,100989,2025-12-13,Mexico,Skincare,27.29,1,5,False,25.93
501353,100990,2024-03-28,Mexico,Skincare,30.64,2,0,False,61.28
501353,100990,2024-03-28,Mexico,Fragrance,28.19,2,0,False,56.38
501354,100990,2025-05-06,Mexico,Makeup,24.2,1,0,False,24.2
501354,100990,2025-05-06,Mexico,Fragrance,33.34,2,0,False,66.68
501355,100992,2024-05-29,Mexico,Skincare,29.03,1,0,False,29.03
501355,100992,2024-05-29,Mexico,Wellness,7.71,2,0,False,15.42
501356,100992,2024-06-18,Mexico,Haircare,21.95,1,0,False,21.95
501356,100992,2024-06-18,Mexico,Skincare,10.91,1,0,False,10.91
501356,100992,2024-06-18,Mexico,Haircare,7.41,2,0,False,14.82
501357,100992,2024-09-17,Mexico,Skincare,13.7,1,0,False,13.7
501357,100992,2024-09-17,Mexico,Wellness,15.93,1,0,False,15.93
501358,100992,2024-12-28,Mexico,Skincare,21.11,2,5,False,40.11
501358,100992,2024-12-28,Mexico,Haircare,24.7,2,0,False,49.4
501359,100992,2025-01-03,Mexico,Fragrance,40.56,2,5,False,77.06
501359,100992,2025-01-03,Mexico,Makeup,20.58,2,5,False,39.1
501360,100992,2025-01-03,Mexico,Haircare,15.9,1,10,False,14.31
501360,100992,2025-01-03,Mexico,Fragrance,51.07,2,0,False,102.14
501361,100992,2025-05-08,Mexico,Haircare,7.12,2,0,False,14.24
501361,100992,2025-05-08,Mexico,Makeup,13.0,2,0,False,26.0
501362,100993,2025-08-03,USA,Wellness,12.82,1,0,False,12.82
501363,100994,2024-06-01,Russia,Haircare,17.08,2,0,True,34.16
501364,100994,2024-06-21,Russia,Makeup,27.07,1,5,False,25.72
501365,100995,2024-07-28,Kazakhstan,Wellness,21.1,2,0,False,42.2
501366,100996,2024-12-27,Russia,Fragrance,21.3,1,0,False,21.3
501366,100996,2024-12-27,Russia,Fragrance,26.94,1,0,False,26.94
501367,100996,2025-02-02,Russia,Haircare,7.55,1,5,False,7.17
501367,100996,2025-02-02,Russia,Fragrance,45.49,2,0,False,90.98
501368,100996,2025-04-03,Russia,Fragrance,17.08,1,0,False,17.08
501368,100996,2025-04-03,Russia,Makeup,23.51,2,0,False,47.02
501368,100996,2025-04-03,Russia,Haircare,8.73,2,5,False,16.59
501369,100997,2024-11-27,USA,Makeup,5.19,2,10,True,9.34
501370,100998,2024-02-20,Mexico,Fragrance,47.71,1,10,False,42.94
501370,100998,2024-02-20,Mexico,Haircare,22.34,1,0,False,22.34
501370,100998,2024-02-20,Mexico,Fragrance,39.93,1,5,False,37.93
501371,100998,2024-02-27,Mexico,Wellness,8.19,2,0,False,16.38
501371,100998,2024-02-27,Mexico,Skincare,32.86,1,10,False,29.57
501372,101000,2025-10-28,Mexico,Fragrance,32.95,2,5,False,62.6
501372,101000,2025-10-28,Mexico,Fragrance,32.71,1,0,False,32.71
501372,101000,2025-10-28,Mexico,Fragrance,24.35,2,0,False,48.7
501373,101001,2024-10-08,Mexico,Wellness,17.29,1,0,False,17.29
501373,101001,2024-10-08,Mexico,Makeup,24.23,2,5,False,46.04
501374,101001,2025-02-16,Mexico,Haircare,16.31,2,0,False,32.62
501375,101004,2024-11-08,Mexico,Haircare,7.53,2,0,True,15.06
501375,101004,2024-11-08,Mexico,Wellness,17.45,1,0,True,17.45
501375,101004,2024-11-08,Mexico,Skincare,25.97,2,20,True,41.55
501376,101005,2025-07-08,Russia,Makeup,23.81,2,0,False,47.62
501377,101007,2024-11-13,USA,Haircare,11.03,2,10,True,19.85
501377,101007,2024-11-13,USA,Haircare,12.07,1,10,True,10.86
501378,101008,2025-06-26,Mexico,Wellness,16.24,1,0,False,16.24
501378,101008,2025-06-26,Mexico,Haircare,18.18,2,0,False,36.36
501378,101008,2025-06-26,Mexico,Wellness,12.8,1,0,False,12.8
501379,101008,2025-11-12,Mexico,Haircare,13.87,1,0,True,13.87
501379,101008,2025-11-12,Mexico,Wellness,18.25,2,15,True,31.02
501379,101008,2025-11-12,Mexico,Wellness,13.55,2,10,True,24.39
501380,101008,2025-11-12,Mexico,Fragrance,31.0,2,0,True,62.0
501381,101009,2025-05-29,Kazakhstan,Skincare,9.29,1,0,False,9.29
501381,101009,2025-05-29,Kazakhstan,Wellness,10.31,1,0,False,10.31
501381,101009,2025-05-29,Kazakhstan,Fragrance,49.2,2,0,False,98.4
501382,101010,2025-05-23,Russia,Makeup,17.56,2,0,False,35.12
501382,101010,2025-05-23,Russia,Wellness,6.63,1,0,False,6.63
501383,101011,2024-11-02,Russia,Wellness,8.02,2,0,False,16.04
501383,101011,2024-11-02,Russia,Wellness,18.88,2,10,False,33.98
501383,101011,2024-11-02,Russia,Skincare,12.23,2,0,False,24.46
501384,101012,2025-09-19,USA,Haircare,18.52,2,0,False,37.04
501384,101012,2025-09-19,USA,Wellness,17.64,2,0,False,35.28
501385,101013,2024-09-07,Mexico,Skincare,12.02,2,0,False,24.04
501385,101013,2024-09-07,Mexico,Fragrance,44.36,2,0,False,88.72
501385,101013,2024-09-07,Mexico,Wellness,17.36,1,0,False,17.36
501386,101013,2024-11-02,Mexico,Wellness,18.05,2,0,False,36.1
501386,101013,2024-11-02,Mexico,Makeup,22.52,2,0,False,45.04
501387,101014,2025-03-18,Mexico,Makeup,20.04,1,0,False,20.04
501387,101014,2025-03-18,Mexico,Makeup,7.35,2,5,False,13.96
501388,101015,2024-12-31,Belarus,Makeup,7.28,2,0,False,14.56
501388,101015,2024-12-31,Belarus,Skincare,28.4,2,0,False,56.8
501388,101015,2024-12-31,Belarus,Skincare,14.31,2,0,False,28.62
501389,101016,2024-07-21,Belarus,Haircare,19.11,1,0,False,19.11
501389,101016,2024-07-21,Belarus,Makeup,11.61,2,0,False,23.22
501389,101016,2024-07-21,Belarus,Haircare,10.92,2,0,False,21.84
501390,101016,2025-12-24,Belarus,Fragrance,31.41,2,0,False,62.82
501390,101016,2025-12-24,Belarus,Haircare,18.41,1,0,False,18.41
501390,101016,2025-12-24,Belarus,Makeup,13.6,2,0,False,27.2
501391,101017,2024-05-14,Belarus,Wellness,15.35,1,0,False,15.35
501391,101017,2024-05-14,Belarus,Haircare,23.5,1,10,False,21.15
501392,101017,2024-11-15,Belarus,Makeup,26.3,2,0,False,52.6
501392,101017,2024-11-15,Belarus,Fragrance,54.33,2,0,False,108.66
501392,101017,2024-11-15,Belarus,Skincare,25.89,2,0,False,51.78
501393,101017,2025-07-19,Belarus,Haircare,23.52,1,0,False,23.52
501393,101017,2025-07-19,Belarus,Makeup,11.93,1,0,False,11.93
501394,101017,2025-12-16,Belarus,Makeup,13.36,1,0,False,13.36
501395,101017,2025-12-26,Belarus,Haircare,22.29,1,0,False,22.29
501395,101017,2025-12-26,Belarus,Haircare,10.69,1,0,False,10.69
501396,101018,2024-12-22,Mexico,Fragrance,29.77,2,0,False,59.54
501397,101018,2025-05-01,Mexico,Makeup,27.93,2,0,False,55.86
501397,101018,2025-05-01,Mexico,Makeup,19.24,1,0,False,19.24
501397,101018,2025-05-01,Mexico,Skincare,17.35,1,0,False,17.35
501398,101018,2025-07-23,Mexico,Skincare,8.86,2,5,False,16.83
501399,101019,2025-04-29,Russia,Makeup,17.24,1,0,False,17.24
501400,101020,2024-12-12,Kazakhstan,Wellness,12.84,2,0,False,25.68
501401,101021,2025-04-28,Kazakhstan,Fragrance,57.85,1,0,False,57.85
501401,101021,2025-04-28,Kazakhstan,Wellness,17.0,2,0,False,34.0
501401,101021,2025-04-28,Kazakhstan,Haircare,17.92,2,10,False,32.26
501402,101021,2025-12-09,Kazakhstan,Haircare,9.56,2,0,False,19.12
501403,101022,2025-07-27,Mexico,Makeup,25.33,2,0,False,50.66
501403,101022,2025-07-27,Mexico,Fragrance,30.59,2,5,False,58.12
501403,101022,2025-07-27,Mexico,Wellness,9.52,2,5,False,18.09
501404,101023,2025-05-31,Russia,Wellness,10.78,1,0,False,10.78
501404,101023,2025-05-31,Russia,Skincare,12.69,2,0,False,25.38
501404,101023,2025-05-31,Russia,Makeup,8.13,2,0,False,16.26
501405,101024,2024-12-07,Russia,Fragrance,41.85,1,0,False,41.85
501405,101024,2024-12-07,Russia,Skincare,30.99,2,0,False,61.98
501406,101024,2025-03-26,Russia,Haircare,20.43,1,0,False,20.43
501406,101024,2025-03-26,Russia,Haircare,22.91,2,0,False,45.82
501407,101025,2024-02-07,Russia,Wellness,19.66,2,0,False,39.32
501407,101025,2024-02-07,Russia,Wellness,13.06,2,5,False,24.81
501407,101025,2024-02-07,Russia,Skincare,25.76,1,0,False,25.76
501408,101027,2025-05-05,USA,Makeup,19.67,2,0,False,39.34
501408,101027,2025-05-05,USA,Haircare,18.74,1,5,False,17.8
501409,101027,2025-07-07,USA,Skincare,27.89,1,0,False,27.89
501409,101027,2025-07-07,USA,Wellness,20.88,2,0,False,41.76
501410,101027,2025-12-10,USA,Wellness,20.92,1,0,False,20.92
501410,101027,2025-12-10,USA,Haircare,8.49,1,0,False,8.49
501411,101028,2025-02-02,Mexico,Haircare,20.77,1,5,False,19.73
501412,101028,2025-02-17,Mexico,Haircare,14.2,2,0,False,28.4
501412,101028,2025-02-17,Mexico,Wellness,10.91,2,0,False,21.82
501412,101028,2025-02-17,Mexico,Haircare,22.6,2,0,False,45.2
501413,101028,2025-05-29,Mexico,Haircare,17.08,1,0,False,17.08
501414,101029,2025-07-01,Mexico,Wellness,7.14,2,0,False,14.28
501414,101029,2025-07-01,Mexico,Haircare,14.49,2,0,False,28.98
501414,101029,2025-07-01,Mexico,Makeup,24.73,2,0,False,49.46
501415,101030,2024-11-24,Kazakhstan,Makeup,20.22,1,0,False,20.22
501416,101030,2025-08-31,Kazakhstan,Wellness,20.22,1,0,False,20.22
501416,101030,2025-08-31,Kazakhstan,Makeup,21.44,2,5,False,40.74
501417,101031,2025-03-20,Russia,Makeup,17.62,2,0,False,35.24
501417,101031,2025-03-20,Russia,Wellness,19.75,1,0,False,19.75
501418,101031,2025-09-16,Russia,Skincare,17.87,1,5,False,16.98
501419,101031,2025-09-21,Russia,Fragrance,15.26,2,0,False,30.52
501419,101031,2025-09-21,Russia,Makeup,10.87,1,0,False,10.87
501420,101031,2025-10-02,Russia,Fragrance,23.7,2,5,False,45.03
501420,101031,2025-10-02,Russia,Makeup,12.09,1,0,False,12.09
501421,101031,2025-11-22,Russia,Haircare,10.21,2,0,False,20.42
501422,101033,2024-02-11,USA,Skincare,14.94,1,0,False,14.94
501422,101033,2024-02-11,USA,Makeup,23.21,2,0,False,46.42
501422,101033,2024-02-11,USA,Wellness,16.74,1,0,False,16.74
501423,101035,2025-04-07,Mexico,Makeup,12.13,2,0,False,24.26
501423,101035,2025-04-07,Mexico,Wellness,13.2,1,0,False,13.2
501424,101036,2025-05-01,Russia,Makeup,16.11,2,0,False,32.22
501424,101036,2025-05-01,Russia,Makeup,21.52,1,0,False,21.52
501425,101036,2025-08-14,Russia,Haircare,19.48,2,0,False,38.96
501426,101037,2024-06-23,Russia,Skincare,26.27,2,0,False,52.54
501426,101037,2024-06-23,Russia,Skincare,24.29,2,0,False,48.58
501427,101038,2024-08-31,Mexico,Makeup,19.71,1,0,False,19.71
501427,101038,2024-08-31,Mexico,Fragrance,32.09,1,0,False,32.09
501428,101038,2024-09-23,Mexico,Skincare,11.8,1,0,False,11.8
501428,101038,2024-09-23,Mexico,Wellness,9.11,1,0,False,9.11
501428,101038,2024-09-23,Mexico,Makeup,10.58,2,5,False,20.1
501429,101038,2024-09-26,Mexico,Wellness,17.82,1,0,False,17.82
501429,101038,2024-09-26,Mexico,Fragrance,18.83,1,0,False,18.83
501430,101038,2024-12-12,Mexico,Haircare,17.8,1,5,False,16.91
501431,101039,2025-03-07,Kazakhstan,Haircare,21.17,1,0,True,21.17
501432,101040,2024-09-13,Russia,Haircare,14.49,1,0,False,14.49
501433,101040,2025-07-14,Russia,Fragrance,47.46,2,0,False,94.92
501433,101040,2025-07-14,Russia,Fragrance,16.5,2,0,False,33.0
501434,101041,2024-09-09,Russia,Makeup,27.05,2,10,False,48.69
501434,101041,2024-09-09,Russia,Wellness,20.22,2,0,False,40.44
501434,101041,2024-09-09,Russia,Wellness,14.04,1,0,False,14.04
501435,101042,2024-06-30,Mexico,Wellness,11.96,2,0,False,23.92
501435,101042,2024-06-30,Mexico,Makeup,7.73,1,0,False,7.73
501435,101042,2024-06-30,Mexico,Skincare,20.87,2,5,False,39.65
501436,101042,2024-08-02,Mexico,Skincare,24.98,2,0,False,49.96
501436,101042,2024-08-02,Mexico,Haircare,15.6,2,0,False,31.2
501436,101042,2024-08-02,Mexico,Skincare,28.49,1,5,False,27.07
501437,101042,2024-09-08,Mexico,Wellness,7.52,1,0,False,7.52
501437,101042,2024-09-08,Mexico,Makeup,14.97,1,0,False,14.97
501437,101042,2024-09-08,Mexico,Haircare,8.15,1,0,False,8.15
501438,101042,2024-10-05,Mexico,Haircare,24.38,2,0,False,48.76
501438,101042,2024-10-05,Mexico,Wellness,13.18,1,0,False,13.18
501439,101043,2025-12-17,Russia,Wellness,18.06,1,0,False,18.06
501440,101044,2025-08-19,Belarus,Wellness,11.28,2,0,False,22.56
501440,101044,2025-08-19,Belarus,Wellness,8.52,1,10,False,7.67
501440,101044,2025-08-19,Belarus,Wellness,7.05,1,0,False,7.05
501441,101045,2024-06-21,Russia,Fragrance,18.79,2,5,False,35.7
501441,101045,2024-06-21,Russia,Skincare,17.58,1,0,False,17.58
501441,101045,2024-06-21,Russia,Haircare,7.49,2,0,False,14.98
501442,101047,2024-11-15,Russia,Makeup,20.66,1,0,False,20.66
501442,101047,2024-11-15,Russia,Fragrance,43.58,1,0,False,43.58
501443,101047,2024-11-24,Russia,Skincare,27.74,1,0,False,27.74
501443,101047,2024-11-24,Russia,Wellness,18.82,2,0,False,37.64
501444,101048,2024-05-07,Kazakhstan,Fragrance,33.83,2,0,False,67.66
501445,101049,2024-12-17,USA,Wellness,20.74,1,5,False,19.7
501446,101049,2025-01-19,USA,Makeup,8.32,1,0,False,8.32
501447,101049,2025-02-22,USA,Fragrance,50.17,2,0,False,100.34
501447,101049,2025-02-22,USA,Skincare,23.49,1,10,False,21.14
501448,101051,2025-02-26,Mexico,Haircare,13.8,2,0,False,27.6
501448,101051,2025-02-26,Mexico,Haircare,18.09,1,5,False,17.19
501448,101051,2025-02-26,Mexico,Wellness,20.3,2,0,False,40.6
501449,101051,2025-03-22,Mexico,Wellness,14.97,2,0,False,29.94
501450,101051,2025-09-01,Mexico,Haircare,13.49,1,5,False,12.82
501450,101051,2025-09-01,Mexico,Skincare,17.26,1,0,False,17.26
501451,101052,2024-04-20,Russia,Wellness,11.68,2,10,False,21.02
501451,101052,2024-04-20,Russia,Haircare,7.4,2,0,False,14.8
501451,101052,2024-04-20,Russia,Haircare,18.12,2,0,False,36.24
501452,101053,2024-05-16,USA,Makeup,8.67,2,0,False,17.34
501452,101053,2024-05-16,USA,Fragrance,21.19,1,0,False,21.19
501452,101053,2024-05-16,USA,Makeup,11.74,2,0,False,23.48
501453,101054,2024-04-16,Kazakhstan,Fragrance,27.85,1,0,False,27.85
501454,101054,2024-05-23,Kazakhstan,Haircare,16.49,1,0,False,16.49
501455,101054,2024-07-06,Kazakhstan,Makeup,12.09,2,0,False,24.18
501455,101054,2024-07-06,Kazakhstan,Fragrance,28.62,2,0,False,57.24
501456,101056,2024-08-19,USA,Fragrance,36.8,2,0,False,73.6
501456,101056,2024-08-19,USA,Fragrance,45.63,2,0,False,91.26
501456,101056,2024-08-19,USA,Wellness,13.76,2,0,False,27.52
501457,101056,2025-03-04,USA,Makeup,24.33,2,15,True,41.36
501457,101056,2025-03-04,USA,Skincare,16.19,1,0,True,16.19
501458,101056,2025-09-02,USA,Makeup,14.69,1,0,False,14.69
501459,101056,2025-11-13,USA,Haircare,11.6,1,0,False,11.6
501459,101056,2025-11-13,USA,Makeup,18.65,1,0,False,18.65
501460,101060,2024-06-04,Mexico,Haircare,22.31,2,0,True,44.62
501460,101060,2024-06-04,Mexico,Skincare,32.12,2,0,True,64.24
501460,101060,2024-06-04,Mexico,Makeup,7.83,1,0,True,7.83
501461,101061,2024-06-20,Russia,Wellness,18.59,1,5,False,17.66
501461,101061,2024-06-20,Russia,Fragrance,47.24,2,0,False,94.48
501462,101062,2024-10-17,USA,Wellness,17.3,2,0,False,34.6
501462,101062,2024-10-17,USA,Skincare,33.34,2,0,False,66.68
501463,101062,2025-01-25,USA,Wellness,20.12,2,0,False,40.24
501463,101062,2025-01-25,USA,Makeup,13.78,1,5,False,13.09
501464,101063,2024-02-15,Mexico,Fragrance,29.11,1,0,False,29.11
501464,101063,2024-02-15,Mexico,Skincare,15.89,1,5,False,15.1
501464,101063,2024-02-15,Mexico,Wellness,9.13,2,0,False,18.26
501465,101064,2025-03-05,Russia,Skincare,16.49,1,15,True,14.02
501466,101065,2024-10-10,Russia,Wellness,7.08,1,5,False,6.73
501466,101065,2024-10-10,Russia,Haircare,15.21,1,0,False,15.21
501466,101065,2024-10-10,Russia,Fragrance,15.58,2,0,False,31.16
501467,101065,2025-02-12,Russia,Fragrance,56.53,2,0,False,113.06
501468,101065,2025-08-30,Russia,Haircare,11.46,2,5,False,21.77
501468,101065,2025-08-30,Russia,Fragrance,29.92,1,10,False,26.93
501468,101065,2025-08-30,Russia,Makeup,21.48,2,0,False,42.96
501469,101066,2025-10-12,Belarus,Wellness,17.53,1,0,False,17.53
501470,101069,2025-04-20,USA,Makeup,8.6,1,0,False,8.6
501471,101069,2025-06-17,USA,Skincare,22.0,2,0,False,44.0
501471,101069,2025-06-17,USA,Makeup,27.06,1,0,False,27.06
501472,101070,2025-06-24,Russia,Fragrance,57.51,2,0,False,115.02
501473,101071,2024-05-11,USA,Skincare,34.64,1,5,False,32.91
501473,101071,2024-05-11,USA,Haircare,7.35,2,5,False,13.96
501474,101072,2024-04-17,Mexico,Haircare,13.33,1,0,False,13.33
501475,101074,2024-04-04,Russia,Makeup,25.3,2,5,False,48.07
501475,101074,2024-04-04,Russia,Fragrance,47.17,2,0,False,94.34
501475,101074,2024-04-04,Russia,Makeup,22.3,1,0,False,22.3
501476,101075,2024-08-03,Russia,Makeup,23.17,2,10,False,41.71
501476,101075,2024-08-03,Russia,Haircare,18.46,2,5,False,35.07
501477,101076,2025-06-15,Russia,Fragrance,52.03,2,0,False,104.06
501477,101076,2025-06-15,Russia,Fragrance,35.99,1,0,False,35.99
501478,101077,2025-05-29,Mexico,Fragrance,56.03,2,5,False,106.46
501478,101077,2025-05-29,Mexico,Skincare,21.06,2,0,False,42.12
501478,101077,2025-05-29,Mexico,Fragrance,36.26,2,5,False,68.89
501479,101078,2024-09-10,Mexico,Makeup,21.44,2,0,False,42.88
501480,101079,2024-11-23,USA,Skincare,23.62,2,0,False,47.24
501480,101079,2024-11-23,USA,Haircare,9.91,1,5,False,9.41
501481,101080,2025-05-29,Russia,Wellness,12.65,1,0,False,12.65
501481,101080,2025-05-29,Russia,Wellness,20.65,2,0,False,41.3
501481,101080,2025-05-29,Russia,Haircare,19.06,2,10,False,34.31
501482,101081,2025-09-10,USA,Haircare,22.63,1,0,False,22.63
501482,101081,2025-09-10,USA,Makeup,14.53,1,0,False,14.53
501483,101082,2024-07-07,Russia,Haircare,12.92,1,10,False,11.63
501483,101082,2024-07-07,Russia,Wellness,8.77,1,0,False,8.77
501483,101082,2024-07-07,Russia,Fragrance,23.51,2,0,False,47.02
501484,101083,2025-03-15,USA,Makeup,20.9,2,0,False,41.8
501484,101083,2025-03-15,USA,Wellness,11.9,2,0,False,23.8
501485,101085,2025-02-23,Russia,Haircare,12.19,2,5,False,23.16
501485,101085,2025-02-23,Russia,Skincare,18.22,2,0,False,36.44
501485,101085,2025-02-23,Russia,Haircare,23.81,1,0,False,23.81
501486,101086,2025-06-21,USA,Fragrance,29.09,1,0,False,29.09
501487,101087,2025-06-25,Mexico,Makeup,23.16,2,10,False,41.69
501488,101087,2025-09-03,Mexico,Haircare,23.71,1,0,False,23.71
501488,101087,2025-09-03,Mexico,Makeup,7.4,1,5,False,7.03
501488,101087,2025-09-03,Mexico,Wellness,16.18,1,0,False,16.18
501489,101088,2024-11-30,Mexico,Wellness,20.26,1,10,True,18.23
501489,101088,2024-11-30,Mexico,Haircare,12.1,2,0,True,24.2
501490,101089,2025-05-17,USA,Skincare,19.27,2,0,False,38.54
501490,101089,2025-05-17,USA,Skincare,18.54,1,0,False,18.54
501491,101090,2024-02-06,Belarus,Skincare,26.88,2,0,False,53.76
501492,101090,2024-02-21,Belarus,Skincare,33.88,1,0,False,33.88
501492,101090,2024-02-21,Belarus,Fragrance,37.86,2,0,False,75.72
501493,101091,2024-08-18,Kazakhstan,Fragrance,28.35,2,0,False,56.7
501494,101091,2024-11-06,Kazakhstan,Fragrance,16.91,2,5,False,32.13
501494,101091,2024-11-06,Kazakhstan,Haircare,13.35,1,5,False,12.68
501495,101091,2025-12-23,Kazakhstan,Makeup,24.61,2,0,False,49.22
501495,101091,2025-12-23,Kazakhstan,Makeup,25.41,2,5,False,48.28
501496,101092,2024-09-29,Russia,Skincare,27.93,2,0,False,55.86
501497,101092,2024-10-29,Russia,Fragrance,45.77,2,0,False,91.54
501498,101092,2024-11-05,Russia,Skincare,11.52,2,0,False,23.04
501498,101092,2024-11-05,Russia,Fragrance,26.07,2,0,False,52.14
501499,101092,2024-11-05,Russia,Makeup,11.5,2,5,False,21.85
501500,101092,2024-11-19,Russia,Wellness,9.08,1,0,False,9.08
501500,101092,2024-11-19,Russia,Skincare,23.99,2,0,False,47.98
501500,101092,2024-11-19,Russia,Haircare,21.07,2,5,False,40.03
501501,101093,2024-06-21,USA,Haircare,22.26,2,0,False,44.52
501502,101094,2025-08-27,USA,Fragrance,15.34,2,10,False,27.61
501502,101094,2025-08-27,USA,Fragrance,50.66,2,0,False,101.32
501503,101095,2024-10-20,Russia,Wellness,14.7,2,0,False,29.4
501503,101095,2024-10-20,Russia,Fragrance,40.56,2,0,False,81.12
501504,101095,2024-11-16,Russia,Wellness,9.36,2,0,False,18.72
501504,101095,2024-11-16,Russia,Haircare,23.07,2,0,False,46.14
501505,101097,2024-11-23,Russia,Skincare,17.82,2,0,False,35.64
501506,101097,2025-11-11,Russia,Wellness,12.11,1,15,True,10.29
501507,101098,2024-02-16,Russia,Makeup,24.45,1,0,False,24.45
501507,101098,2024-02-16,Russia,Fragrance,56.24,1,0,False,56.24
501507,101098,2024-02-16,Russia,Wellness,15.25,2,0,False,30.5
501508,101100,2024-09-13,Belarus,Skincare,12.91,1,5,False,12.26
501508,101100,2024-09-13,Belarus,Makeup,8.66,2,0,False,17.32
501509,101100,2025-04-19,Belarus,Skincare,28.85,2,0,False,57.7
501509,101100,2025-04-19,Belarus,Haircare,19.78,2,0,False,39.56
501510,101101,2024-10-22,Russia,Skincare,25.8,1,10,False,23.22
501511,101101,2024-11-17,Russia,Haircare,8.65,1,0,False,8.65
501511,101101,2024-11-17,Russia,Haircare,17.36,2,5,False,32.98
501511,101101,2024-11-17,Russia,Wellness,13.93,2,0,False,27.86
501512,101101,2025-03-10,Russia,Fragrance,39.95,1,0,False,39.95
501512,101101,2025-03-10,Russia,Fragrance,46.8,2,0,False,93.6
501513,101101,2025-06-22,Russia,Wellness,11.35,2,0,False,22.7
501514,101101,2025-07-26,Russia,Haircare,21.91,1,0,False,21.91
501514,101101,2025-07-26,Russia,Haircare,15.23,1,0,False,15.23
501514,101101,2025-07-26,Russia,Makeup,25.18,1,0,False,25.18
501515,101101,2025-08-07,Russia,Haircare,20.22,1,0,False,20.22
501515,101101,2025-08-07,Russia,Fragrance,53.88,1,0,False,53.88
501516,101101,2025-09-03,Russia,Makeup,6.1,2,0,False,12.2
501516,101101,2025-09-03,Russia,Haircare,21.31,2,0,False,42.62
501516,101101,2025-09-03,Russia,Wellness,17.78,1,10,False,16.0
501517,101101,2025-09-17,Russia,Skincare,24.81,1,0,False,24.81
501517,101101,2025-09-17,Russia,Fragrance,50.26,1,0,False,50.26
501518,101102,2024-06-04,Russia,Skincare,19.49,1,0,True,19.49
501518,101102,2024-06-04,Russia,Makeup,23.28,1,0,True,23.28
501519,101103,2025-03-04,Russia,Haircare,7.81,1,0,True,7.81
501519,101103,2025-03-04,Russia,Skincare,27.53,2,10,True,49.55
501520,101104,2024-11-28,Russia,Haircare,20.16,1,0,True,20.16
501520,101104,2024-11-28,Russia,Fragrance,40.54,1,0,True,40.54
501521,101104,2025-04-02,Russia,Makeup,26.22,1,5,False,24.91
501522,101104,2025-10-05,Russia,Wellness,8.14,1,5,False,7.73
501522,101104,2025-10-05,Russia,Haircare,21.68,2,0,False,43.36
501523,101106,2025-07-04,Russia,Haircare,13.42,1,10,False,12.08
501523,101106,2025-07-04,Russia,Wellness,18.5,1,0,False,18.5
501524,101106,2025-09-19,Russia,Fragrance,41.92,1,0,False,41.92
501524,101106,2025-09-19,Russia,Haircare,20.0,2,5,False,38.0
501524,101106,2025-09-19,Russia,Wellness,11.43,2,0,False,22.86
501525,101106,2025-10-07,Russia,Fragrance,52.14,1,0,False,52.14
501525,101106,2025-10-07,Russia,Wellness,7.05,2,0,False,14.1
501525,101106,2025-10-07,Russia,Fragrance,49.08,2,0,False,98.16
501526,101106,2025-11-05,Russia,Haircare,20.09,2,0,False,40.18
501526,101106,2025-11-05,Russia,Skincare,26.57,1,0,False,26.57
501526,101106,2025-11-05,Russia,Fragrance,31.82,2,5,False,60.46
501527,101107,2024-04-02,Kazakhstan,Haircare,11.55,1,0,False,11.55
501528,101107,2024-11-20,Kazakhstan,Haircare,7.4,1,0,False,7.4
501529,101107,2025-02-17,Kazakhstan,Skincare,9.83,1,0,False,9.83
501529,101107,2025-02-17,Kazakhstan,Haircare,9.17,1,0,False,9.17
501529,101107,2025-02-17,Kazakhstan,Wellness,19.41,1,0,False,19.41
501530,101108,2024-08-28,Belarus,Makeup,24.5,2,0,False,49.0
501531,101109,2024-04-26,Russia,Haircare,13.35,2,0,False,26.7
501531,101109,2024-04-26,Russia,Makeup,15.03,1,0,False,15.03
501531,101109,2024-04-26,Russia,Makeup,19.55,1,5,False,18.57
501532,101109,2024-07-11,Russia,Skincare,14.3,1,0,False,14.3
501532,101109,2024-07-11,Russia,Skincare,31.33,1,0,False,31.33
501533,101111,2024-08-01,USA,Haircare,19.28,1,5,False,18.32
501533,101111,2024-08-01,USA,Fragrance,30.26,2,0,False,60.52
501533,101111,2024-08-01,USA,Fragrance,24.16,1,0,False,24.16
501534,101111,2024-11-23,USA,Wellness,13.11,2,0,False,26.22
501534,101111,2024-11-23,USA,Skincare,32.42,1,0,False,32.42
501534,101111,2024-11-23,USA,Fragrance,46.55,2,0,False,93.1
501535,101112,2025-08-03,USA,Skincare,11.51,1,0,False,11.51
501535,101112,2025-08-03,USA,Haircare,24.11,2,0,False,48.22
501536,101113,2025-10-06,USA,Haircare,7.44,1,10,False,6.7
501536,101113,2025-10-06,USA,Makeup,16.49,2,5,False,31.33
501537,101114,2024-05-26,Russia,Skincare,32.69,2,0,False,65.38
501537,101114,2024-05-26,Russia,Fragrance,41.54,2,0,False,83.08
501538,101114,2024-12-23,Russia,Fragrance,54.32,2,0,False,108.64
501539,101114,2024-12-27,Russia,Makeup,15.31,1,0,False,15.31
501540,101114,2025-01-09,Russia,Skincare,29.07,1,0,False,29.07
501540,101114,2025-01-09,Russia,Makeup,7.6,2,0,False,15.2
501541,101116,2024-01-10,Kazakhstan,Makeup,20.37,1,5,False,19.35
501541,101116,2024-01-10,Kazakhstan,Makeup,14.9,2,0,False,29.8
501542,101117,2024-05-03,Russia,Haircare,20.2,1,0,False,20.2
501542,101117,2024-05-03,Russia,Wellness,10.61,1,0,False,10.61
501543,101119,2024-04-20,USA,Skincare,8.12,1,0,False,8.12
501543,101119,2024-04-20,USA,Fragrance,46.06,1,0,False,46.06
501544,101120,2025-10-03,USA,Makeup,6.76,1,0,False,6.76
501544,101120,2025-10-03,USA,Fragrance,30.32,1,0,False,30.32
501545,101121,2024-11-13,Kazakhstan,Makeup,14.82,1,20,True,11.86
501545,101121,2024-11-13,Kazakhstan,Skincare,15.09,2,15,True,25.65
501546,101123,2024-01-11,USA,Haircare,9.95,1,0,False,9.95
501546,101123,2024-01-11,USA,Skincare,24.03,2,0,False,48.06
501546,101123,2024-01-11,USA,Fragrance,30.63,1,0,False,30.63
501547,101125,2024-11-02,Kazakhstan,Fragrance,50.52,2,0,False,101.04
501548,101125,2024-12-22,Kazakhstan,Haircare,20.68,1,0,False,20.68
501548,101125,2024-12-22,Kazakhstan,Makeup,19.14,1,0,False,19.14
501548,101125,2024-12-22,Kazakhstan,Wellness,21.7,2,0,False,43.4
501549,101126,2024-04-18,Russia,Makeup,18.52,1,5,False,17.59
501550,101127,2024-04-19,Belarus,Skincare,31.15,2,0,False,62.3
501551,101127,2024-05-28,Belarus,Wellness,21.29,2,0,False,42.58
501552,101128,2024-01-17,Mexico,Haircare,21.19,1,0,False,21.19
501552,101128,2024-01-17,Mexico,Haircare,18.52,2,0,False,37.04
501552,101128,2024-01-17,Mexico,Fragrance,23.46,2,0,False,46.92
501553,101130,2025-05-26,Russia,Fragrance,52.88,2,0,False,105.76
501553,101130,2025-05-26,Russia,Makeup,18.19,2,0,False,36.38
501554,101131,2025-06-14,Russia,Skincare,29.32,2,0,False,58.64
501554,101131,2025-06-14,Russia,Fragrance,46.32,2,0,False,92.64
501555,101132,2024-12-06,Russia,Wellness,14.04,1,0,False,14.04
501555,101132,2024-12-06,Russia,Haircare,20.44,2,5,False,38.84
501556,101133,2024-11-09,Russia,Fragrance,35.12,1,10,True,31.61
501556,101133,2024-11-09,Russia,Skincare,11.11,1,0,True,11.11
501557,101133,2025-01-03,Russia,Skincare,23.78,2,0,False,47.56
501557,101133,2025-01-03,Russia,Haircare,9.91,1,5,False,9.41
501558,101134,2024-12-22,Russia,Haircare,23.57,1,0,False,23.57
501559,101135,2025-03-18,USA,Fragrance,30.67,2,0,False,61.34
501559,101135,2025-03-18,USA,Skincare,33.3,1,0,False,33.3
501560,101136,2024-04-08,Russia,Skincare,14.77,1,0,False,14.77
501561,101136,2024-08-04,Russia,Haircare,9.0,2,10,False,16.2
501561,101136,2024-08-04,Russia,Makeup,25.71,1,0,False,25.71
501562,101136,2024-10-12,Russia,Fragrance,49.5,2,10,False,89.1
501562,101136,2024-10-12,Russia,Wellness,8.93,1,0,False,8.93
501563,101136,2025-02-12,Russia,Fragrance,40.08,1,0,False,40.08
501564,101137,2024-09-29,Mexico,Wellness,6.16,2,0,False,12.32
501565,101138,2025-12-19,Mexico,Skincare,15.15,1,0,False,15.15
501565,101138,2025-12-19,Mexico,Skincare,23.44,1,0,False,23.44
501566,101139,2024-10-06,Kazakhstan,Haircare,9.66,1,0,False,9.66
501566,101139,2024-10-06,Kazakhstan,Makeup,17.91,2,0,False,35.82
501567,101139,2024-10-31,Kazakhstan,Makeup,5.98,1,0,False,5.98
501567,101139,2024-10-31,Kazakhstan,Haircare,13.99,1,5,False,13.29
501568,101139,2024-12-01,Kazakhstan,Skincare,10.77,2,0,False,21.54
501568,101139,2024-12-01,Kazakhstan,Fragrance,40.18,1,0,False,40.18
501568,101139,2024-12-01,Kazakhstan,Skincare,12.06,1,5,False,11.46
501569,101140,2024-11-11,Belarus,Wellness,11.96,1,10,True,10.76
501569,101140,2024-11-11,Belarus,Haircare,15.36,1,0,True,15.36
501570,101140,2024-12-27,Belarus,Skincare,18.56,2,5,False,35.26
501570,101140,2024-12-27,Belarus,Haircare,11.27,1,0,False,11.27
501571,101140,2024-12-29,Belarus,Makeup,12.16,2,0,False,24.32
501572,101140,2024-12-30,Belarus,Makeup,6.92,2,0,False,13.84
501572,101140,2024-12-30,Belarus,Fragrance,50.68,1,0,False,50.68
501573,101141,2025-07-01,Russia,Haircare,8.56,1,5,False,8.13
501574,101142,2025-03-25,Mexico,Makeup,6.0,2,0,False,12.0
501574,101142,2025-03-25,Mexico,Wellness,13.52,1,0,False,13.52
501574,101142,2025-03-25,Mexico,Makeup,13.47,2,0,False,26.94
501575,101143,2024-04-17,Mexico,Makeup,23.25,2,0,False,46.5
501576,101144,2025-05-14,Mexico,Wellness,15.78,1,0,False,15.78
501576,101144,2025-05-14,Mexico,Skincare,28.02,2,0,False,56.04
501576,101144,2025-05-14,Mexico,Haircare,16.55,2,0,False,33.1
501577,101145,2025-09-10,Kazakhstan,Skincare,15.06,2,0,False,30.12
501578,101145,2025-11-04,Kazakhstan,Wellness,14.1,1,5,False,13.4
501579,101146,2024-05-21,USA,Fragrance,28.19,1,10,False,25.37
501579,101146,2024-05-21,USA,Skincare,33.17,2,0,False,66.34
501580,101146,2024-12-10,USA,Makeup,9.68,2,0,False,19.36
501581,101146,2025-02-12,USA,Makeup,27.02,2,0,False,54.04
501582,101147,2025-09-01,USA,Wellness,10.56,2,5,False,20.06
501582,101147,2025-09-01,USA,Haircare,19.68,1,5,False,18.7
501583,101148,2025-01-27,Belarus,Fragrance,39.69,1,0,False,39.69
501583,101148,2025-01-27,Belarus,Fragrance,55.98,1,5,False,53.18
501583,101148,2025-01-27,Belarus,Skincare,28.72,1,0,False,28.72
501584,101148,2025-02-24,Belarus,Haircare,14.99,2,0,False,29.98
501584,101148,2025-02-24,Belarus,Fragrance,20.97,2,0,False,41.94
501584,101148,2025-02-24,Belarus,Fragrance,52.41,1,0,False,52.41
501585,101148,2025-03-31,Belarus,Fragrance,51.61,1,0,False,51.61
501585,101148,2025-03-31,Belarus,Wellness,7.54,1,0,False,7.54
501585,101148,2025-03-31,Belarus,Makeup,19.21,1,5,False,18.25
501586,101149,2025-04-23,Mexico,Haircare,23.64,1,10,False,21.28
501586,101149,2025-04-23,Mexico,Makeup,18.06,2,0,False,36.12
501586,101149,2025-04-23,Mexico,Skincare,27.02,2,5,False,51.34
501587,101150,2024-08-09,Russia,Wellness,13.07,1,0,False,13.07
501587,101150,2024-08-09,Russia,Skincare,8.52,1,0,False,8.52
501587,101150,2024-08-09,Russia,Haircare,12.57,2,5,False,23.88
501588,101150,2024-08-24,Russia,Haircare,12.25,2,0,False,24.5
501588,101150,2024-08-24,Russia,Wellness,17.85,2,0,False,35.7
501588,101150,2024-08-24,Russia,Fragrance,26.53,1,5,False,25.2
501589,101151,2024-06-18,USA,Fragrance,56.43,2,0,False,112.86
501589,101151,2024-06-18,USA,Haircare,16.24,2,0,False,32.48
501590,101151,2025-01-26,USA,Wellness,18.53,1,0,False,18.53
501591,101153,2025-03-20,USA,Makeup,18.95,1,0,False,18.95
501591,101153,2025-03-20,USA,Wellness,18.55,2,0,False,37.1
501591,101153,2025-03-20,USA,Skincare,12.93,2,0,False,25.86
501592,101154,2025-12-23,Russia,Haircare,24.8,2,0,False,49.6
501592,101154,2025-12-23,Russia,Fragrance,26.38,1,0,False,26.38
501593,101155,2025-03-12,USA,Haircare,12.18,2,0,False,24.36
501593,101155,2025-03-12,USA,Haircare,9.08,1,0,False,9.08
501594,101155,2025-07-11,USA,Wellness,17.8,1,0,False,17.8
501594,101155,2025-07-11,USA,Makeup,14.91,2,0,False,29.82
501594,101155,2025-07-11,USA,Makeup,11.25,1,0,False,11.25
501595,101155,2025-10-03,USA,Makeup,20.56,2,0,False,41.12
501595,101155,2025-10-03,USA,Fragrance,32.42,2,0,False,64.84
501596,101156,2024-08-27,Russia,Wellness,8.16,1,0,False,8.16
501596,101156,2024-08-27,Russia,Fragrance,15.73,1,0,False,15.73
501597,101156,2024-11-26,Russia,Makeup,23.97,2,0,True,47.94
501598,101156,2024-11-29,Russia,Makeup,17.04,2,0,True,34.08
501599,101157,2025-06-01,Belarus,Fragrance,23.31,1,0,True,23.31
501600,101157,2025-09-05,Belarus,Haircare,12.37,2,0,False,24.74
501600,101157,2025-09-05,Belarus,Wellness,13.79,2,0,False,27.58
501600,101157,2025-09-05,Belarus,Skincare,34.71,1,0,False,34.71
501601,101158,2025-09-25,Russia,Fragrance,27.65,2,0,False,55.3
501601,101158,2025-09-25,Russia,Fragrance,49.28,1,0,False,49.28
501601,101158,2025-09-25,Russia,Wellness,10.91,1,0,False,10.91
501602,101160,2024-03-10,Mexico,Wellness,17.52,2,0,True,35.04
501602,101160,2024-03-10,Mexico,Skincare,18.35,2,20,True,29.36
501602,101160,2024-03-10,Mexico,Makeup,16.3,1,10,True,14.67
501603,101160,2024-03-18,Mexico,Makeup,5.51,2,5,False,10.47
501603,101160,2024-03-18,Mexico,Makeup,26.06,1,0,False,26.06
501603,101160,2024-03-18,Mexico,Wellness,10.78,1,5,False,10.24
501604,101160,2024-04-05,Mexico,Haircare,11.92,1,0,False,11.92
501604,101160,2024-04-05,Mexico,Wellness,18.48,1,0,False,18.48
501604,101160,2024-04-05,Mexico,Wellness,8.65,2,0,False,17.3
501605,101162,2024-01-31,Kazakhstan,Wellness,9.18,1,0,False,9.18
501606,101162,2024-03-05,Kazakhstan,Fragrance,26.03,1,0,True,26.03
501607,101162,2024-03-27,Kazakhstan,Fragrance,45.65,1,0,False,45.65
501608,101162,2024-04-03,Kazakhstan,Wellness,18.55,2,5,False,35.24
501608,101162,2024-04-03,Kazakhstan,Haircare,23.68,2,0,False,47.36
501608,101162,2024-04-03,Kazakhstan,Skincare,28.84,2,0,False,57.68
501609,101162,2024-05-20,Kazakhstan,Skincare,8.42,2,0,False,16.84
501609,101162,2024-05-20,Kazakhstan,Skincare,20.12,2,0,False,40.24
501609,101162,2024-05-20,Kazakhstan,Haircare,23.78,1,0,False,23.78
501610,101162,2024-11-21,Kazakhstan,Makeup,22.12,2,0,False,44.24
501610,101162,2024-11-21,Kazakhstan,Makeup,17.16,1,0,False,17.16
501610,101162,2024-11-21,Kazakhstan,Wellness,7.96,2,10,False,14.33
501611,101162,2024-12-15,Kazakhstan,Haircare,11.58,1,0,False,11.58
501611,101162,2024-12-15,Kazakhstan,Skincare,11.83,2,0,False,23.66
501611,101162,2024-12-15,Kazakhstan,Haircare,13.59,2,5,False,25.82
501612,101163,2025-08-16,Russia,Skincare,26.3,1,0,False,26.3
501612,101163,2025-08-16,Russia,Haircare,11.13,2,0,False,22.26
501612,101163,2025-08-16,Russia,Fragrance,42.48,1,0,False,42.48
501613,101163,2025-08-28,Russia,Haircare,13.73,2,0,False,27.46
501613,101163,2025-08-28,Russia,Fragrance,55.75,1,0,False,55.75
501613,101163,2025-08-28,Russia,Haircare,10.41,1,5,False,9.89
501614,101163,2025-08-30,Russia,Fragrance,48.43,1,0,False,48.43
501615,101164,2024-04-06,USA,Wellness,19.29,1,0,False,19.29
501616,101164,2025-02-20,USA,Wellness,19.85,2,0,False,39.7
501616,101164,2025-02-20,USA,Skincare,20.29,2,0,False,40.58
501616,101164,2025-02-20,USA,Makeup,8.23,2,0,False,16.46
501617,101164,2025-02-26,USA,Wellness,12.73,1,0,False,12.73
501617,101164,2025-02-26,USA,Makeup,8.63,2,5,False,16.4
501618,101164,2025-03-02,USA,Skincare,29.19,1,0,False,29.19
501618,101164,2025-03-02,USA,Fragrance,37.0,1,5,False,35.15
501619,101166,2024-07-04,Russia,Fragrance,16.19,2,5,False,30.76
501619,101166,2024-07-04,Russia,Makeup,7.7,2,0,False,15.4
501619,101166,2024-07-04,Russia,Haircare,22.5,2,0,False,45.0
501620,101166,2024-10-20,Russia,Wellness,11.36,2,0,False,22.72
501620,101166,2024-10-20,Russia,Wellness,13.1,1,0,False,13.1
501621,101166,2024-10-25,Russia,Skincare,17.35,1,0,False,17.35
501621,101166,2024-10-25,Russia,Fragrance,56.45,2,5,False,107.26
501621,101166,2024-10-25,Russia,Haircare,11.46,1,0,False,11.46
501622,101166,2024-11-25,Russia,Fragrance,35.03,2,0,True,70.06
501623,101167,2024-07-30,USA,Fragrance,56.64,2,0,False,113.28
501623,101167,2024-07-30,USA,Wellness,11.55,2,0,False,23.1
501623,101167,2024-07-30,USA,Skincare,22.11,2,0,False,44.22
501624,101168,2025-05-19,Mexico,Fragrance,30.67,1,0,False,30.67
501624,101168,2025-05-19,Mexico,Haircare,8.92,1,5,False,8.47
501624,101168,2025-05-19,Mexico,Wellness,14.09,1,0,False,14.09
501625,101169,2024-01-22,Mexico,Makeup,18.43,1,0,False,18.43
501625,101169,2024-01-22,Mexico,Fragrance,21.77,2,0,False,43.54
501626,101169,2024-02-16,Mexico,Haircare,19.27,1,0,False,19.27
501626,101169,2024-02-16,Mexico,Skincare,29.94,2,0,False,59.88
501626,101169,2024-02-16,Mexico,Fragrance,34.44,2,0,False,68.88
501627,101170,2025-07-26,USA,Makeup,26.82,2,0,False,53.64
501628,101170,2025-12-15,USA,Fragrance,28.78,1,10,False,25.9
501628,101170,2025-12-15,USA,Wellness,20.07,2,0,False,40.14
501628,101170,2025-12-15,USA,Haircare,19.44,2,0,False,38.88
501629,101171,2025-08-23,Russia,Haircare,9.46,2,0,False,18.92
501629,101171,2025-08-23,Russia,Makeup,15.83,2,0,False,31.66
501630,101171,2025-09-21,Russia,Fragrance,33.9,2,5,False,64.41
501630,101171,2025-09-21,Russia,Skincare,12.4,2,0,False,24.8
501630,101171,2025-09-21,Russia,Wellness,9.73,2,0,False,19.46
501631,101173,2025-09-05,Mexico,Skincare,32.9,2,10,False,59.22
501632,101173,2025-11-17,Mexico,Haircare,12.25,1,0,False,12.25
501632,101173,2025-11-17,Mexico,Makeup,22.92,1,0,False,22.92
501633,101174,2025-09-20,Mexico,Haircare,19.63,2,0,False,39.26
501633,101174,2025-09-20,Mexico,Wellness,6.96,2,0,False,13.92
501633,101174,2025-09-20,Mexico,Skincare,32.44,1,0,False,32.44
501634,101175,2025-11-10,Mexico,Wellness,11.01,2,15,True,18.72
501634,101175,2025-11-10,Mexico,Makeup,5.85,2,25,True,8.77
501634,101175,2025-11-10,Mexico,Wellness,9.98,2,0,True,19.96
501635,101176,2024-12-06,Russia,Wellness,12.76,1,10,False,11.48
501635,101176,2024-12-06,Russia,Haircare,16.67,2,5,False,31.67
501636,101176,2024-12-12,Russia,Fragrance,17.55,1,0,False,17.55
501637,101176,2025-01-23,Russia,Wellness,7.59,2,0,False,15.18
501638,101176,2025-01-31,Russia,Wellness,9.65,1,0,False,9.65
501639,101176,2025-04-16,Russia,Fragrance,50.07,2,0,False,100.14
501640,101176,2025-07-09,Russia,Skincare,18.45,1,0,False,18.45
501640,101176,2025-07-09,Russia,Makeup,22.95,2,0,False,45.9
501640,101176,2025-07-09,Russia,Wellness,7.85,1,0,False,7.85
501641,101177,2025-04-08,Russia,Fragrance,34.32,2,5,False,65.21
501641,101177,2025-04-08,Russia,Wellness,12.57,1,10,False,11.31
501641,101177,2025-04-08,Russia,Makeup,10.49,1,0,False,10.49
501642,101177,2025-08-08,Russia,Makeup,12.85,2,0,False,25.7
501642,101177,2025-08-08,Russia,Wellness,18.92,1,0,False,18.92
501642,101177,2025-08-08,Russia,Fragrance,40.73,1,0,False,40.73
501643,101177,2025-10-04,Russia,Skincare,19.55,2,0,False,39.1
501643,101177,2025-10-04,Russia,Makeup,23.11,2,0,False,46.22
501643,101177,2025-10-04,Russia,Fragrance,38.7,2,5,False,73.53
501644,101178,2025-05-26,Mexico,Haircare,13.14,2,0,False,26.28
501644,101178,2025-05-26,Mexico,Makeup,24.86,2,0,False,49.72
501644,101178,2025-05-26,Mexico,Fragrance,28.97,2,0,False,57.94
501645,101179,2025-03-22,Belarus,Haircare,15.02,2,5,False,28.54
501645,101179,2025-03-22,Belarus,Skincare,15.86,1,0,False,15.86
501645,101179,2025-03-22,Belarus,Fragrance,55.45,1,0,False,55.45
501646,101179,2025-06-25,Belarus,Fragrance,23.26,2,0,False,46.52
501646,101179,2025-06-25,Belarus,Wellness,10.29,2,10,False,18.52
501647,101180,2025-06-14,Russia,Makeup,23.37,1,0,False,23.37
501647,101180,2025-06-14,Russia,Wellness,11.25,2,0,False,22.5
501647,101180,2025-06-14,Russia,Makeup,6.85,1,0,False,6.85
501648,101181,2025-03-30,Russia,Haircare,14.67,1,0,False,14.67
501648,101181,2025-03-30,Russia,Wellness,10.24,2,0,False,20.48
501648,101181,2025-03-30,Russia,Wellness,14.57,2,0,False,29.14
501649,101183,2025-01-16,Russia,Makeup,21.25,1,0,False,21.25
501649,101183,2025-01-16,Russia,Fragrance,42.87,1,10,False,38.58
501649,101183,2025-01-16,Russia,Skincare,11.53,2,0,False,23.06
501650,101184,2024-05-13,Mexico,Wellness,19.73,1,0,False,19.73
501650,101184,2024-05-13,Mexico,Skincare,33.92,2,0,False,67.84
501651,101186,2025-10-10,Mexico,Fragrance,57.03,1,0,False,57.03
501651,101186,2025-10-10,Mexico,Makeup,20.31,2,0,False,40.62
501651,101186,2025-10-10,Mexico,Makeup,13.62,1,0,False,13.62
501652,101187,2025-04-21,Russia,Skincare,17.71,2,0,False,35.42
501652,101187,2025-04-21,Russia,Skincare,24.05,1,0,False,24.05
501652,101187,2025-04-21,Russia,Makeup,25.94,1,0,False,25.94
501653,101188,2025-05-29,Kazakhstan,Fragrance,29.34,1,0,False,29.34
501653,101188,2025-05-29,Kazakhstan,Wellness,10.23,2,0,False,20.46
501654,101190,2024-09-12,Mexico,Makeup,15.01,2,0,False,30.02
501654,101190,2024-09-12,Mexico,Wellness,20.37,1,0,False,20.37
501655,101190,2024-09-17,Mexico,Wellness,11.42,1,0,False,11.42
501655,101190,2024-09-17,Mexico,Haircare,20.77,1,0,False,20.77
501656,101190,2024-09-25,Mexico,Makeup,23.3,2,0,False,46.6
501656,101190,2024-09-25,Mexico,Skincare,20.34,1,5,False,19.32
501657,101191,2024-12-09,Belarus,Wellness,6.08,2,0,False,12.16
501657,101191,2024-12-09,Belarus,Wellness,17.26,1,10,False,15.53
501657,101191,2024-12-09,Belarus,Makeup,18.88,2,0,False,37.76
501658,101194,2024-09-21,Mexico,Wellness,6.18,2,0,False,12.36
501659,101196,2024-06-23,USA,Wellness,10.94,2,0,False,21.88
501660,101200,2025-12-19,USA,Makeup,10.31,1,0,False,10.31
501660,101200,2025-12-19,USA,Haircare,13.28,2,5,False,25.23
501661,101201,2025-07-24,Russia,Skincare,17.57,2,5,False,33.38
501662,101202,2025-09-29,Mexico,Skincare,34.63,2,5,False,65.8
501662,101202,2025-09-29,Mexico,Haircare,15.99,1,0,False,15.99
501662,101202,2025-09-29,Mexico,Fragrance,16.41,2,0,False,32.82
501663,101202,2025-11-16,Mexico,Fragrance,17.31,2,0,False,34.62
501663,101202,2025-11-16,Mexico,Makeup,25.72,1,5,False,24.43
501664,101203,2025-05-21,Russia,Makeup,26.37,1,0,False,26.37
501664,101203,2025-05-21,Russia,Wellness,11.72,2,0,False,23.44
501664,101203,2025-05-21,Russia,Skincare,15.82,1,0,False,15.82
501665,101204,2024-09-03,Kazakhstan,Skincare,8.47,1,5,False,8.05
501665,101204,2024-09-03,Kazakhstan,Wellness,12.89,1,10,False,11.6
501665,101204,2024-09-03,Kazakhstan,Fragrance,33.28,1,0,False,33.28
501666,101204,2024-12-02,Kazakhstan,Fragrance,55.46,2,0,False,110.92
501666,101204,2024-12-02,Kazakhstan,Skincare,32.14,2,0,False,64.28
501666,101204,2024-12-02,Kazakhstan,Fragrance,30.4,1,0,False,30.4
501667,101204,2024-12-05,Kazakhstan,Makeup,7.94,1,5,False,7.54
501667,101204,2024-12-05,Kazakhstan,Makeup,10.37,1,0,False,10.37
501667,101204,2024-12-05,Kazakhstan,Makeup,5.51,2,0,False,11.02
501668,101204,2024-12-25,Kazakhstan,Fragrance,53.36,2,0,False,106.72
501668,101204,2024-12-25,Kazakhstan,Makeup,9.22,2,0,False,18.44
501668,101204,2024-12-25,Kazakhstan,Haircare,11.0,2,0,False,22.0
501669,101206,2024-12-19,Russia,Haircare,20.74,2,10,False,37.33
501670,101209,2024-03-29,Mexico,Skincare,32.75,2,0,False,65.5
501670,101209,2024-03-29,Mexico,Haircare,15.87,1,0,False,15.87
501670,101209,2024-03-29,Mexico,Haircare,11.11,2,0,False,22.22
501671,101211,2024-05-03,Kazakhstan,Haircare,18.52,1,0,False,18.52
501672,101212,2024-06-30,Russia,Makeup,15.98,1,0,False,15.98
501673,101212,2024-09-09,Russia,Wellness,10.0,2,0,False,20.0
501673,101212,2024-09-09,Russia,Wellness,12.05,1,0,False,12.05
501674,101213,2024-07-22,Russia,Wellness,13.57,1,0,False,13.57
501674,101213,2024-07-22,Russia,Skincare,33.92,1,0,False,33.92
501674,101213,2024-07-22,Russia,Wellness,9.9,1,0,False,9.9
501675,101213,2025-03-11,Russia,Haircare,20.49,2,0,False,40.98
501675,101213,2025-03-11,Russia,Makeup,12.58,2,0,False,25.16
501675,101213,2025-03-11,Russia,Haircare,7.87,2,0,False,15.74
501676,101214,2025-10-14,USA,Haircare,16.68,2,5,False,31.69
501677,101215,2024-10-26,Kazakhstan,Makeup,8.53,2,0,False,17.06
501678,101216,2025-01-07,Mexico,Skincare,20.78,2,0,False,41.56
501679,101216,2025-01-30,Mexico,Makeup,21.33,1,0,False,21.33
501680,101216,2025-02-13,Mexico,Haircare,21.97,2,0,False,43.94
501681,101219,2025-02-13,Russia,Makeup,12.24,1,5,False,11.63
501681,101219,2025-02-13,Russia,Makeup,5.79,2,0,False,11.58
501681,101219,2025-02-13,Russia,Fragrance,49.82,2,0,False,99.64
501682,101219,2025-07-19,Russia,Fragrance,25.29,2,0,False,50.58
501683,101220,2024-10-11,Russia,Skincare,25.22,1,0,False,25.22
501684,101221,2025-10-16,Kazakhstan,Haircare,11.06,1,0,False,11.06
501684,101221,2025-10-16,Kazakhstan,Haircare,16.48,2,10,False,29.66
501684,101221,2025-10-16,Kazakhstan,Skincare,23.45,1,0,False,23.45
501685,101222,2025-05-11,Russia,Fragrance,50.97,2,0,False,101.94
501685,101222,2025-05-11,Russia,Skincare,27.64,2,0,False,55.28
501686,101222,2025-06-11,Russia,Skincare,34.05,1,0,False,34.05
501686,101222,2025-06-11,Russia,Skincare,21.47,2,0,False,42.94
501686,101222,2025-06-11,Russia,Haircare,24.29,1,0,False,24.29
501687,101222,2025-07-07,Russia,Wellness,10.94,1,0,False,10.94
501688,101222,2025-09-17,Russia,Fragrance,53.33,2,5,False,101.33
501689,101222,2025-10-08,Russia,Makeup,6.87,1,0,False,6.87
501690,101223,2025-03-31,Russia,Skincare,26.02,1,0,False,26.02
501690,101223,2025-03-31,Russia,Wellness,11.21,1,0,False,11.21
501690,101223,2025-03-31,Russia,Makeup,6.08,1,0,False,6.08
501691,101223,2025-04-02,Russia,Haircare,22.13,1,0,False,22.13
501691,101223,2025-04-02,Russia,Skincare,30.42,2,0,False,60.84
501691,101223,2025-04-02,Russia,Fragrance,59.42,1,0,False,59.42
501692,101224,2024-09-10,USA,Skincare,11.81,1,0,False,11.81
501692,101224,2024-09-10,USA,Fragrance,31.88,2,0,False,63.76
501693,101225,2025-07-25,Mexico,Makeup,13.8,2,0,False,27.6
501693,101225,2025-07-25,Mexico,Wellness,7.76,2,0,False,15.52
501693,101225,2025-07-25,Mexico,Haircare,7.43,1,5,False,7.06
501694,101226,2024-05-04,Kazakhstan,Makeup,12.07,1,0,False,12.07
501695,101229,2024-01-03,Belarus,Haircare,17.04,1,0,False,17.04
501695,101229,2024-01-03,Belarus,Haircare,21.49,2,5,False,40.83
501696,101230,2024-03-02,Russia,Wellness,19.65,2,10,False,35.37
501696,101230,2024-03-02,Russia,Haircare,8.5,1,0,False,8.5
501696,101230,2024-03-02,Russia,Haircare,9.9,2,5,False,18.81
501697,101231,2025-06-11,USA,Makeup,5.59,2,0,False,11.18
501698,101231,2025-06-30,USA,Haircare,24.14,1,5,False,22.93
501699,101231,2025-08-01,USA,Wellness,12.17,1,0,False,12.17
501699,101231,2025-08-01,USA,Haircare,16.89,1,0,False,16.89
501700,101231,2025-09-07,USA,Wellness,19.96,1,5,False,18.96
501701,101231,2025-11-10,USA,Skincare,29.32,2,0,True,58.64
501701,101231,2025-11-10,USA,Makeup,11.82,2,0,True,23.64
501702,101231,2025-11-12,USA,Wellness,15.92,2,0,True,31.84
501702,101231,2025-11-12,USA,Haircare,7.92,2,15,True,13.46
501702,101231,2025-11-12,USA,Skincare,24.4,2,0,True,48.8
501703,101231,2025-12-13,USA,Fragrance,24.87,1,0,False,24.87
501704,101232,2025-09-24,USA,Haircare,9.55,2,5,False,18.14
501705,101232,2025-10-25,USA,Haircare,12.55,2,0,False,25.1
501705,101232,2025-10-25,USA,Fragrance,53.56,2,0,False,107.12
501706,101233,2024-06-13,USA,Makeup,9.08,2,5,False,17.25
501707,101234,2024-05-09,Mexico,Haircare,16.18,2,0,False,32.36
501707,101234,2024-05-09,Mexico,Fragrance,15.65,2,5,False,29.74
501708,101237,2025-06-19,Mexico,Makeup,5.92,2,0,False,11.84
501708,101237,2025-06-19,Mexico,Fragrance,48.04,1,0,False,48.04
501709,101239,2025-04-04,Belarus,Skincare,27.05,2,10,False,48.69
501710,101240,2025-08-27,Russia,Wellness,17.51,2,5,False,33.27
501710,101240,2025-08-27,Russia,Wellness,16.09,2,0,False,32.18
501711,101241,2024-08-01,Russia,Fragrance,51.6,1,10,False,46.44
501712,101243,2024-06-28,Russia,Haircare,16.84,2,0,False,33.68
501712,101243,2024-06-28,Russia,Wellness,20.15,2,0,False,40.3
501712,101243,2024-06-28,Russia,Fragrance,30.27,2,0,False,60.54
501713,101243,2025-07-04,Russia,Skincare,22.52,1,5,False,21.39
501713,101243,2025-07-04,Russia,Haircare,9.68,2,0,False,19.36
501713,101243,2025-07-04,Russia,Wellness,10.18,2,5,False,19.34
501714,101245,2025-09-21,Mexico,Wellness,15.86,2,0,False,31.72
501714,101245,2025-09-21,Mexico,Haircare,22.39,1,0,False,22.39
501714,101245,2025-09-21,Mexico,Fragrance,40.8,2,0,False,81.6
501715,101245,2025-12-12,Mexico,Makeup,22.92,1,0,False,22.92
501716,101245,2025-12-16,Mexico,Skincare,34.82,2,0,False,69.64
501717,101246,2025-05-21,Mexico,Makeup,21.39,1,0,False,21.39
501717,101246,2025-05-21,Mexico,Skincare,30.07,2,0,False,60.14
501718,101246,2025-06-04,Mexico,Haircare,7.62,1,0,True,7.62
501718,101246,2025-06-04,Mexico,Haircare,7.37,2,0,True,14.74
501718,101246,2025-06-04,Mexico,Wellness,12.6,2,25,True,18.9
501719,101247,2024-06-28,Belarus,Haircare,15.77,2,5,False,29.96
501720,101249,2025-04-15,Mexico,Haircare,8.88,1,0,False,8.88
501720,101249,2025-04-15,Mexico,Fragrance,20.28,2,5,False,38.53
501720,101249,2025-04-15,Mexico,Haircare,24.86,2,0,False,49.72
501721,101250,2024-10-10,USA,Fragrance,24.81,1,0,False,24.81
501721,101250,2024-10-10,USA,Haircare,15.0,1,0,False,15.0
501721,101250,2024-10-10,USA,Wellness,6.89,2,0,False,13.78
501722,101251,2024-03-27,USA,Makeup,9.95,1,5,False,9.45
501722,101251,2024-03-27,USA,Wellness,15.91,1,0,False,15.91
501722,101251,2024-03-27,USA,Haircare,19.61,2,0,False,39.22
501723,101251,2024-05-14,USA,Skincare,19.09,2,0,False,38.18
501723,101251,2024-05-14,USA,Haircare,11.37,2,0,False,22.74
501723,101251,2024-05-14,USA,Makeup,10.67,1,0,False,10.67
501724,101251,2024-07-22,USA,Makeup,22.99,1,0,False,22.99
501725,101251,2025-02-11,USA,Fragrance,42.08,1,5,False,39.98
501725,101251,2025-02-11,USA,Haircare,20.14,1,0,False,20.14
501726,101252,2024-10-01,Russia,Makeup,10.04,1,0,False,10.04
501726,101252,2024-10-01,Russia,Skincare,21.38,2,5,False,40.62
501726,101252,2024-10-01,Russia,Fragrance,21.62,1,0,False,21.62
501727,101253,2025-06-30,Russia,Wellness,17.8,1,0,False,17.8
501727,101253,2025-06-30,Russia,Skincare,15.97,2,5,False,30.34
501728,101254,2024-12-11,Kazakhstan,Fragrance,50.13,1,0,False,50.13
501729,101255,2024-03-19,Russia,Makeup,12.99,1,0,False,12.99
501730,101256,2025-09-04,Russia,Haircare,17.96,2,5,False,34.12
501730,101256,2025-09-04,Russia,Wellness,11.03,1,0,False,11.03
501731,101257,2024-12-11,USA,Makeup,23.37,1,0,False,23.37
501731,101257,2024-12-11,USA,Skincare,26.84,2,0,False,53.68
501732,101258,2025-01-23,Russia,Skincare,13.82,1,0,False,13.82
501733,101259,2024-05-01,Russia,Haircare,17.09,1,0,False,17.09
501733,101259,2024-05-01,Russia,Skincare,25.31,1,0,False,25.31
501733,101259,2024-05-01,Russia,Makeup,11.31,2,0,False,22.62
501734,101260,2025-08-05,Mexico,Skincare,12.22,2,0,False,24.44
501734,101260,2025-08-05,Mexico,Wellness,21.57,1,0,False,21.57
501735,101261,2025-01-03,Russia,Wellness,12.35,2,0,False,24.7
501735,101261,2025-01-03,Russia,Haircare,23.58,2,0,False,47.16
501735,101261,2025-01-03,Russia,Wellness,19.02,1,0,False,19.02
501736,101262,2024-04-11,Russia,Skincare,24.89,1,0,False,24.89
501736,101262,2024-04-11,Russia,Skincare,13.85,2,0,False,27.7
501737,101263,2025-07-21,USA,Skincare,30.62,1,0,False,30.62
501737,101263,2025-07-21,USA,Skincare,14.2,2,0,False,28.4
501737,101263,2025-07-21,USA,Skincare,22.87,2,0,False,45.74
501738,101263,2025-11-28,USA,Haircare,18.15,2,10,True,32.67
501739,101264,2024-12-03,Mexico,Wellness,20.42,2,0,False,40.84
501739,101264,2024-12-03,Mexico,Wellness,21.5,1,5,False,20.42
501740,101264,2024-12-05,Mexico,Wellness,16.32,1,0,False,16.32
501741,101265,2024-02-26,Kazakhstan,Wellness,7.09,1,0,False,7.09
501742,101265,2024-03-14,Kazakhstan,Skincare,9.7,1,0,False,9.7
501742,101265,2024-03-14,Kazakhstan,Haircare,9.63,2,0,False,19.26
501742,101265,2024-03-14,Kazakhstan,Fragrance,27.47,2,0,False,54.94
501743,101266,2024-05-10,Russia,Skincare,15.63,2,0,False,31.26
501743,101266,2024-05-10,Russia,Makeup,25.97,1,10,False,23.37
501744,101266,2024-10-14,Russia,Haircare,13.12,2,0,False,26.24
501744,101266,2024-10-14,Russia,Wellness,10.35,2,0,False,20.7
501744,101266,2024-10-14,Russia,Makeup,16.29,1,0,False,16.29
501745,101267,2024-12-08,Russia,Wellness,12.97,2,0,False,25.94
501745,101267,2024-12-08,Russia,Haircare,22.08,1,0,False,22.08
501746,101267,2025-07-09,Russia,Makeup,15.44,1,0,False,15.44
501746,101267,2025-07-09,Russia,Makeup,12.83,2,5,False,24.38
501746,101267,2025-07-09,Russia,Fragrance,41.52,2,0,False,83.04
501747,101268,2025-05-17,USA,Haircare,22.55,1,0,False,22.55
501747,101268,2025-05-17,USA,Fragrance,18.62,1,0,False,18.62
501748,101269,2025-05-27,Mexico,Wellness,6.33,2,0,False,12.66
501748,101269,2025-05-27,Mexico,Wellness,17.32,2,0,False,34.64
501749,101270,2025-08-09,Russia,Wellness,15.25,2,10,False,27.45
501749,101270,2025-08-09,Russia,Makeup,18.79,1,0,False,18.79
501750,101271,2025-03-10,Mexico,Haircare,16.46,2,0,False,32.92
501750,101271,2025-03-10,Mexico,Haircare,11.84,2,0,False,23.68
501750,101271,2025-03-10,Mexico,Wellness,10.6,2,5,False,20.14
501751,101271,2025-04-08,Mexico,Skincare,8.67,1,0,False,8.67
501751,101271,2025-04-08,Mexico,Makeup,10.95,1,0,False,10.95
501752,101271,2025-07-17,Mexico,Haircare,14.2,1,5,False,13.49
501752,101271,2025-07-17,Mexico,Wellness,11.62,2,0,False,23.24
501753,101273,2024-09-09,Mexico,Makeup,8.71,2,0,False,17.42
501753,101273,2024-09-09,Mexico,Skincare,24.6,1,0,False,24.6
501753,101273,2024-09-09,Mexico,Fragrance,37.08,2,0,False,74.16
501754,101273,2024-10-29,Mexico,Fragrance,48.87,1,0,False,48.87
501754,101273,2024-10-29,Mexico,Wellness,7.42,2,0,False,14.84
501755,101273,2024-11-12,Mexico,Fragrance,43.79,1,15,True,37.22
501755,101273,2024-11-12,Mexico,Haircare,20.32,1,10,True,18.29
501755,101273,2024-11-12,Mexico,Skincare,16.52,1,0,True,16.52
501756,101273,2025-05-28,Mexico,Wellness,7.06,2,0,False,14.12
501757,101274,2025-10-08,Russia,Fragrance,44.35,1,0,False,44.35
501757,101274,2025-10-08,Russia,Skincare,11.62,1,5,False,11.04
501758,101276,2024-09-03,Russia,Skincare,14.11,1,0,False,14.11
501758,101276,2024-09-03,Russia,Skincare,30.09,1,0,False,30.09
501759,101276,2025-02-21,Russia,Makeup,25.41,1,0,False,25.41
501760,101277,2024-10-31,Russia,Makeup,8.05,1,5,False,7.65
501760,101277,2024-10-31,Russia,Fragrance,47.41,2,0,False,94.82
501761,101277,2025-01-21,Russia,Wellness,20.52,1,0,False,20.52
501761,101277,2025-01-21,Russia,Makeup,27.55,1,0,False,27.55
501761,101277,2025-01-21,Russia,Fragrance,25.73,1,0,False,25.73
501762,101278,2025-07-14,USA,Wellness,21.18,1,0,False,21.18
501763,101278,2025-09-17,USA,Fragrance,20.29,2,5,False,38.55
501764,101279,2025-07-31,USA,Haircare,10.45,1,0,False,10.45
501764,101279,2025-07-31,USA,Skincare,9.94,2,5,False,18.89
501765,101279,2025-09-28,USA,Makeup,13.3,1,5,False,12.64
501765,101279,2025-09-28,USA,Makeup,23.59,2,0,False,47.18
501765,101279,2025-09-28,USA,Skincare,18.51,2,0,False,37.02
501766,101281,2024-07-15,Mexico,Haircare,11.64,1,0,False,11.64
501766,101281,2024-07-15,Mexico,Makeup,5.61,2,0,False,11.22
501767,101284,2025-09-20,USA,Makeup,25.04,2,0,False,50.08
501768,101285,2025-03-01,USA,Skincare,27.14,2,0,False,54.28
501768,101285,2025-03-01,USA,Haircare,9.29,2,5,False,17.65
501769,101285,2025-12-13,USA,Wellness,7.62,1,0,False,7.62
501769,101285,2025-12-13,USA,Wellness,10.86,2,0,False,21.72
501769,101285,2025-12-13,USA,Wellness,21.64,2,5,False,41.12
501770,101285,2025-12-18,USA,Wellness,16.81,2,10,False,30.26
501770,101285,2025-12-18,USA,Fragrance,20.69,1,0,False,20.69
501770,101285,2025-12-18,USA,Wellness,6.44,2,0,False,12.88
501771,101286,2024-05-14,Kazakhstan,Wellness,21.29,2,0,False,42.58
501771,101286,2024-05-14,Kazakhstan,Makeup,17.69,1,0,False,17.69
501771,101286,2024-05-14,Kazakhstan,Makeup,21.82,2,0,False,43.64
501772,101286,2024-06-30,Kazakhstan,Haircare,9.62,2,0,False,19.24
501773,101287,2025-05-11,Mexico,Wellness,7.76,2,5,False,14.74
501774,101289,2025-11-10,USA,Skincare,15.3,1,20,True,12.24
501774,101289,2025-11-10,USA,Haircare,16.28,1,10,True,14.65
501774,101289,2025-11-10,USA,Haircare,21.24,2,15,True,36.11
501775,101290,2024-11-23,Russia,Makeup,5.62,2,0,False,11.24
501775,101290,2024-11-23,Russia,Makeup,16.92,1,0,False,16.92
501775,101290,2024-11-23,Russia,Wellness,16.73,1,0,False,16.73
501776,101291,2025-09-12,Mexico,Fragrance,30.88,2,0,False,61.76
501776,101291,2025-09-12,Mexico,Makeup,27.67,2,0,False,55.34
501776,101291,2025-09-12,Mexico,Haircare,22.8,2,5,False,43.32
501777,101291,2025-10-26,Mexico,Wellness,18.22,2,5,False,34.62
501777,101291,2025-10-26,Mexico,Skincare,22.15,2,0,False,44.3
501777,101291,2025-10-26,Mexico,Wellness,7.1,1,5,False,6.74
501778,101291,2025-10-31,Mexico,Skincare,8.4,2,0,False,16.8
501778,101291,2025-10-31,Mexico,Wellness,7.86,1,0,False,7.86
501778,101291,2025-10-31,Mexico,Makeup,22.09,1,5,False,20.99
501779,101291,2025-12-03,Mexico,Makeup,5.02,2,10,False,9.04
501780,101294,2024-04-06,Kazakhstan,Haircare,21.36,1,0,False,21.36
501781,101294,2024-06-02,Kazakhstan,Haircare,22.92,1,10,True,20.63
501781,101294,2024-06-02,Kazakhstan,Wellness,20.58,1,0,True,20.58
501782,101294,2024-07-12,Kazakhstan,Wellness,17.72,2,0,False,35.44
501782,101294,2024-07-12,Kazakhstan,Makeup,11.32,2,5,False,21.51
501783,101295,2024-09-16,Russia,Makeup,22.42,1,5,False,21.3
501784,101295,2024-10-23,Russia,Haircare,12.26,1,10,False,11.03
501785,101295,2025-11-09,Russia,Haircare,9.57,2,10,True,17.23
501785,101295,2025-11-09,Russia,Fragrance,17.1,1,0,True,17.1
501786,101295,2025-12-02,Russia,Skincare,34.72,1,5,False,32.98
501786,101295,2025-12-02,Russia,Skincare,8.75,2,0,False,17.5
501787,101297,2024-01-18,Mexico,Makeup,21.05,1,0,False,21.05
501788,101297,2024-01-25,Mexico,Makeup,13.63,1,0,False,13.63
501789,101297,2024-02-11,Mexico,Haircare,17.63,1,5,False,16.75
501789,101297,2024-02-11,Mexico,Makeup,11.45,1,5,False,10.88
501789,101297,2024-02-11,Mexico,Haircare,17.62,1,0,False,17.62
501790,101297,2024-04-06,Mexico,Wellness,8.81,1,0,False,8.81
501790,101297,2024-04-06,Mexico,Skincare,33.18,2,0,False,66.36
501790,101297,2024-04-06,Mexico,Skincare,17.71,1,0,False,17.71
501791,101297,2024-05-19,Mexico,Wellness,17.01,1,0,False,17.01
501792,101297,2024-12-15,Mexico,Wellness,13.62,2,0,False,27.24
501792,101297,2024-12-15,Mexico,Makeup,24.58,2,0,False,49.16
501792,101297,2024-12-15,Mexico,Haircare,18.38,2,0,False,36.76
501793,101297,2024-12-21,Mexico,Fragrance,59.02,1,0,False,59.02
501794,101297,2025-04-22,Mexico,Fragrance,36.65,1,0,False,36.65
501795,101297,2025-04-30,Mexico,Skincare,21.52,1,0,False,21.52
501795,101297,2025-04-30,Mexico,Haircare,21.46,2,0,False,42.92
501796,101297,2025-08-27,Mexico,Skincare,28.92,2,5,False,54.95
501796,101297,2025-08-27,Mexico,Wellness,18.5,2,0,False,37.0
501796,101297,2025-08-27,Mexico,Wellness,11.39,2,5,False,21.64
501797,101297,2025-11-03,Mexico,Skincare,23.99,2,0,False,47.98
501798,101298,2024-08-06,Mexico,Fragrance,27.39,2,0,False,54.78
501798,101298,2024-08-06,Mexico,Makeup,27.87,2,0,False,55.74
501798,101298,2024-08-06,Mexico,Skincare,12.71,1,0,False,12.71
501799,101299,2025-10-07,USA,Makeup,21.95,2,0,False,43.9
501799,101299,2025-10-07,USA,Makeup,27.45,2,0,False,54.9
501800,101301,2025-04-23,Russia,Skincare,11.16,1,0,False,11.16
501800,101301,2025-04-23,Russia,Fragrance,37.44,2,0,False,74.88
501800,101301,2025-04-23,Russia,Wellness,21.59,1,0,False,21.59
501801,101302,2024-11-21,Belarus,Makeup,8.54,2,0,False,17.08
501801,101302,2024-11-21,Belarus,Wellness,10.0,1,5,False,9.5
501801,101302,2024-11-21,Belarus,Haircare,8.35,1,0,False,8.35
501802,101304,2025-08-29,Kazakhstan,Fragrance,59.66,2,5,False,113.35
501803,101304,2025-09-18,Kazakhstan,Fragrance,24.04,1,5,False,22.84
501803,101304,2025-09-18,Kazakhstan,Wellness,10.0,2,10,False,18.0
501804,101306,2024-11-23,Belarus,Wellness,6.07,2,0,False,12.14
501804,101306,2024-11-23,Belarus,Skincare,25.67,2,0,False,51.34
501804,101306,2024-11-23,Belarus,Haircare,13.83,1,0,False,13.83
501805,101306,2025-09-01,Belarus,Haircare,7.7,2,0,False,15.4
501806,101308,2025-11-03,USA,Makeup,25.81,2,0,False,51.62
501806,101308,2025-11-03,USA,Skincare,28.19,2,0,False,56.38
501807,101309,2024-11-10,USA,Wellness,13.39,1,10,True,12.05
501807,101309,2024-11-10,USA,Fragrance,17.36,1,0,True,17.36
501807,101309,2024-11-10,USA,Makeup,12.31,2,10,True,22.16
501808,101309,2025-01-23,USA,Fragrance,19.71,1,0,False,19.71
501809,101309,2025-08-24,USA,Haircare,19.0,1,0,False,19.0
501809,101309,2025-08-24,USA,Wellness,9.17,2,0,False,18.34
501810,101310,2024-02-05,Kazakhstan,Makeup,24.86,2,0,False,49.72
501811,101311,2025-07-30,Russia,Makeup,23.26,1,0,False,23.26
501811,101311,2025-07-30,Russia,Fragrance,45.93,2,5,False,87.27
501811,101311,2025-07-30,Russia,Fragrance,30.87,1,0,False,30.87
501812,101312,2024-10-06,USA,Fragrance,43.69,2,0,False,87.38
501812,101312,2024-10-06,USA,Makeup,27.08,2,5,False,51.45
501812,101312,2024-10-06,USA,Skincare,20.0,1,0,False,20.0
501813,101312,2024-12-02,USA,Wellness,20.89,1,0,False,20.89
501814,101313,2024-10-27,Mexico,Makeup,19.62,1,0,False,19.62
501814,101313,2024-10-27,Mexico,Skincare,8.45,2,5,False,16.05
501815,101314,2024-09-12,USA,Haircare,21.52,1,0,False,21.52
501815,101314,2024-09-12,USA,Haircare,19.14,2,0,False,38.28
501815,101314,2024-09-12,USA,Wellness,13.91,1,5,False,13.21
501816,101315,2025-04-24,Kazakhstan,Makeup,22.3,2,5,False,42.37
501816,101315,2025-04-24,Kazakhstan,Makeup,19.66,2,0,False,39.32
501816,101315,2025-04-24,Kazakhstan,Fragrance,22.73,2,0,False,45.46
501817,101315,2025-07-20,Kazakhstan,Fragrance,50.2,2,0,False,100.4
501818,101317,2024-07-23,Russia,Fragrance,25.71,1,0,False,25.71
501819,101318,2024-12-07,USA,Haircare,14.28,1,0,False,14.28
501819,101318,2024-12-07,USA,Haircare,17.68,1,0,False,17.68
501820,101318,2024-12-28,USA,Makeup,18.42,1,0,False,18.42
501820,101318,2024-12-28,USA,Makeup,27.01,1,0,False,27.01
501820,101318,2024-12-28,USA,Skincare,31.43,1,0,False,31.43
501821,101318,2025-03-04,USA,Wellness,10.43,2,0,True,20.86
501821,101318,2025-03-04,USA,Skincare,25.93,2,0,True,51.86
501821,101318,2025-03-04,USA,Wellness,7.05,2,15,True,11.98
501822,101318,2025-03-05,USA,Fragrance,37.97,1,0,True,37.97
501822,101318,2025-03-05,USA,Wellness,13.96,1,0,True,13.96
501822,101318,2025-03-05,USA,Haircare,18.03,2,15,True,30.65
501823,101318,2025-05-27,USA,Skincare,8.74,2,0,False,17.48
501823,101318,2025-05-27,USA,Haircare,19.35,2,0,False,38.7
501823,101318,2025-05-27,USA,Fragrance,16.47,1,5,False,15.65
501824,101319,2024-04-18,USA,Haircare,13.54,1,5,False,12.86
501824,101319,2024-04-18,USA,Haircare,9.18,1,0,False,9.18
501824,101319,2024-04-18,USA,Makeup,26.27,2,0,False,52.54
501825,101321,2024-05-27,USA,Haircare,11.35,2,0,False,22.7
501825,101321,2024-05-27,USA,Haircare,15.3,2,0,False,30.6
501825,101321,2024-05-27,USA,Wellness,13.57,1,0,False,13.57
501826,101323,2024-06-30,Kazakhstan,Wellness,10.45,2,0,False,20.9
501827,101323,2024-12-15,Kazakhstan,Skincare,14.73,1,5,False,13.99
501827,101323,2024-12-15,Kazakhstan,Wellness,18.33,1,10,False,16.5
501828,101323,2024-12-17,Kazakhstan,Wellness,17.47,2,5,False,33.19
501829,101323,2025-05-19,Kazakhstan,Skincare,10.87,1,0,False,10.87
501829,101323,2025-05-19,Kazakhstan,Skincare,19.08,2,0,False,38.16
501829,101323,2025-05-19,Kazakhstan,Fragrance,33.46,2,5,False,63.57
501830,101323,2025-08-27,Kazakhstan,Fragrance,57.09,1,0,False,57.09
501830,101323,2025-08-27,Kazakhstan,Fragrance,18.29,2,0,False,36.58
501830,101323,2025-08-27,Kazakhstan,Fragrance,42.7,2,10,False,76.86
501831,101323,2025-12-04,Kazakhstan,Haircare,24.73,2,0,False,49.46
501831,101323,2025-12-04,Kazakhstan,Wellness,9.86,2,0,False,19.72
501832,101324,2024-11-20,Belarus,Skincare,9.7,2,0,False,19.4
501832,101324,2024-11-20,Belarus,Fragrance,47.4,1,0,False,47.4
501833,101324,2025-03-25,Belarus,Fragrance,42.8,1,0,False,42.8
501834,101326,2025-04-18,Russia,Wellness,17.78,2,5,False,33.78
501835,101327,2024-02-12,Russia,Skincare,29.79,1,0,False,29.79
501835,101327,2024-02-12,Russia,Makeup,17.33,2,10,False,31.19
501835,101327,2024-02-12,Russia,Fragrance,54.67,2,5,False,103.87
501836,101327,2024-09-18,Russia,Makeup,18.75,1,0,False,18.75
501836,101327,2024-09-18,Russia,Fragrance,46.27,2,0,False,92.54
501836,101327,2024-09-18,Russia,Fragrance,38.13,2,5,False,72.45
501837,101327,2025-02-01,Russia,Wellness,16.74,1,0,False,16.74
501838,101327,2025-03-12,Russia,Makeup,22.15,1,10,False,19.93
501839,101328,2025-10-14,Russia,Wellness,8.44,2,0,False,16.88
501839,101328,2025-10-14,Russia,Fragrance,17.65,2,0,False,35.3
501839,101328,2025-10-14,Russia,Skincare,34.09,2,0,False,68.18
501840,101328,2025-12-30,Russia,Wellness,15.83,1,0,False,15.83
501841,101329,2024-11-08,Kazakhstan,Makeup,21.14,2,10,True,38.05
501841,101329,2024-11-08,Kazakhstan,Skincare,16.15,1,0,True,16.15
501841,101329,2024-11-08,Kazakhstan,Skincare,30.59,2,10,True,55.06
501842,101329,2024-11-19,Kazakhstan,Haircare,13.46,1,0,False,13.46
501842,101329,2024-11-19,Kazakhstan,Skincare,21.55,2,0,False,43.1
501842,101329,2024-11-19,Kazakhstan,Skincare,32.7,2,0,False,65.4
501843,101329,2025-04-03,Kazakhstan,Makeup,12.72,2,0,False,25.44
501843,101329,2025-04-03,Kazakhstan,Fragrance,27.2,1,5,False,25.84
501844,101330,2025-01-04,Russia,Wellness,15.43,1,0,False,15.43
501844,101330,2025-01-04,Russia,Haircare,23.6,2,0,False,47.2
501844,101330,2025-01-04,Russia,Fragrance,59.19,1,0,False,59.19
501845,101331,2024-05-23,Mexico,Makeup,9.76,2,0,False,19.52
501846,101332,2024-08-27,Russia,Wellness,17.34,1,0,False,17.34
501846,101332,2024-08-27,Russia,Haircare,15.71,2,10,False,28.28
501847,101332,2025-02-16,Russia,Skincare,30.44,2,0,False,60.88
501847,101332,2025-02-16,Russia,Wellness,20.79,1,0,False,20.79
501848,101332,2025-04-29,Russia,Haircare,15.68,2,5,False,29.79
501848,101332,2025-04-29,Russia,Skincare,29.77,1,0,False,29.77
501849,101333,2025-12-17,Kazakhstan,Skincare,30.66,2,0,False,61.32
501850,101335,2025-09-10,Russia,Wellness,8.38,1,0,False,8.38
501850,101335,2025-09-10,Russia,Wellness,17.94,1,0,False,17.94
501851,101335,2025-09-13,Russia,Makeup,14.75,1,0,False,14.75
501852,101336,2025-02-20,Kazakhstan,Skincare,28.53,1,0,False,28.53
501852,101336,2025-02-20,Kazakhstan,Skincare,15.72,1,0,False,15.72
501853,101337,2024-07-31,Belarus,Fragrance,42.22,2,0,False,84.44
501854,101337,2024-11-14,Belarus,Fragrance,25.3,1,0,False,25.3
501854,101337,2024-11-14,Belarus,Wellness,21.28,2,0,False,42.56
501854,101337,2024-11-14,Belarus,Wellness,12.87,2,0,False,25.74
501855,101338,2024-02-21,Belarus,Skincare,26.35,2,10,False,47.43
501856,101338,2024-02-25,Belarus,Wellness,10.92,1,0,False,10.92
501856,101338,2024-02-25,Belarus,Makeup,21.81,1,0,False,21.81
501856,101338,2024-02-25,Belarus,Skincare,26.52,1,0,False,26.52
501857,101340,2025-01-04,Mexico,Wellness,16.34,2,0,False,32.68
501857,101340,2025-01-04,Mexico,Makeup,7.88,2,5,False,14.97
501857,101340,2025-01-04,Mexico,Fragrance,46.1,1,0,False,46.1
501858,101340,2025-01-18,Mexico,Haircare,22.79,2,0,False,45.58
501859,101340,2025-03-12,Mexico,Wellness,15.87,1,0,False,15.87
501859,101340,2025-03-12,Mexico,Wellness,16.9,2,0,False,33.8
501860,101341,2024-12-05,Russia,Skincare,25.37,2,5,False,48.2
501860,101341,2024-12-05,Russia,Fragrance,46.13,2,0,False,92.26
501860,101341,2024-12-05,Russia,Wellness,17.05,2,0,False,34.1
501861,101342,2024-12-18,Mexico,Skincare,9.6,2,0,False,19.2
501861,101342,2024-12-18,Mexico,Makeup,6.62,1,0,False,6.62
501862,101343,2024-02-20,Belarus,Wellness,10.6,2,0,False,21.2
501862,101343,2024-02-20,Belarus,Fragrance,23.89,2,0,False,47.78
501863,101344,2025-10-20,Mexico,Fragrance,47.98,2,5,False,91.16
501863,101344,2025-10-20,Mexico,Skincare,9.64,1,0,False,9.64
501863,101344,2025-10-20,Mexico,Skincare,22.45,1,10,False,20.2
501864,101345,2024-03-24,Russia,Makeup,19.91,1,0,False,19.91
501865,101345,2024-05-04,Russia,Makeup,9.15,1,0,False,9.15
501865,101345,2024-05-04,Russia,Fragrance,39.01,2,0,False,78.02
501866,101345,2024-08-14,Russia,Makeup,17.15,1,10,False,15.43
501866,101345,2024-08-14,Russia,Fragrance,55.19,2,0,False,110.38
501866,101345,2024-08-14,Russia,Makeup,13.57,2,0,False,27.14
501867,101346,2025-08-30,Kazakhstan,Makeup,17.75,1,0,False,17.75
501867,101346,2025-08-30,Kazakhstan,Haircare,10.1,1,0,False,10.1
501868,101349,2024-11-13,Mexico,Fragrance,37.01,2,10,True,66.62
501868,101349,2024-11-13,Mexico,Fragrance,45.1,2,0,True,90.2
501868,101349,2024-11-13,Mexico,Wellness,12.95,2,0,True,25.9
501869,101350,2025-06-21,Russia,Fragrance,26.96,1,0,False,26.96
501870,101351,2025-06-23,Mexico,Makeup,23.61,1,5,False,22.43
501871,101351,2025-07-16,Mexico,Skincare,8.54,1,0,False,8.54
501871,101351,2025-07-16,Mexico,Fragrance,33.83,2,0,False,67.66
501871,101351,2025-07-16,Mexico,Skincare,18.13,1,0,False,18.13
501872,101351,2025-09-23,Mexico,Makeup,10.83,2,0,False,21.66
501873,101353,2024-06-28,Mexico,Skincare,11.81,2,0,False,23.62
501873,101353,2024-06-28,Mexico,Makeup,7.53,2,0,False,15.06
501874,101353,2024-09-19,Mexico,Skincare,8.29,2,0,False,16.58
501874,101353,2024-09-19,Mexico,Skincare,18.34,2,0,False,36.68
501874,101353,2024-09-19,Mexico,Wellness,16.41,2,10,False,29.54
501875,101353,2025-05-14,Mexico,Haircare,22.14,1,5,False,21.03
501875,101353,2025-05-14,Mexico,Fragrance,49.39,1,0,False,49.39
501876,101353,2025-06-18,Mexico,Makeup,21.6,2,0,False,43.2
501877,101354,2025-07-19,USA,Fragrance,27.58,1,0,False,27.58
501877,101354,2025-07-19,USA,Wellness,17.88,1,0,False,17.88
501877,101354,2025-07-19,USA,Wellness,20.77,2,0,False,41.54
501878,101356,2025-03-14,USA,Haircare,21.93,2,0,False,43.86
501878,101356,2025-03-14,USA,Makeup,13.72,1,0,False,13.72
501878,101356,2025-03-14,USA,Skincare,20.55,2,0,False,41.1
501879,101356,2025-09-20,USA,Wellness,8.02,1,5,False,7.62
501879,101356,2025-09-20,USA,Fragrance,49.7,2,0,False,99.4
501879,101356,2025-09-20,USA,Wellness,8.45,1,0,False,8.45
501880,101357,2025-11-27,USA,Fragrance,20.96,2,0,True,41.92
501881,101358,2025-09-29,Mexico,Wellness,17.96,1,0,False,17.96
501881,101358,2025-09-29,Mexico,Haircare,10.39,1,0,False,10.39
501882,101360,2024-01-09,Belarus,Fragrance,35.75,1,0,False,35.75
501883,101360,2024-03-09,Belarus,Skincare,31.74,1,0,True,31.74
501883,101360,2024-03-09,Belarus,Fragrance,31.27,1,20,True,25.02
501884,101360,2024-03-29,Belarus,Fragrance,41.34,2,0,False,82.68
501884,101360,2024-03-29,Belarus,Haircare,9.48,1,0,False,9.48
501884,101360,2024-03-29,Belarus,Skincare,20.92,2,0,False,41.84
501885,101361,2024-01-04,Russia,Fragrance,50.85,1,0,False,50.85
501885,101361,2024-01-04,Russia,Skincare,23.75,2,0,False,47.5
501885,101361,2024-01-04,Russia,Makeup,5.15,1,5,False,4.89
501886,101361,2024-01-29,Russia,Makeup,20.66,2,0,False,41.32
501886,101361,2024-01-29,Russia,Fragrance,28.62,1,5,False,27.19
501887,101361,2024-02-10,Russia,Fragrance,21.84,1,0,False,21.84
501887,101361,2024-02-10,Russia,Fragrance,44.18,2,0,False,88.36
501888,101362,2024-11-23,Mexico,Fragrance,52.47,2,0,False,104.94
501888,101362,2024-11-23,Mexico,Skincare,20.28,1,0,False,20.28
501888,101362,2024-11-23,Mexico,Skincare,16.88,2,0,False,33.76
501889,101363,2024-12-15,USA,Haircare,11.42,1,0,False,11.42
501890,101364,2024-06-05,Russia,Wellness,13.82,1,0,True,13.82
501891,101364,2025-01-27,Russia,Skincare,26.38,2,0,False,52.76
501892,101364,2025-07-28,Russia,Fragrance,17.21,2,0,False,34.42
501892,101364,2025-07-28,Russia,Haircare,19.13,1,0,False,19.13
501892,101364,2025-07-28,Russia,Skincare,17.94,2,0,False,35.88
501893,101365,2024-09-04,Mexico,Haircare,19.64,2,5,False,37.32
501894,101365,2024-11-12,Mexico,Haircare,23.48,2,10,True,42.26
501894,101365,2024-11-12,Mexico,Wellness,12.84,1,10,True,11.56
501894,101365,2024-11-12,Mexico,Skincare,33.45,2,15,True,56.86
501895,101365,2024-11-22,Mexico,Haircare,8.35,1,0,False,8.35
501895,101365,2024-11-22,Mexico,Wellness,8.77,1,0,False,8.77
501896,101365,2025-03-04,Mexico,Fragrance,31.23,2,15,True,53.09
501897,101365,2025-05-10,Mexico,Makeup,13.39,2,0,False,26.78
501898,101365,2025-09-01,Mexico,Skincare,25.95,1,0,False,25.95
501899,101366,2025-02-18,Mexico,Wellness,14.05,1,5,False,13.35
501899,101366,2025-02-18,Mexico,Haircare,24.15,2,0,False,48.3
501899,101366,2025-02-18,Mexico,Fragrance,16.16,2,0,False,32.32
501900,101366,2025-10-09,Mexico,Skincare,18.53,1,0,False,18.53
501900,101366,2025-10-09,Mexico,Fragrance,56.02,2,0,False,112.04
501900,101366,2025-10-09,Mexico,Haircare,15.3,1,0,False,15.3
501901,101367,2025-05-24,Russia,Makeup,13.4,1,0,False,13.4
501901,101367,2025-05-24,Russia,Haircare,10.01,1,0,False,10.01
501902,101367,2025-10-13,Russia,Fragrance,29.16,2,5,False,55.4
501902,101367,2025-10-13,Russia,Haircare,13.75,1,0,False,13.75
501902,101367,2025-10-13,Russia,Skincare,33.82,1,5,False,32.13
501903,101368,2025-05-22,USA,Skincare,28.56,1,0,False,28.56
501903,101368,2025-05-22,USA,Fragrance,34.25,1,0,False,34.25
501903,101368,2025-05-22,USA,Fragrance,29.77,2,0,False,59.54
501904,101368,2025-12-08,USA,Wellness,6.34,1,0,False,6.34
501905,101369,2024-02-19,Kazakhstan,Skincare,14.83,1,0,False,14.83
501905,101369,2024-02-19,Kazakhstan,Wellness,14.84,1,0,False,14.84
501906,101369,2024-04-02,Kazakhstan,Wellness,16.15,2,10,False,29.07
501906,101369,2024-04-02,Kazakhstan,Makeup,14.81,2,5,False,28.14
501906,101369,2024-04-02,Kazakhstan,Fragrance,58.34,2,0,False,116.68
501907,101370,2024-09-13,Russia,Haircare,16.14,1,0,False,16.14
501908,101371,2024-06-26,Russia,Wellness,16.7,2,0,False,33.4
501909,101371,2025-02-21,Russia,Skincare,21.04,1,5,False,19.99
501910,101371,2025-05-17,Russia,Haircare,7.61,1,5,False,7.23
501911,101371,2025-08-11,Russia,Skincare,21.8,1,0,False,21.8
501912,101372,2024-07-12,Mexico,Haircare,12.13,2,0,False,24.26
501912,101372,2024-07-12,Mexico,Fragrance,23.1,2,0,False,46.2
501912,101372,2024-07-12,Mexico,Fragrance,35.51,1,0,False,35.51
501913,101373,2025-06-28,Russia,Makeup,24.08,2,0,False,48.16
501913,101373,2025-06-28,Russia,Haircare,9.05,1,0,False,9.05
501913,101373,2025-06-28,Russia,Wellness,14.66,1,0,False,14.66
501914,101374,2024-10-14,Kazakhstan,Makeup,13.77,2,0,False,27.54
501914,101374,2024-10-14,Kazakhstan,Wellness,13.02,2,0,False,26.04
501915,101375,2024-11-10,Russia,Makeup,15.14,1,15,True,12.87
501915,101375,2024-11-10,Russia,Skincare,18.74,2,0,True,37.48
501916,101375,2024-12-26,Russia,Wellness,13.13,1,0,False,13.13
501917,101376,2025-10-17,Belarus,Fragrance,52.54,2,0,False,105.08
501918,101379,2025-10-10,Mexico,Wellness,6.2,1,0,False,6.2
501918,101379,2025-10-10,Mexico,Makeup,21.99,1,0,False,21.99
501918,101379,2025-10-10,Mexico,Makeup,25.11,1,0,False,25.11
501919,101379,2025-12-02,Mexico,Makeup,27.45,2,0,False,54.9
501920,101380,2025-10-16,Mexico,Fragrance,48.07,1,0,False,48.07
501920,101380,2025-10-16,Mexico,Wellness,9.46,1,0,False,9.46
501921,101381,2024-12-18,Russia,Wellness,6.7,1,5,False,6.36
501921,101381,2024-12-18,Russia,Skincare,17.68,1,0,False,17.68
501921,101381,2024-12-18,Russia,Fragrance,43.41,1,10,False,39.07
501922,101382,2024-10-14,Russia,Wellness,12.55,1,0,False,12.55
501923,101382,2024-11-24,Russia,Makeup,17.22,1,0,False,17.22
501923,101382,2024-11-24,Russia,Skincare,14.77,1,0,False,14.77
501923,101382,2024-11-24,Russia,Haircare,11.26,1,0,False,11.26
501924,101382,2025-06-16,Russia,Haircare,9.97,1,0,False,9.97
501924,101382,2025-06-16,Russia,Fragrance,22.49,1,5,False,21.37
501924,101382,2025-06-16,Russia,Skincare,21.52,1,0,False,21.52
501925,101383,2024-01-28,USA,Haircare,16.05,2,0,False,32.1
501926,101383,2024-02-15,USA,Makeup,23.52,2,10,False,42.34
501926,101383,2024-02-15,USA,Wellness,21.21,2,0,False,42.42
501927,101383,2024-05-19,USA,Skincare,30.7,1,0,False,30.7
501927,101383,2024-05-19,USA,Fragrance,37.71,2,0,False,75.42
501927,101383,2024-05-19,USA,Haircare,12.77,2,0,False,25.54
501928,101385,2024-11-25,Mexico,Haircare,17.83,2,15,True,30.31
501928,101385,2024-11-25,Mexico,Wellness,9.48,1,25,True,7.11
501929,101385,2024-12-21,Mexico,Haircare,7.18,2,0,False,14.36
501929,101385,2024-12-21,Mexico,Wellness,21.44,1,0,False,21.44
501930,101386,2024-06-16,USA,Skincare,13.83,1,0,False,13.83
501930,101386,2024-06-16,USA,Fragrance,37.36,2,0,False,74.72
501930,101386,2024-06-16,USA,Skincare,8.35,2,0,False,16.7
501931,101387,2024-04-12,Mexico,Skincare,28.61,1,0,False,28.61
501932,101387,2024-08-24,Mexico,Skincare,14.85,1,0,False,14.85
501932,101387,2024-08-24,Mexico,Skincare,27.05,2,10,False,48.69
501932,101387,2024-08-24,Mexico,Wellness,21.61,1,0,False,21.61
501933,101387,2024-10-21,Mexico,Skincare,21.99,1,0,False,21.99
501933,101387,2024-10-21,Mexico,Fragrance,46.42,2,0,False,92.84
501933,101387,2024-10-21,Mexico,Wellness,14.07,2,0,False,28.14
501934,101388,2024-06-27,Belarus,Fragrance,21.29,1,0,False,21.29
501935,101388,2024-10-07,Belarus,Fragrance,20.93,2,0,False,41.86
501936,101388,2024-10-13,Belarus,Skincare,24.11,2,0,False,48.22
501936,101388,2024-10-13,Belarus,Haircare,8.27,1,0,False,8.27
501937,101388,2024-11-01,Belarus,Makeup,13.92,2,5,False,26.45
501937,101388,2024-11-01,Belarus,Fragrance,48.45,1,0,False,48.45
501938,101388,2024-12-19,Belarus,Skincare,20.58,2,0,False,41.16
501938,101388,2024-12-19,Belarus,Makeup,19.5,1,0,False,19.5
501938,101388,2024-12-19,Belarus,Makeup,27.91,1,5,False,26.51
501939,101388,2025-04-06,Belarus,Skincare,34.48,2,0,False,68.96
501940,101388,2025-06-17,Belarus,Haircare,24.56,2,0,False,49.12
501941,101389,2024-02-24,Kazakhstan,Fragrance,47.56,2,5,False,90.36
501941,101389,2024-02-24,Kazakhstan,Haircare,22.57,2,0,False,45.14
501942,101390,2024-11-08,Russia,Haircare,9.5,1,0,True,9.5
501942,101390,2024-11-08,Russia,Makeup,8.47,2,15,True,14.4
501942,101390,2024-11-08,Russia,Fragrance,52.21,1,25,True,39.16
501943,101390,2024-11-26,Russia,Makeup,13.15,1,20,True,10.52
501944,101391,2025-12-25,Kazakhstan,Skincare,20.48,1,0,False,20.48
501944,101391,2025-12-25,Kazakhstan,Fragrance,51.13,1,0,False,51.13
501944,101391,2025-12-25,Kazakhstan,Haircare,10.08,2,5,False,19.15
501945,101392,2024-06-05,Russia,Wellness,18.38,1,0,True,18.38
501945,101392,2024-06-05,Russia,Fragrance,30.62,2,0,True,61.24
501946,101392,2024-11-06,Russia,Wellness,8.12,2,0,False,16.24
501947,101392,2025-06-05,Russia,Haircare,21.1,2,0,True,42.2
501947,101392,2025-06-05,Russia,Fragrance,34.78,2,15,True,59.13
501948,101392,2025-12-03,Russia,Wellness,9.93,1,0,False,9.93
501949,101395,2025-04-14,Russia,Fragrance,15.93,2,0,False,31.86
501950,101395,2025-10-20,Russia,Haircare,14.8,1,0,False,14.8
501950,101395,2025-10-20,Russia,Makeup,13.55,2,0,False,27.1
501950,101395,2025-10-20,Russia,Wellness,10.23,1,0,False,10.23
501951,101396,2024-12-17,Kazakhstan,Makeup,25.21,1,0,False,25.21
501951,101396,2024-12-17,Kazakhstan,Skincare,34.72,1,0,False,34.72
501952,101396,2024-12-29,Kazakhstan,Skincare,25.77,1,0,False,25.77
501952,101396,2024-12-29,Kazakhstan,Haircare,19.16,2,0,False,38.32
501952,101396,2024-12-29,Kazakhstan,Makeup,12.1,1,0,False,12.1
501953,101397,2025-03-09,Russia,Haircare,13.75,2,0,True,27.5
501953,101397,2025-03-09,Russia,Skincare,29.51,2,0,True,59.02
501953,101397,2025-03-09,Russia,Fragrance,25.87,2,10,True,46.57
501954,101398,2025-06-08,Mexico,Haircare,19.54,1,0,False,19.54
501954,101398,2025-06-08,Mexico,Wellness,12.48,1,0,False,12.48
501954,101398,2025-06-08,Mexico,Skincare,34.27,1,0,False,34.27
501955,101398,2025-06-24,Mexico,Makeup,13.55,1,0,False,13.55
501956,101398,2025-09-27,Mexico,Makeup,15.81,2,0,False,31.62
501957,101398,2025-11-15,Mexico,Skincare,30.63,1,0,False,30.63
501957,101398,2025-11-15,Mexico,Haircare,20.28,1,5,False,19.27
501958,101398,2025-12-04,Mexico,Skincare,8.52,1,0,False,8.52
501959,101399,2024-08-04,Mexico,Wellness,9.72,2,0,False,19.44
501960,101400,2025-02-15,Belarus,Wellness,13.19,2,10,False,23.74
501961,101400,2025-04-18,Belarus,Makeup,9.98,1,0,False,9.98
501962,101402,2025-04-04,Belarus,Fragrance,27.95,1,0,False,27.95
501962,101402,2025-04-04,Belarus,Skincare,23.89,1,0,False,23.89
501962,101402,2025-04-04,Belarus,Haircare,23.16,1,0,False,23.16
501963,101403,2025-09-07,Russia,Makeup,5.14,2,0,False,10.28
501963,101403,2025-09-07,Russia,Wellness,16.77,2,5,False,31.86
501963,101403,2025-09-07,Russia,Haircare,24.03,1,0,False,24.03
501964,101403,2025-11-28,Russia,Skincare,30.89,1,0,True,30.89
501965,101404,2025-05-26,Russia,Haircare,19.23,1,0,False,19.23
501966,101404,2025-07-09,Russia,Fragrance,28.3,2,0,False,56.6
501967,101404,2025-10-21,Russia,Makeup,9.57,2,10,False,17.23
501967,101404,2025-10-21,Russia,Wellness,7.31,2,0,False,14.62
501967,101404,2025-10-21,Russia,Fragrance,40.97,2,0,False,81.94
501968,101405,2025-01-29,USA,Makeup,8.93,2,0,False,17.86
501968,101405,2025-01-29,USA,Wellness,13.16,2,0,False,26.32
501968,101405,2025-01-29,USA,Wellness,21.76,2,5,False,41.34
501969,101405,2025-08-31,USA,Skincare,21.38,2,10,False,38.48
501969,101405,2025-08-31,USA,Fragrance,47.29,2,0,False,94.58
501969,101405,2025-08-31,USA,Wellness,7.49,1,5,False,7.12
501970,101406,2024-02-17,USA,Fragrance,25.03,1,0,False,25.03
501971,101406,2024-03-26,USA,Fragrance,46.94,1,5,False,44.59
501971,101406,2024-03-26,USA,Skincare,27.19,1,5,False,25.83
501972,101407,2025-06-21,Russia,Makeup,13.11,2,0,False,26.22
501972,101407,2025-06-21,Russia,Skincare,17.22,2,10,False,31.0
501973,101408,2025-10-10,Russia,Makeup,8.84,2,0,False,17.68
501973,101408,2025-10-10,Russia,Fragrance,32.02,1,5,False,30.42
501974,101409,2025-01-03,USA,Makeup,15.48,1,0,False,15.48
501974,101409,2025-01-03,USA,Haircare,17.54,2,0,False,35.08
501975,101410,2024-10-21,USA,Wellness,15.92,2,5,False,30.25
501975,101410,2024-10-21,USA,Fragrance,41.45,2,0,False,82.9
501975,101410,2024-10-21,USA,Wellness,19.96,2,0,False,39.92
501976,101410,2025-10-31,USA,Haircare,20.43,1,0,False,20.43
501976,101410,2025-10-31,USA,Haircare,18.34,1,0,False,18.34
501977,101411,2024-05-12,Belarus,Haircare,20.11,2,5,False,38.21
501977,101411,2024-05-12,Belarus,Wellness,11.6,2,0,False,23.2
501978,101412,2024-11-03,Mexico,Wellness,13.24,1,10,False,11.92
501978,101412,2024-11-03,Mexico,Makeup,11.11,1,0,False,11.11
501979,101414,2025-06-03,USA,Skincare,14.28,2,20,True,22.85
501979,101414,2025-06-03,USA,Haircare,13.6,2,0,True,27.2
501980,101415,2024-11-24,Russia,Skincare,24.68,1,0,False,24.68
501980,101415,2024-11-24,Russia,Skincare,31.93,2,0,False,63.86
501981,101415,2024-11-27,Russia,Fragrance,16.04,2,0,True,32.08
501981,101415,2024-11-27,Russia,Skincare,9.3,2,0,True,18.6
501981,101415,2024-11-27,Russia,Makeup,27.64,2,25,True,41.46
501982,101415,2024-12-28,Russia,Makeup,12.93,2,10,False,23.27
501982,101415,2024-12-28,Russia,Fragrance,25.91,2,0,False,51.82
501983,101415,2025-05-29,Russia,Fragrance,57.07,2,0,False,114.14
501983,101415,2025-05-29,Russia,Wellness,16.58,1,5,False,15.75
501984,101415,2025-08-17,Russia,Skincare,12.11,2,0,False,24.22
501984,101415,2025-08-17,Russia,Fragrance,17.25,2,0,False,34.5
501984,101415,2025-08-17,Russia,Skincare,13.93,1,0,False,13.93
501985,101416,2024-05-01,Kazakhstan,Skincare,26.15,2,5,False,49.68
501985,101416,2024-05-01,Kazakhstan,Wellness,19.96,1,10,False,17.96
501986,101417,2024-04-21,Mexico,Fragrance,18.89,1,0,False,18.89
501987,101418,2024-12-23,Russia,Haircare,13.39,2,0,False,26.78
501987,101418,2024-12-23,Russia,Haircare,8.58,2,5,False,16.3
501987,101418,2024-12-23,Russia,Fragrance,57.62,1,0,False,57.62
501988,101418,2025-08-10,Russia,Makeup,24.8,1,0,False,24.8
501989,101418,2025-08-24,Russia,Wellness,16.18,2,0,False,32.36
501989,101418,2025-08-24,Russia,Wellness,6.36,1,0,False,6.36
501990,101418,2025-11-08,Russia,Makeup,13.67,1,10,True,12.3
501990,101418,2025-11-08,Russia,Skincare,21.49,2,10,True,38.68
501990,101418,2025-11-08,Russia,Fragrance,21.89,1,0,True,21.89
501991,101419,2025-02-18,Mexico,Haircare,13.58,1,5,False,12.9
501991,101419,2025-02-18,Mexico,Skincare,15.43,1,0,False,15.43
501991,101419,2025-02-18,Mexico,Skincare,14.94,2,0,False,29.88
501992,101419,2025-03-23,Mexico,Haircare,19.38,1,0,False,19.38
501993,101419,2025-09-22,Mexico,Wellness,21.57,1,0,False,21.57
501994,101420,2025-08-14,Russia,Fragrance,57.03,2,0,False,114.06
501995,101421,2025-09-13,Mexico,Makeup,24.62,2,0,False,49.24
501995,101421,2025-09-13,Mexico,Skincare,12.84,2,0,False,25.68
501996,101424,2025-07-10,USA,Makeup,17.36,1,0,False,17.36
501996,101424,2025-07-10,USA,Makeup,27.21,2,0,False,54.42
501996,101424,2025-07-10,USA,Makeup,21.07,1,0,False,21.07
501997,101424,2025-07-15,USA,Makeup,14.31,1,0,False,14.31
501998,101424,2025-10-29,USA,Haircare,10.8,2,5,False,20.52
501999,101425,2024-12-31,Mexico,Fragrance,42.42,2,0,False,84.84
502000,101426,2025-07-18,Mexico,Fragrance,43.48,1,0,False,43.48
502001,101427,2025-05-06,Russia,Haircare,12.31,1,5,False,11.69
502001,101427,2025-05-06,Russia,Fragrance,19.71,1,0,False,19.71
502001,101427,2025-05-06,Russia,Skincare,16.76,1,0,False,16.76
502002,101428,2024-07-31,Russia,Skincare,29.86,2,0,False,59.72
502002,101428,2024-07-31,Russia,Skincare,13.34,2,5,False,25.35
502003,101428,2024-12-23,Russia,Skincare,24.74,1,0,False,24.74
502003,101428,2024-12-23,Russia,Makeup,18.7,2,0,False,37.4
502003,101428,2024-12-23,Russia,Skincare,34.17,1,0,False,34.17
502004,101428,2025-02-27,Russia,Makeup,11.33,2,0,False,22.66
502005,101429,2024-09-27,Mexico,Fragrance,17.9,2,0,False,35.8
502005,101429,2024-09-27,Mexico,Fragrance,15.31,2,0,False,30.62
502005,101429,2024-09-27,Mexico,Wellness,14.4,2,0,False,28.8
502006,101430,2024-10-03,USA,Wellness,16.6,2,5,False,31.54
502007,101430,2025-02-22,USA,Wellness,21.34,2,0,False,42.68
502008,101431,2024-06-29,Mexico,Makeup,27.44,2,0,False,54.88
502008,101431,2024-06-29,Mexico,Makeup,12.38,1,0,False,12.38
502008,101431,2024-06-29,Mexico,Haircare,21.21,1,0,False,21.21
502009,101431,2024-11-22,Mexico,Fragrance,45.69,1,0,False,45.69
502009,101431,2024-11-22,Mexico,Makeup,13.52,2,0,False,27.04
502010,101432,2025-05-30,USA,Fragrance,59.22,2,0,False,118.44
502010,101432,2025-05-30,USA,Fragrance,30.05,2,0,False,60.1
502010,101432,2025-05-30,USA,Skincare,23.46,2,0,False,46.92
502011,101433,2024-09-06,Russia,Wellness,10.43,1,0,False,10.43
502011,101433,2024-09-06,Russia,Wellness,6.62,1,0,False,6.62
502011,101433,2024-09-06,Russia,Haircare,14.73,1,0,False,14.73
502012,101435,2024-12-28,USA,Wellness,12.24,2,0,False,24.48
502013,101436,2024-09-30,Mexico,Fragrance,31.77,2,0,False,63.54
502013,101436,2024-09-30,Mexico,Fragrance,46.71,2,0,False,93.42
502014,101437,2025-04-05,Kazakhstan,Fragrance,17.78,1,0,False,17.78
502014,101437,2025-04-05,Kazakhstan,Wellness,7.02,1,0,False,7.02
502014,101437,2025-04-05,Kazakhstan,Fragrance,46.36,1,0,False,46.36
502015,101438,2024-04-26,Mexico,Wellness,21.04,2,0,False,42.08
502015,101438,2024-04-26,Mexico,Haircare,14.98,2,0,False,29.96
502015,101438,2024-04-26,Mexico,Haircare,10.84,2,0,False,21.68
502016,101438,2025-02-08,Mexico,Wellness,17.87,2,10,False,32.17
502017,101438,2025-03-01,Mexico,Skincare,14.41,2,0,False,28.82
502017,101438,2025-03-01,Mexico,Haircare,15.91,2,0,False,31.82
502017,101438,2025-03-01,Mexico,Fragrance,18.31,2,0,False,36.62
502018,101438,2025-04-05,Mexico,Makeup,12.85,2,0,False,25.7
502018,101438,2025-04-05,Mexico,Skincare,13.35,2,0,False,26.7
502019,101439,2025-01-09,Russia,Fragrance,43.72,2,0,False,87.44
502020,101440,2024-08-22,Mexico,Skincare,13.43,1,5,False,12.76
502021,101441,2024-09-28,Mexico,Haircare,8.9,1,0,False,8.9
502021,101441,2024-09-28,Mexico,Haircare,20.95,2,0,False,41.9
502022,101441,2025-03-26,Mexico,Fragrance,37.37,1,0,False,37.37
502023,101442,2025-07-09,Belarus,Skincare,23.04,1,0,False,23.04
502024,101442,2025-11-18,Belarus,Haircare,13.94,1,0,False,13.94
502024,101442,2025-11-18,Belarus,Makeup,18.24,1,0,False,18.24
502025,101442,2025-11-21,Belarus,Skincare,32.05,1,0,False,32.05
502026,101443,2025-08-27,Russia,Makeup,26.29,1,0,False,26.29
502026,101443,2025-08-27,Russia,Wellness,14.18,1,5,False,13.47
502026,101443,2025-08-27,Russia,Fragrance,40.36,2,0,False,80.72
502027,101443,2025-11-14,Russia,Fragrance,30.94,1,0,False,30.94
502027,101443,2025-11-14,Russia,Fragrance,21.3,2,0,False,42.6
502028,101444,2025-05-09,Russia,Fragrance,41.14,1,0,False,41.14
502028,101444,2025-05-09,Russia,Skincare,20.36,2,0,False,40.72
502028,101444,2025-05-09,Russia,Haircare,19.82,2,0,False,39.64
502029,101444,2025-07-25,Russia,Wellness,13.68,1,0,False,13.68
502030,101445,2025-09-10,Russia,Skincare,32.11,1,0,False,32.11
502030,101445,2025-09-10,Russia,Haircare,17.36,1,5,False,16.49
502031,101447,2024-11-29,Russia,Wellness,19.68,1,0,True,19.68
502032,101447,2025-02-06,Russia,Skincare,31.37,1,0,False,31.37
502033,101448,2025-01-28,Russia,Skincare,15.79,2,5,False,30.0
502033,101448,2025-01-28,Russia,Fragrance,19.02,2,0,False,38.04
502033,101448,2025-01-28,Russia,Wellness,18.14,1,0,False,18.14
502034,101448,2025-05-07,Russia,Fragrance,50.63,2,10,False,91.13
502034,101448,2025-05-07,Russia,Makeup,19.07,1,10,False,17.16
502035,101448,2025-06-27,Russia,Skincare,19.73,2,0,False,39.46
502035,101448,2025-06-27,Russia,Skincare,9.87,2,0,False,19.74
502035,101448,2025-06-27,Russia,Fragrance,48.04,1,0,False,48.04
502036,101450,2025-11-09,Kazakhstan,Skincare,22.39,1,0,True,22.39
502036,101450,2025-11-09,Kazakhstan,Wellness,15.66,1,0,True,15.66
502037,101451,2024-05-16,Belarus,Makeup,6.44,1,0,False,6.44
502038,101452,2025-02-08,USA,Skincare,16.29,1,0,False,16.29
502038,101452,2025-02-08,USA,Haircare,17.71,1,10,False,15.94
502039,101452,2025-04-21,USA,Fragrance,41.67,1,10,False,37.5
502040,101453,2025-07-22,USA,Wellness,11.0,2,0,False,22.0
502040,101453,2025-07-22,USA,Fragrance,19.33,2,0,False,38.66
502041,101454,2024-05-02,USA,Fragrance,21.44,1,0,False,21.44
502041,101454,2024-05-02,USA,Makeup,14.71,2,0,False,29.42
502041,101454,2024-05-02,USA,Makeup,26.37,2,5,False,50.1
502042,101455,2025-09-01,USA,Fragrance,56.2,2,0,False,112.4
502042,101455,2025-09-01,USA,Skincare,12.88,1,5,False,12.24
502043,101456,2025-04-16,Kazakhstan,Haircare,9.08,2,0,False,18.16
502043,101456,2025-04-16,Kazakhstan,Fragrance,20.97,2,0,False,41.94
502043,101456,2025-04-16,Kazakhstan,Haircare,17.16,1,0,False,17.16
502044,101456,2025-08-02,Kazakhstan,Fragrance,31.77,2,0,False,63.54
502044,101456,2025-08-02,Kazakhstan,Fragrance,16.35,1,0,False,16.35
502044,101456,2025-08-02,Kazakhstan,Skincare,17.27,2,0,False,34.54
502045,101456,2025-08-15,Kazakhstan,Skincare,34.03,1,0,False,34.03
502045,101456,2025-08-15,Kazakhstan,Wellness,7.41,2,0,False,14.82
502046,101457,2024-01-30,Russia,Skincare,18.3,1,5,False,17.39
502047,101457,2024-09-01,Russia,Haircare,7.58,2,0,False,15.16
502048,101458,2024-12-23,USA,Haircare,18.81,2,10,False,33.86
502049,101458,2025-03-17,USA,Wellness,9.29,2,0,False,18.58
502049,101458,2025-03-17,USA,Wellness,20.18,2,0,False,40.36
502049,101458,2025-03-17,USA,Skincare,15.59,2,0,False,31.18
502050,101460,2025-04-13,Mexico,Makeup,24.15,1,0,False,24.15
502051,101462,2024-11-25,Mexico,Wellness,12.69,2,0,True,25.38
502051,101462,2024-11-25,Mexico,Makeup,26.37,1,20,True,21.1
502051,101462,2024-11-25,Mexico,Wellness,16.92,1,25,True,12.69
502052,101462,2025-05-20,Mexico,Makeup,5.24,1,0,False,5.24
502053,101463,2024-11-10,Russia,Haircare,18.52,2,0,True,37.04
502053,101463,2024-11-10,Russia,Makeup,23.83,2,10,True,42.89
502054,101464,2024-11-29,Kazakhstan,Wellness,7.84,2,15,True,13.33
502054,101464,2024-11-29,Kazakhstan,Wellness,16.93,1,0,True,16.93
502054,101464,2024-11-29,Kazakhstan,Haircare,8.61,2,10,True,15.5
502055,101466,2025-09-23,USA,Wellness,14.92,1,0,False,14.92
502055,101466,2025-09-23,USA,Makeup,27.8,1,0,False,27.8
502055,101466,2025-09-23,USA,Haircare,21.25,1,0,False,21.25
502056,101467,2024-02-17,Belarus,Makeup,23.36,1,0,False,23.36
502056,101467,2024-02-17,Belarus,Wellness,11.87,1,0,False,11.87
502057,101467,2024-02-17,Belarus,Haircare,16.12,1,0,False,16.12
502057,101467,2024-02-17,Belarus,Skincare,14.62,2,0,False,29.24
502057,101467,2024-02-17,Belarus,Makeup,23.02,2,0,False,46.04
502058,101468,2025-06-11,Mexico,Fragrance,36.36,1,0,False,36.36
502059,101468,2025-06-27,Mexico,Haircare,17.53,1,10,False,15.78
502059,101468,2025-06-27,Mexico,Makeup,12.26,2,0,False,24.52
502059,101468,2025-06-27,Mexico,Haircare,12.72,1,0,False,12.72
502060,101468,2025-06-28,Mexico,Fragrance,39.7,1,0,False,39.7
502060,101468,2025-06-28,Mexico,Skincare,30.6,1,10,False,27.54
502060,101468,2025-06-28,Mexico,Fragrance,21.77,2,0,False,43.54
502061,101469,2024-04-24,Russia,Haircare,12.72,2,0,False,25.44
502062,101470,2024-04-15,Russia,Haircare,18.59,1,0,False,18.59
502062,101470,2024-04-15,Russia,Makeup,22.74,2,0,False,45.48
502063,101470,2024-12-30,Russia,Wellness,11.02,1,0,False,11.02
502064,101470,2025-01-27,Russia,Skincare,9.85,1,0,False,9.85
502064,101470,2025-01-27,Russia,Makeup,21.32,1,10,False,19.19
502065,101471,2024-11-22,USA,Haircare,24.03,1,5,False,22.83
502065,101471,2024-11-22,USA,Skincare,23.28,2,0,False,46.56
502065,101471,2024-11-22,USA,Haircare,14.54,1,0,False,14.54
502066,101472,2025-10-15,Mexico,Wellness,18.45,1,0,False,18.45
502067,101473,2024-12-17,Mexico,Wellness,12.46,2,0,False,24.92
502068,101475,2025-05-14,Belarus,Haircare,17.9,2,0,False,35.8
502069,101476,2024-11-15,Russia,Makeup,10.85,1,0,False,10.85
502069,101476,2024-11-15,Russia,Makeup,12.83,1,0,False,12.83
502069,101476,2024-11-15,Russia,Wellness,7.57,2,0,False,15.14
502070,101476,2025-10-25,Russia,Skincare,8.08,1,0,False,8.08
502071,101477,2024-10-20,Belarus,Makeup,18.41,2,0,False,36.82
502071,101477,2024-10-20,Belarus,Haircare,9.66,2,10,False,17.39
502072,101477,2025-05-28,Belarus,Makeup,27.97,1,0,False,27.97
502073,101479,2024-04-04,Kazakhstan,Skincare,21.47,2,0,False,42.94
502073,101479,2024-04-04,Kazakhstan,Makeup,21.24,2,0,False,42.48
502074,101479,2025-03-11,Kazakhstan,Wellness,11.72,1,0,False,11.72
502075,101483,2025-10-20,Mexico,Wellness,14.38,1,0,False,14.38
502076,101484,2025-05-25,Kazakhstan,Fragrance,15.85,1,0,False,15.85
502076,101484,2025-05-25,Kazakhstan,Wellness,11.11,1,5,False,10.55
502077,101486,2025-06-30,USA,Haircare,18.05,1,0,False,18.05
502077,101486,2025-06-30,USA,Makeup,19.14,2,5,False,36.37
502078,101487,2024-03-18,Mexico,Wellness,16.26,1,0,False,16.26
502078,101487,2024-03-18,Mexico,Fragrance,30.77,1,0,False,30.77
502078,101487,2024-03-18,Mexico,Fragrance,54.2,2,5,False,102.98
502079,101488,2024-10-30,Belarus,Fragrance,53.16,1,0,False,53.16
502080,101490,2024-06-24,Kazakhstan,Makeup,21.5,2,0,False,43.0
502080,101490,2024-06-24,Kazakhstan,Wellness,13.46,2,0,False,26.92
502080,101490,2024-06-24,Kazakhstan,Skincare,29.08,2,0,False,58.16
502081,101491,2025-06-18,Russia,Makeup,19.76,1,5,False,18.77
502081,101491,2025-06-18,Russia,Haircare,13.16,2,0,False,26.32
502082,101491,2025-08-04,Russia,Wellness,6.01,2,0,False,12.02
502082,101491,2025-08-04,Russia,Wellness,11.4,2,0,False,22.8
502083,101492,2025-08-11,Russia,Skincare,17.04,2,0,False,34.08
502083,101492,2025-08-11,Russia,Skincare,27.72,1,0,False,27.72
502084,101494,2024-09-15,Russia,Makeup,18.05,1,10,False,16.24
502084,101494,2024-09-15,Russia,Fragrance,24.32,2,0,False,48.64
502084,101494,2024-09-15,Russia,Haircare,22.5,2,0,False,45.0
502085,101494,2024-09-29,Russia,Makeup,15.97,1,0,False,15.97
502086,101494,2024-09-29,Russia,Fragrance,52.36,2,0,False,104.72
502086,101494,2024-09-29,Russia,Makeup,9.85,2,0,False,19.7
502087,101495,2024-06-28,Kazakhstan,Haircare,22.29,2,0,False,44.58
502087,101495,2024-06-28,Kazakhstan,Fragrance,57.82,2,0,False,115.64
502087,101495,2024-06-28,Kazakhstan,Haircare,9.62,1,0,False,9.62
502088,101496,2024-11-19,Kazakhstan,Wellness,14.74,1,0,False,14.74
502088,101496,2024-11-19,Kazakhstan,Wellness,17.4,1,0,False,17.4
502088,101496,2024-11-19,Kazakhstan,Skincare,11.33,2,0,False,22.66
502089,101496,2024-11-20,Kazakhstan,Wellness,17.04,2,0,False,34.08
502089,101496,2024-11-20,Kazakhstan,Fragrance,39.91,2,0,False,79.82
502090,101497,2025-08-06,Russia,Wellness,16.11,1,0,False,16.11
502090,101497,2025-08-06,Russia,Makeup,19.08,1,5,False,18.13
502091,101500,2024-11-19,Mexico,Skincare,14.95,2,0,False,29.9
502091,101500,2024-11-19,Mexico,Haircare,8.21,1,10,False,7.39
502091,101500,2024-11-19,Mexico,Fragrance,25.42,2,0,False,50.84
502092,101501,2024-11-01,Russia,Makeup,8.1,1,0,False,8.1
502092,101501,2024-11-01,Russia,Skincare,32.24,1,5,False,30.63
502093,101501,2025-06-07,Russia,Skincare,20.88,1,0,False,20.88
502093,101501,2025-06-07,Russia,Makeup,13.55,2,0,False,27.1
502094,101501,2025-09-02,Russia,Haircare,19.77,1,0,False,19.77
502094,101501,2025-09-02,Russia,Fragrance,29.29,2,5,False,55.65
502094,101501,2025-09-02,Russia,Haircare,23.73,2,0,False,47.46
502095,101502,2025-02-08,Kazakhstan,Haircare,20.88,1,0,False,20.88
502095,101502,2025-02-08,Kazakhstan,Makeup,18.88,1,0,False,18.88
502095,101502,2025-02-08,Kazakhstan,Skincare,17.82,2,5,False,33.86
502096,101503,2025-05-16,USA,Skincare,31.5,2,0,False,63.0
502096,101503,2025-05-16,USA,Makeup,27.63,2,0,False,55.26
502097,101504,2024-06-12,Mexico,Wellness,10.06,2,5,False,19.11
502098,101504,2024-07-30,Mexico,Skincare,20.09,2,5,False,38.17
502099,101504,2024-12-04,Mexico,Makeup,27.77,2,5,False,52.76
502099,101504,2024-12-04,Mexico,Wellness,16.23,1,0,False,16.23
502100,101505,2024-12-06,Mexico,Fragrance,34.24,2,0,False,68.48
502101,101506,2024-11-24,Mexico,Wellness,20.78,2,0,False,41.56
502101,101506,2024-11-24,Mexico,Makeup,16.47,1,5,False,15.65
502101,101506,2024-11-24,Mexico,Fragrance,32.69,1,0,False,32.69
502102,101506,2025-05-05,Mexico,Skincare,27.67,2,0,False,55.34
502103,101507,2024-07-18,USA,Wellness,20.24,2,0,False,40.48
502104,101508,2024-11-30,Russia,Skincare,22.5,2,25,True,33.75
502104,101508,2024-11-30,Russia,Wellness,16.1,1,0,True,16.1
502104,101508,2024-11-30,Russia,Skincare,32.3,1,0,True,32.3
502105,101508,2024-12-15,Russia,Fragrance,32.32,1,5,False,30.7
502105,101508,2024-12-15,Russia,Haircare,21.34,1,5,False,20.27
502105,101508,2024-12-15,Russia,Makeup,5.32,2,0,False,10.64
502106,101509,2024-04-03,Kazakhstan,Haircare,14.15,1,5,False,13.44
502107,101509,2024-05-22,Kazakhstan,Wellness,15.16,1,0,False,15.16
502107,101509,2024-05-22,Kazakhstan,Haircare,11.04,1,10,False,9.94
502108,101509,2024-08-13,Kazakhstan,Skincare,27.57,2,5,False,52.38
502108,101509,2024-08-13,Kazakhstan,Wellness,11.64,1,0,False,11.64
502108,101509,2024-08-13,Kazakhstan,Wellness,9.61,2,10,False,17.3
502109,101509,2024-10-15,Kazakhstan,Skincare,16.69,1,0,False,16.69
502109,101509,2024-10-15,Kazakhstan,Wellness,7.24,2,0,False,14.48
502109,101509,2024-10-15,Kazakhstan,Wellness,12.59,1,0,False,12.59
502110,101510,2024-05-11,USA,Skincare,16.96,1,0,False,16.96
502110,101510,2024-05-11,USA,Fragrance,26.1,1,5,False,24.8
502111,101511,2024-07-09,Kazakhstan,Wellness,10.71,1,0,False,10.71
502111,101511,2024-07-09,Kazakhstan,Wellness,14.07,2,0,False,28.14
502112,101511,2024-09-18,Kazakhstan,Wellness,11.56,2,5,False,21.96
502113,101511,2024-11-02,Kazakhstan,Wellness,7.47,2,5,False,14.19
502114,101513,2025-09-08,Russia,Skincare,28.9,2,0,False,57.8
502114,101513,2025-09-08,Russia,Wellness,17.0,2,0,False,34.0
502115,101514,2025-07-28,Russia,Makeup,23.71,2,5,False,45.05
502116,101515,2024-05-25,USA,Wellness,7.64,2,0,False,15.28
502116,101515,2024-05-25,USA,Makeup,9.27,1,0,False,9.27
502116,101515,2024-05-25,USA,Haircare,23.22,2,10,False,41.8
502117,101515,2024-11-17,USA,Wellness,14.66,2,0,False,29.32
502118,101516,2025-11-12,Kazakhstan,Fragrance,32.97,2,25,True,49.46
502118,101516,2025-11-12,Kazakhstan,Fragrance,22.29,2,0,True,44.58
502118,101516,2025-11-12,Kazakhstan,Fragrance,52.45,1,0,True,52.45
502119,101517,2024-03-28,Kazakhstan,Skincare,28.85,2,0,False,57.7
502119,101517,2024-03-28,Kazakhstan,Haircare,7.79,2,0,False,15.58
502119,101517,2024-03-28,Kazakhstan,Haircare,18.05,1,0,False,18.05
502120,101519,2024-11-07,Russia,Wellness,6.93,2,0,False,13.86
502120,101519,2024-11-07,Russia,Makeup,10.19,1,0,False,10.19
502121,101520,2024-05-31,USA,Skincare,30.8,2,0,False,61.6
502122,101520,2025-05-11,USA,Fragrance,51.47,2,0,False,102.94
502122,101520,2025-05-11,USA,Fragrance,35.96,1,5,False,34.16
502123,101520,2025-07-30,USA,Skincare,29.92,2,0,False,59.84
502123,101520,2025-07-30,USA,Haircare,14.48,1,0,False,14.48
502123,101520,2025-07-30,USA,Wellness,21.8,1,5,False,20.71
502124,101520,2025-08-14,USA,Haircare,11.28,1,0,False,11.28
502125,101525,2024-07-07,Kazakhstan,Makeup,17.4,2,5,False,33.06
502126,101526,2024-09-12,USA,Skincare,15.99,2,0,False,31.98
502127,101528,2024-06-22,Russia,Makeup,26.91,1,5,False,25.56
502128,101529,2024-08-09,Russia,Haircare,16.48,1,0,False,16.48
502129,101529,2024-11-30,Russia,Wellness,13.28,2,15,True,22.58
502130,101531,2025-05-20,Mexico,Haircare,10.09,1,0,False,10.09
502131,101531,2025-06-15,Mexico,Wellness,11.42,2,0,False,22.84
502132,101532,2025-06-01,Kazakhstan,Skincare,30.18,2,15,True,51.31
502132,101532,2025-06-01,Kazakhstan,Skincare,8.11,2,25,True,12.16
502133,101534,2024-05-23,Mexico,Haircare,9.47,2,0,False,18.94
502133,101534,2024-05-23,Mexico,Haircare,15.93,2,0,False,31.86
502134,101535,2024-09-28,Russia,Makeup,5.06,1,0,False,5.06
502135,101535,2024-11-02,Russia,Skincare,22.49,2,0,False,44.98
502135,101535,2024-11-02,Russia,Makeup,6.77,2,0,False,13.54
502136,101537,2025-05-20,USA,Fragrance,50.23,2,0,False,100.46
502136,101537,2025-05-20,USA,Skincare,32.64,2,0,False,65.28
502136,101537,2025-05-20,USA,Fragrance,32.6,1,0,False,32.6
502137,101538,2025-08-03,Russia,Wellness,16.32,2,0,False,32.64
502137,101538,2025-08-03,Russia,Fragrance,16.3,2,0,False,32.6
502137,101538,2025-08-03,Russia,Skincare,16.94,2,0,False,33.88
502138,101538,2025-08-07,Russia,Skincare,26.3,1,0,False,26.3
502138,101538,2025-08-07,Russia,Makeup,7.6,1,0,False,7.6
502138,101538,2025-08-07,Russia,Haircare,20.5,1,0,False,20.5
502139,101538,2025-10-13,Russia,Skincare,33.05,2,0,False,66.1
502139,101538,2025-10-13,Russia,Wellness,11.27,2,0,False,22.54
502139,101538,2025-10-13,Russia,Wellness,16.32,1,0,False,16.32
502140,101538,2025-11-14,Russia,Makeup,8.08,2,5,False,15.35
502140,101538,2025-11-14,Russia,Skincare,25.18,1,0,False,25.18
502140,101538,2025-11-14,Russia,Makeup,14.52,2,0,False,29.04
502141,101538,2025-11-25,Russia,Makeup,21.31,2,0,True,42.62
502141,101538,2025-11-25,Russia,Wellness,18.65,1,10,True,16.78
502142,101539,2024-09-29,USA,Fragrance,37.48,1,0,False,37.48
502142,101539,2024-09-29,USA,Makeup,15.4,1,0,False,15.4
502143,101539,2024-12-17,USA,Fragrance,21.37,2,0,False,42.74
502143,101539,2024-12-17,USA,Skincare,9.18,2,0,False,18.36
502143,101539,2024-12-17,USA,Fragrance,15.76,1,0,False,15.76
502144,101539,2025-01-20,USA,Haircare,12.55,1,5,False,11.92
502144,101539,2025-01-20,USA,Wellness,11.95,2,10,False,21.51
502144,101539,2025-01-20,USA,Skincare,23.56,1,0,False,23.56
502145,101539,2025-04-19,USA,Wellness,17.38,2,0,False,34.76
502145,101539,2025-04-19,USA,Fragrance,50.27,2,0,False,100.54
502146,101539,2025-05-24,USA,Haircare,21.55,1,5,False,20.47
502146,101539,2025-05-24,USA,Skincare,34.05,2,0,False,68.1
502146,101539,2025-05-24,USA,Haircare,13.53,2,0,False,27.06
502147,101539,2025-08-22,USA,Skincare,24.96,2,5,False,47.42
502147,101539,2025-08-22,USA,Makeup,22.38,1,0,False,22.38
502148,101540,2024-12-02,Kazakhstan,Makeup,9.15,1,0,False,9.15
502149,101541,2025-11-28,Russia,Wellness,19.1,1,0,True,19.1
502149,101541,2025-11-28,Russia,Wellness,14.46,2,0,True,28.92
502149,101541,2025-11-28,Russia,Makeup,13.96,1,0,True,13.96
502150,101542,2024-12-25,Russia,Wellness,6.03,1,5,False,5.73
502150,101542,2024-12-25,Russia,Makeup,26.44,2,5,False,50.24
502150,101542,2024-12-25,Russia,Makeup,19.76,1,0,False,19.76
502151,101543,2025-11-23,Russia,Makeup,5.94,2,0,False,11.88
502151,101543,2025-11-23,Russia,Skincare,22.76,1,0,False,22.76
502151,101543,2025-11-23,Russia,Haircare,7.03,1,0,False,7.03
502152,101544,2024-09-18,Russia,Makeup,14.12,1,5,False,13.41
502152,101544,2024-09-18,Russia,Skincare,20.55,1,10,False,18.5
502152,101544,2024-09-18,Russia,Skincare,15.65,2,0,False,31.3
502153,101544,2025-01-21,Russia,Wellness,10.72,1,0,False,10.72
502153,101544,2025-01-21,Russia,Makeup,24.48,1,0,False,24.48
502153,101544,2025-01-21,Russia,Skincare,32.13,2,5,False,61.05
502154,101546,2024-02-10,Kazakhstan,Haircare,8.36,1,0,False,8.36
502154,101546,2024-02-10,Kazakhstan,Haircare,15.36,2,0,False,30.72
502155,101548,2024-11-28,Kazakhstan,Fragrance,42.08,2,0,True,84.16
502155,101548,2024-11-28,Kazakhstan,Wellness,19.79,1,0,True,19.79
502156,101548,2024-12-08,Kazakhstan,Skincare,13.47,2,0,False,26.94
502157,101548,2025-12-19,Kazakhstan,Wellness,21.03,1,0,False,21.03
502157,101548,2025-12-19,Kazakhstan,Fragrance,26.04,1,0,False,26.04
502158,101549,2024-06-18,Russia,Skincare,13.46,2,0,False,26.92
502158,101549,2024-06-18,Russia,Skincare,14.54,2,0,False,29.08
502158,101549,2024-06-18,Russia,Fragrance,52.2,1,0,False,52.2
502159,101551,2024-07-31,USA,Fragrance,33.23,2,0,False,66.46
502159,101551,2024-07-31,USA,Makeup,17.16,1,0,False,17.16
502160,101551,2024-09-01,USA,Fragrance,29.19,1,0,False,29.19
502160,101551,2024-09-01,USA,Makeup,7.41,1,0,False,7.41
502161,101551,2025-02-16,USA,Makeup,25.97,2,0,False,51.94
502161,101551,2025-02-16,USA,Wellness,7.76,2,0,False,15.52
502161,101551,2025-02-16,USA,Makeup,10.68,2,0,False,21.36
502162,101552,2025-10-12,Russia,Haircare,15.62,2,0,False,31.24
502162,101552,2025-10-12,Russia,Skincare,23.62,2,0,False,47.24
502163,101552,2025-11-19,Russia,Fragrance,24.23,2,0,False,48.46
502163,101552,2025-11-19,Russia,Wellness,14.0,2,10,False,25.2
502163,101552,2025-11-19,Russia,Haircare,18.84,1,0,False,18.84
502164,101553,2024-12-11,Mexico,Fragrance,21.82,2,0,False,43.64
502165,101554,2025-10-06,Kazakhstan,Skincare,17.01,2,0,False,34.02
502165,101554,2025-10-06,Kazakhstan,Makeup,13.55,1,0,False,13.55
502166,101555,2025-02-07,Mexico,Wellness,16.95,2,10,False,30.51
502166,101555,2025-02-07,Mexico,Haircare,15.38,2,10,False,27.68
502166,101555,2025-02-07,Mexico,Haircare,15.52,1,0,False,15.52
502167,101556,2025-08-11,Russia,Fragrance,58.54,2,0,False,117.08
502167,101556,2025-08-11,Russia,Makeup,12.76,2,5,False,24.24
502168,101558,2025-04-01,Kazakhstan,Haircare,22.37,1,0,False,22.37
502169,101560,2024-10-07,Russia,Skincare,24.22,2,0,False,48.44
502170,101561,2025-04-22,Russia,Makeup,17.41,1,5,False,16.54
502170,101561,2025-04-22,Russia,Makeup,13.68,1,5,False,13.0
502171,101562,2025-07-05,Russia,Makeup,19.39,1,0,False,19.39
502171,101562,2025-07-05,Russia,Wellness,6.92,1,0,False,6.92
502172,101562,2025-11-08,Russia,Wellness,8.97,1,0,True,8.97
502172,101562,2025-11-08,Russia,Makeup,12.61,1,15,True,10.72
502173,101562,2025-11-25,Russia,Skincare,9.68,1,10,True,8.71
502173,101562,2025-11-25,Russia,Makeup,16.34,2,0,True,32.68
502173,101562,2025-11-25,Russia,Fragrance,50.02,2,0,True,100.04
502174,101563,2024-11-14,USA,Makeup,27.48,1,0,True,27.48
502174,101563,2024-11-14,USA,Haircare,20.61,1,0,True,20.61
502174,101563,2024-11-14,USA,Skincare,14.72,2,15,True,25.02
502175,101564,2025-07-24,Russia,Makeup,5.02,2,0,False,10.04
502175,101564,2025-07-24,Russia,Haircare,24.28,2,0,False,48.56
502175,101564,2025-07-24,Russia,Skincare,26.42,2,0,False,52.84
502176,101564,2025-11-18,Russia,Haircare,22.6,2,0,False,45.2
502177,101565,2024-03-29,Russia,Haircare,14.71,1,0,False,14.71
502177,101565,2024-03-29,Russia,Makeup,21.85,2,0,False,43.7
502178,101565,2024-04-08,Russia,Skincare,11.39,1,0,False,11.39
502178,101565,2024-04-08,Russia,Makeup,27.46,1,0,False,27.46
502178,101565,2024-04-08,Russia,Skincare,8.82,2,0,False,17.64
502179,101566,2024-08-18,Belarus,Haircare,10.01,2,0,False,20.02
502180,101568,2024-05-11,Belarus,Wellness,13.51,2,0,False,27.02
502181,101568,2024-08-09,Belarus,Haircare,23.83,2,10,False,42.89
502181,101568,2024-08-09,Belarus,Makeup,16.86,1,10,False,15.17
502182,101568,2024-12-25,Belarus,Haircare,14.39,2,0,False,28.78
502183,101568,2025-02-19,Belarus,Skincare,25.63,1,0,False,25.63
502183,101568,2025-02-19,Belarus,Wellness,20.14,1,0,False,20.14
502184,101569,2025-04-11,Russia,Skincare,9.36,2,10,False,16.85
502184,101569,2025-04-11,Russia,Skincare,34.45,2,0,False,68.9
502184,101569,2025-04-11,Russia,Skincare,32.43,1,0,False,32.43
502185,101570,2024-05-21,Kazakhstan,Fragrance,45.4,1,5,False,43.13
502185,101570,2024-05-21,Kazakhstan,Wellness,12.84,2,0,False,25.68
502186,101571,2024-07-19,Russia,Makeup,14.47,2,5,False,27.49
502186,101571,2024-07-19,Russia,Skincare,8.84,1,0,False,8.84
502186,101571,2024-07-19,Russia,Wellness,9.25,2,0,False,18.5
502187,101571,2024-07-31,Russia,Makeup,27.93,2,5,False,53.07
502187,101571,2024-07-31,Russia,Wellness,6.92,1,0,False,6.92
502187,101571,2024-07-31,Russia,Fragrance,28.07,1,0,False,28.07
502188,101573,2025-08-29,USA,Fragrance,42.58,1,0,False,42.58
502188,101573,2025-08-29,USA,Wellness,9.76,2,0,False,19.52
502189,101573,2025-12-07,USA,Wellness,11.97,1,5,False,11.37
502189,101573,2025-12-07,USA,Wellness,10.46,1,5,False,9.94
502189,101573,2025-12-07,USA,Fragrance,36.96,2,5,False,70.22
502190,101574,2025-10-18,Kazakhstan,Fragrance,50.27,2,5,False,95.51
502190,101574,2025-10-18,Kazakhstan,Fragrance,40.95,1,10,False,36.86
502190,101574,2025-10-18,Kazakhstan,Fragrance,59.69,1,0,False,59.69
502191,101575,2024-03-10,Russia,Fragrance,41.3,2,25,True,61.95
502192,101575,2024-04-28,Russia,Fragrance,45.13,2,0,False,90.26
502192,101575,2024-04-28,Russia,Makeup,5.74,1,5,False,5.45
502193,101575,2024-12-05,Russia,Makeup,9.74,1,0,False,9.74
502193,101575,2024-12-05,Russia,Makeup,22.63,2,0,False,45.26
502194,101575,2025-05-05,Russia,Fragrance,47.04,2,0,False,94.08
502194,101575,2025-05-05,Russia,Skincare,21.5,2,0,False,43.0
502194,101575,2025-05-05,Russia,Makeup,8.76,2,0,False,17.52
502195,101575,2025-12-20,Russia,Makeup,16.8,2,0,False,33.6
502196,101575,2025-12-29,Russia,Makeup,13.27,1,0,False,13.27
502196,101575,2025-12-29,Russia,Wellness,16.39,2,0,False,32.78
502197,101576,2025-04-19,USA,Skincare,24.63,2,0,False,49.26
502198,101577,2024-05-12,USA,Makeup,19.28,1,0,False,19.28
502198,101577,2024-05-12,USA,Wellness,12.4,1,0,False,12.4
502199,101577,2024-08-11,USA,Makeup,22.15,1,0,False,22.15
502199,101577,2024-08-11,USA,Fragrance,35.29,2,5,False,67.05
502199,101577,2024-08-11,USA,Fragrance,35.48,2,10,False,63.86
502200,101578,2025-11-08,Mexico,Wellness,7.71,1,0,True,7.71
502200,101578,2025-11-08,Mexico,Fragrance,48.18,1,15,True,40.95
502200,101578,2025-11-08,Mexico,Fragrance,36.65,1,25,True,27.49
502201,101578,2025-11-15,Mexico,Makeup,5.57,2,5,False,10.58
502202,101578,2025-12-23,Mexico,Skincare,20.59,2,0,False,41.18
502202,101578,2025-12-23,Mexico,Fragrance,31.46,1,0,False,31.46
502202,101578,2025-12-23,Mexico,Fragrance,34.69,2,0,False,69.38
502203,101580,2024-02-01,Russia,Haircare,13.07,1,0,False,13.07
502203,101580,2024-02-01,Russia,Makeup,6.46,1,0,False,6.46
502203,101580,2024-02-01,Russia,Skincare,34.15,1,5,False,32.44
502204,101581,2025-09-20,Belarus,Haircare,11.51,1,0,False,11.51
502204,101581,2025-09-20,Belarus,Wellness,19.81,2,0,False,39.62
502204,101581,2025-09-20,Belarus,Fragrance,44.22,1,0,False,44.22
502205,101583,2024-01-23,USA,Skincare,20.34,2,5,False,38.65
502205,101583,2024-01-23,USA,Haircare,11.88,1,5,False,11.29
502206,101583,2024-04-11,USA,Haircare,14.25,1,0,False,14.25
502206,101583,2024-04-11,USA,Makeup,14.13,1,0,False,14.13
502207,101583,2024-05-30,USA,Skincare,23.08,2,0,False,46.16
502208,101583,2025-01-12,USA,Wellness,16.26,1,0,False,16.26
502209,101585,2025-09-07,USA,Haircare,17.55,2,0,False,35.1
502210,101587,2025-02-13,Belarus,Fragrance,34.38,1,10,False,30.94
502211,101588,2025-12-19,Russia,Fragrance,18.97,1,0,False,18.97
502212,101589,2024-02-14,Kazakhstan,Skincare,33.62,1,0,False,33.62
502212,101589,2024-02-14,Kazakhstan,Makeup,9.99,2,5,False,18.98
502213,101590,2024-11-25,Russia,Skincare,31.2,1,15,True,26.52
502213,101590,2024-11-25,Russia,Wellness,12.4,2,25,True,18.6
502214,101592,2025-09-11,Russia,Haircare,24.66,1,0,False,24.66
502215,101593,2024-11-03,Russia,Fragrance,38.07,1,0,False,38.07
502215,101593,2024-11-03,Russia,Wellness,9.13,1,0,False,9.13
502216,101595,2025-01-12,Mexico,Fragrance,35.03,1,0,False,35.03
502216,101595,2025-01-12,Mexico,Skincare,24.02,2,0,False,48.04
502217,101598,2025-07-21,Mexico,Skincare,15.46,1,10,False,13.91
502218,101598,2025-07-29,Mexico,Makeup,13.63,1,5,False,12.95
502218,101598,2025-07-29,Mexico,Makeup,6.89,1,0,False,6.89
502219,101600,2025-02-18,Mexico,Skincare,23.86,1,0,False,23.86
502220,101602,2025-02-07,Mexico,Skincare,12.33,1,5,False,11.71
502221,101602,2025-02-10,Mexico,Fragrance,56.15,1,0,False,56.15
502221,101602,2025-02-10,Mexico,Fragrance,28.87,2,0,False,57.74
502221,101602,2025-02-10,Mexico,Haircare,19.81,1,5,False,18.82
502222,101604,2025-09-07,Mexico,Fragrance,35.79,2,0,False,71.58
502222,101604,2025-09-07,Mexico,Wellness,17.53,2,5,False,33.31
502223,101605,2025-09-13,Russia,Haircare,12.56,1,0,False,12.56
502223,101605,2025-09-13,Russia,Fragrance,33.3,2,0,False,66.6
502224,101605,2025-11-26,Russia,Skincare,16.25,2,0,True,32.5
502225,101609,2025-06-08,Belarus,Makeup,16.04,2,0,False,32.08
502225,101609,2025-06-08,Belarus,Wellness,11.84,2,0,False,23.68
502225,101609,2025-06-08,Belarus,Fragrance,40.13,1,0,False,40.13
502226,101609,2025-07-07,Belarus,Fragrance,33.69,1,0,False,33.69
502226,101609,2025-07-07,Belarus,Fragrance,32.41,2,0,False,64.82
502227,101609,2025-12-04,Belarus,Makeup,25.48,1,0,False,25.48
502228,101610,2025-04-16,Russia,Wellness,17.9,1,0,False,17.9
502228,101610,2025-04-16,Russia,Haircare,17.53,2,0,False,35.06
502228,101610,2025-04-16,Russia,Wellness,19.89,1,10,False,17.9
502229,101610,2025-05-19,Russia,Fragrance,44.76,2,0,False,89.52
502229,101610,2025-05-19,Russia,Wellness,17.71,1,0,False,17.71
502230,101612,2024-02-17,Mexico,Haircare,21.16,2,5,False,40.2
502231,101614,2024-11-22,Kazakhstan,Fragrance,22.36,2,0,False,44.72
502231,101614,2024-11-22,Kazakhstan,Fragrance,36.71,1,0,False,36.71
502232,101615,2024-06-27,Russia,Haircare,18.51,1,0,False,18.51
502233,101615,2024-11-16,Russia,Skincare,8.17,1,10,False,7.35
502233,101615,2024-11-16,Russia,Skincare,8.68,2,0,False,17.36
502233,101615,2024-11-16,Russia,Fragrance,36.67,1,0,False,36.67
502234,101616,2024-06-17,Mexico,Wellness,14.19,2,0,False,28.38
502234,101616,2024-06-17,Mexico,Wellness,18.94,1,5,False,17.99
502235,101618,2024-07-21,Kazakhstan,Wellness,7.66,1,0,False,7.66
502236,101619,2025-09-23,USA,Makeup,17.52,2,5,False,33.29
502237,101619,2025-12-01,USA,Makeup,15.68,2,0,False,31.36
502237,101619,2025-12-01,USA,Skincare,15.07,1,10,False,13.56
502237,101619,2025-12-01,USA,Fragrance,46.55,2,0,False,93.1
502238,101620,2024-11-29,Mexico,Wellness,7.65,1,15,True,6.5
502238,101620,2024-11-29,Mexico,Fragrance,58.26,2,15,True,99.04
502239,101622,2025-03-26,Mexico,Wellness,7.62,2,0,False,15.24
502239,101622,2025-03-26,Mexico,Makeup,26.88,1,0,False,26.88
502239,101622,2025-03-26,Mexico,Fragrance,59.81,1,5,False,56.82
502240,101622,2025-04-21,Mexico,Wellness,14.49,1,0,False,14.49
502240,101622,2025-04-21,Mexico,Fragrance,34.76,2,10,False,62.57
502241,101622,2025-07-19,Mexico,Makeup,24.32,1,0,False,24.32
502241,101622,2025-07-19,Mexico,Wellness,17.03,1,0,False,17.03
502242,101623,2024-10-02,USA,Wellness,15.59,2,0,False,31.18
502242,101623,2024-10-02,USA,Wellness,9.65,1,0,False,9.65
502243,101623,2024-10-30,USA,Wellness,17.49,2,0,False,34.98
502244,101623,2024-11-16,USA,Wellness,14.23,2,0,False,28.46
502244,101623,2024-11-16,USA,Wellness,16.97,1,0,False,16.97
502244,101623,2024-11-16,USA,Makeup,10.15,2,0,False,20.3
502245,101623,2025-04-09,USA,Haircare,8.18,1,5,False,7.77
502245,101623,2025-04-09,USA,Wellness,21.28,1,0,False,21.28
502246,101623,2025-07-21,USA,Haircare,11.69,2,0,False,23.38
502246,101623,2025-07-21,USA,Fragrance,22.33,1,0,False,22.33
502247,101627,2024-09-28,Russia,Makeup,15.72,1,5,False,14.93
502247,101627,2024-09-28,Russia,Wellness,21.73,1,0,False,21.73
502247,101627,2024-09-28,Russia,Wellness,11.58,1,0,False,11.58
502248,101627,2025-10-16,Russia,Fragrance,35.19,1,0,False,35.19
502248,101627,2025-10-16,Russia,Makeup,9.49,2,0,False,18.98
502249,101627,2025-11-13,Russia,Skincare,10.97,1,0,False,10.97
502250,101628,2025-12-01,Kazakhstan,Haircare,7.48,1,0,False,7.48
502250,101628,2025-12-01,Kazakhstan,Haircare,12.61,2,0,False,25.22
502250,101628,2025-12-01,Kazakhstan,Haircare,20.12,2,0,False,40.24
502251,101629,2024-09-08,Belarus,Wellness,6.08,1,5,False,5.78
502251,101629,2024-09-08,Belarus,Fragrance,37.89,2,0,False,75.78
502251,101629,2024-09-08,Belarus,Haircare,19.75,2,0,False,39.5
502252,101629,2024-09-12,Belarus,Haircare,23.12,1,0,False,23.12
502252,101629,2024-09-12,Belarus,Skincare,21.57,1,0,False,21.57
502253,101630,2024-05-25,Russia,Skincare,13.57,1,0,False,13.57
502253,101630,2024-05-25,Russia,Makeup,19.1,1,0,False,19.1
502254,101630,2024-08-15,Russia,Wellness,14.28,1,5,False,13.57
502254,101630,2024-08-15,Russia,Fragrance,49.01,2,0,False,98.02
502255,101630,2024-09-15,Russia,Skincare,12.32,2,0,False,24.64
502256,101630,2025-04-13,Russia,Haircare,14.69,1,0,False,14.69
502257,101631,2025-05-21,Mexico,Wellness,6.58,1,0,False,6.58
502257,101631,2025-05-21,Mexico,Makeup,5.62,2,0,False,11.24
502257,101631,2025-05-21,Mexico,Wellness,6.74,1,0,False,6.74
502258,101631,2025-09-18,Mexico,Fragrance,58.15,1,0,False,58.15
502258,101631,2025-09-18,Mexico,Fragrance,36.24,2,0,False,72.48
502259,101631,2025-11-30,Mexico,Wellness,15.95,1,0,True,15.95
502259,101631,2025-11-30,Mexico,Fragrance,55.3,1,20,True,44.24
502259,101631,2025-11-30,Mexico,Haircare,23.59,1,10,True,21.23
502260,101632,2024-02-26,Mexico,Makeup,16.55,1,0,False,16.55
502260,101632,2024-02-26,Mexico,Haircare,15.58,1,5,False,14.8
502261,101632,2024-04-09,Mexico,Wellness,7.86,2,0,False,15.72
502261,101632,2024-04-09,Mexico,Haircare,11.67,1,0,False,11.67
502261,101632,2024-04-09,Mexico,Haircare,19.21,2,0,False,38.42
502262,101632,2024-09-28,Mexico,Skincare,10.85,2,10,False,19.53
502262,101632,2024-09-28,Mexico,Skincare,18.23,2,5,False,34.64
502262,101632,2024-09-28,Mexico,Wellness,13.75,2,0,False,27.5
502263,101633,2024-11-11,USA,Skincare,25.48,1,0,True,25.48
502263,101633,2024-11-11,USA,Skincare,29.02,2,15,True,49.33
502264,101633,2024-11-26,USA,Haircare,24.49,2,20,True,39.18
502264,101633,2024-11-26,USA,Wellness,14.09,1,0,True,14.09
502265,101634,2024-10-02,Russia,Skincare,18.27,2,0,False,36.54
502265,101634,2024-10-02,Russia,Fragrance,58.65,2,5,False,111.43
502265,101634,2024-10-02,Russia,Skincare,15.81,2,0,False,31.62
502266,101635,2024-10-27,Kazakhstan,Makeup,25.48,1,0,False,25.48
502266,101635,2024-10-27,Kazakhstan,Skincare,17.45,2,0,False,34.9
502267,101636,2024-06-08,USA,Fragrance,33.07,2,0,False,66.14
502268,101639,2024-10-16,Kazakhstan,Fragrance,32.04,2,0,False,64.08
502268,101639,2024-10-16,Kazakhstan,Haircare,11.78,1,0,False,11.78
502268,101639,2024-10-16,Kazakhstan,Wellness,19.82,1,0,False,19.82
502269,101640,2025-05-08,Russia,Haircare,20.14,1,5,False,19.13
502269,101640,2025-05-08,Russia,Skincare,29.84,1,5,False,28.35
502270,101642,2024-04-10,Russia,Skincare,18.15,2,0,False,36.3
502270,101642,2024-04-10,Russia,Skincare,26.65,1,0,False,26.65
502271,101643,2025-03-05,Kazakhstan,Fragrance,46.86,2,0,True,93.72
502271,101643,2025-03-05,Kazakhstan,Fragrance,41.07,2,0,True,82.14
502271,101643,2025-03-05,Kazakhstan,Haircare,21.39,1,25,True,16.04
502272,101643,2025-05-27,Kazakhstan,Makeup,18.87,1,10,False,16.98
502272,101643,2025-05-27,Kazakhstan,Makeup,26.06,1,0,False,26.06
502273,101644,2025-07-11,Russia,Makeup,16.31,2,5,False,30.99
502273,101644,2025-07-11,Russia,Fragrance,38.0,2,5,False,72.2
502274,101644,2025-08-17,Russia,Wellness,16.57,2,0,False,33.14
502274,101644,2025-08-17,Russia,Makeup,6.16,1,0,False,6.16
502275,101644,2025-09-12,Russia,Skincare,18.71,2,0,False,37.42
502276,101646,2024-01-30,USA,Makeup,11.28,1,0,False,11.28
502276,101646,2024-01-30,USA,Fragrance,38.19,1,0,False,38.19
502276,101646,2024-01-30,USA,Haircare,7.42,2,0,False,14.84
502277,101646,2024-04-29,USA,Skincare,19.35,2,10,False,34.83
502277,101646,2024-04-29,USA,Haircare,10.42,1,0,False,10.42
502277,101646,2024-04-29,USA,Wellness,19.12,2,0,False,38.24
502278,101646,2024-05-15,USA,Skincare,14.76,1,0,False,14.76
502278,101646,2024-05-15,USA,Haircare,8.15,1,0,False,8.15
502279,101646,2024-06-05,USA,Haircare,11.88,2,0,True,23.76
502279,101646,2024-06-05,USA,Fragrance,56.92,2,15,True,96.76
502279,101646,2024-06-05,USA,Skincare,30.01,1,0,True,30.01
502280,101647,2025-01-13,Russia,Haircare,16.05,2,0,False,32.1
502280,101647,2025-01-13,Russia,Makeup,14.46,2,0,False,28.92
502281,101648,2024-11-10,Russia,Fragrance,53.61,1,10,True,48.25
502282,101648,2024-12-05,Russia,Haircare,9.79,2,0,False,19.58
502283,101648,2025-02-07,Russia,Haircare,24.53,1,0,False,24.53
502283,101648,2025-02-07,Russia,Fragrance,26.96,1,5,False,25.61
502283,101648,2025-02-07,Russia,Haircare,21.92,2,5,False,41.65
502284,101648,2025-04-08,Russia,Fragrance,29.94,1,0,False,29.94
502284,101648,2025-04-08,Russia,Fragrance,24.6,2,0,False,49.2
502285,101648,2025-07-29,Russia,Haircare,13.64,1,0,False,13.64
502285,101648,2025-07-29,Russia,Fragrance,34.7,2,0,False,69.4
502285,101648,2025-07-29,Russia,Fragrance,15.18,1,0,False,15.18
502286,101649,2025-04-13,Russia,Fragrance,57.79,2,0,False,115.58
502286,101649,2025-04-13,Russia,Haircare,22.5,2,0,False,45.0
502287,101650,2024-09-07,USA,Wellness,14.66,1,0,False,14.66
502287,101650,2024-09-07,USA,Makeup,14.48,1,0,False,14.48
502288,101650,2024-09-12,USA,Skincare,23.55,2,0,False,47.1
502289,101650,2024-10-11,USA,Wellness,8.24,1,0,False,8.24
502289,101650,2024-10-11,USA,Fragrance,54.11,1,5,False,51.4
502290,101651,2025-06-21,Russia,Haircare,10.49,2,5,False,19.93
502291,101652,2024-12-05,Mexico,Makeup,12.05,1,0,False,12.05
502291,101652,2024-12-05,Mexico,Wellness,10.31,2,0,False,20.62
502291,101652,2024-12-05,Mexico,Skincare,19.08,1,0,False,19.08
502292,101652,2025-02-19,Mexico,Wellness,11.19,2,0,False,22.38
502293,101652,2025-06-04,Mexico,Skincare,22.28,2,20,True,35.65
502293,101652,2025-06-04,Mexico,Makeup,24.23,1,0,True,24.23
502293,101652,2025-06-04,Mexico,Skincare,34.55,2,0,True,69.1
502294,101653,2024-12-07,Russia,Wellness,9.43,2,0,False,18.86
502294,101653,2024-12-07,Russia,Skincare,25.5,1,0,False,25.5
502295,101654,2024-12-02,Russia,Makeup,12.74,1,0,False,12.74
502295,101654,2024-12-02,Russia,Wellness,20.99,2,10,False,37.78
502296,101655,2024-06-05,Russia,Fragrance,56.35,1,0,True,56.35
502297,101655,2024-07-15,Russia,Makeup,10.06,1,5,False,9.56
502298,101655,2024-08-31,Russia,Fragrance,53.45,2,5,False,101.56
502298,101655,2024-08-31,Russia,Makeup,16.01,2,0,False,32.02
502298,101655,2024-08-31,Russia,Skincare,11.7,2,0,False,23.4
502299,101655,2024-09-27,Russia,Wellness,8.94,1,0,False,8.94
502299,101655,2024-09-27,Russia,Wellness,15.14,1,0,False,15.14
502299,101655,2024-09-27,Russia,Skincare,32.28,2,0,False,64.56
502300,101655,2025-01-14,Russia,Wellness,16.04,1,5,False,15.24
502300,101655,2025-01-14,Russia,Skincare,34.6,1,0,False,34.6
502301,101656,2024-12-02,Mexico,Fragrance,23.2,1,0,False,23.2
502301,101656,2024-12-02,Mexico,Fragrance,17.06,2,0,False,34.12
502301,101656,2024-12-02,Mexico,Skincare,11.41,2,5,False,21.68
502302,101656,2024-12-21,Mexico,Makeup,11.16,1,0,False,11.16
502302,101656,2024-12-21,Mexico,Fragrance,41.24,2,0,False,82.48
502303,101656,2025-03-20,Mexico,Skincare,28.08,2,0,False,56.16
502303,101656,2025-03-20,Mexico,Makeup,25.15,1,0,False,25.15
502303,101656,2025-03-20,Mexico,Wellness,11.33,1,0,False,11.33
502304,101656,2025-04-19,Mexico,Skincare,13.07,1,0,False,13.07
502304,101656,2025-04-19,Mexico,Fragrance,36.02,2,0,False,72.04
502305,101659,2024-07-22,Belarus,Makeup,25.79,2,0,False,51.58
502306,101660,2024-12-16,Russia,Makeup,12.61,1,0,False,12.61
502306,101660,2024-12-16,Russia,Haircare,10.38,2,0,False,20.76
502307,101660,2025-03-07,Russia,Skincare,29.53,1,0,True,29.53
502307,101660,2025-03-07,Russia,Wellness,11.39,2,0,True,22.78
502307,101660,2025-03-07,Russia,Wellness,18.86,2,25,True,28.29
502308,101661,2025-05-24,Russia,Haircare,13.7,2,0,False,27.4
502308,101661,2025-05-24,Russia,Skincare,14.23,2,0,False,28.46
502309,101662,2025-04-14,Mexico,Haircare,13.89,1,0,False,13.89
502309,101662,2025-04-14,Mexico,Makeup,27.87,2,0,False,55.74
502309,101662,2025-04-14,Mexico,Haircare,22.55,1,0,False,22.55
502310,101662,2025-09-10,Mexico,Fragrance,29.51,1,0,False,29.51
502310,101662,2025-09-10,Mexico,Makeup,23.09,1,0,False,23.09
502311,101664,2024-11-30,Russia,Wellness,18.77,1,0,True,18.77
502312,101666,2024-07-27,Kazakhstan,Wellness,19.92,2,0,False,39.84
502312,101666,2024-07-27,Kazakhstan,Fragrance,18.84,2,5,False,35.8
502313,101666,2024-08-22,Kazakhstan,Haircare,11.18,2,0,False,22.36
502313,101666,2024-08-22,Kazakhstan,Makeup,9.48,2,10,False,17.06
502314,101666,2025-02-06,Kazakhstan,Haircare,7.57,1,5,False,7.19
502314,101666,2025-02-06,Kazakhstan,Haircare,7.08,1,0,False,7.08
502314,101666,2025-02-06,Kazakhstan,Wellness,8.67,1,0,False,8.67
502315,101666,2025-10-31,Kazakhstan,Makeup,18.54,2,0,False,37.08
502315,101666,2025-10-31,Kazakhstan,Fragrance,48.63,1,0,False,48.63
502316,101667,2025-03-02,USA,Fragrance,25.44,2,10,False,45.79
502316,101667,2025-03-02,USA,Skincare,28.45,2,0,False,56.9
502316,101667,2025-03-02,USA,Wellness,16.13,2,0,False,32.26
502317,101668,2025-06-08,Belarus,Fragrance,18.4,2,0,False,36.8
502318,101669,2024-05-05,USA,Skincare,16.7,2,0,False,33.4
502318,101669,2024-05-05,USA,Haircare,23.88,2,0,False,47.76
502319,101671,2024-03-12,Belarus,Wellness,9.38,2,0,False,18.76
502319,101671,2024-03-12,Belarus,Fragrance,19.24,1,0,False,19.24
502319,101671,2024-03-12,Belarus,Makeup,10.0,1,0,False,10.0
502320,101673,2025-04-12,Mexico,Skincare,15.44,2,0,False,30.88
502321,101673,2025-07-14,Mexico,Skincare,10.11,2,0,False,20.22
502321,101673,2025-07-14,Mexico,Makeup,6.22,1,10,False,5.6
502321,101673,2025-07-14,Mexico,Fragrance,42.76,1,0,False,42.76
502322,101673,2025-08-26,Mexico,Fragrance,55.2,1,5,False,52.44
502322,101673,2025-08-26,Mexico,Fragrance,49.09,1,0,False,49.09
502323,101674,2024-04-16,Kazakhstan,Haircare,13.27,2,0,False,26.54
502323,101674,2024-04-16,Kazakhstan,Skincare,28.64,2,0,False,57.28
502324,101674,2024-10-09,Kazakhstan,Makeup,15.82,2,0,False,31.64
502325,101674,2024-11-07,Kazakhstan,Haircare,14.04,1,0,False,14.04
502325,101674,2024-11-07,Kazakhstan,Wellness,7.3,1,0,False,7.3
502326,101675,2025-05-21,Mexico,Haircare,8.7,2,0,False,17.4
502327,101675,2025-11-18,Mexico,Wellness,6.32,1,0,False,6.32
502327,101675,2025-11-18,Mexico,Haircare,12.09,2,10,False,21.76
502328,101675,2025-11-25,Mexico,Fragrance,54.45,1,0,True,54.45
502328,101675,2025-11-25,Mexico,Makeup,12.41,1,10,True,11.17
502328,101675,2025-11-25,Mexico,Haircare,20.81,2,0,True,41.62
502329,101676,2024-07-23,Russia,Fragrance,38.52,1,0,False,38.52
502329,101676,2024-07-23,Russia,Wellness,16.82,1,0,False,16.82
502330,101677,2024-07-17,Russia,Fragrance,16.55,1,0,False,16.55
502330,101677,2024-07-17,Russia,Wellness,17.11,1,0,False,17.11
502331,101677,2024-07-24,Russia,Fragrance,50.55,2,0,False,101.1
502331,101677,2024-07-24,Russia,Makeup,21.82,1,0,False,21.82
502331,101677,2024-07-24,Russia,Wellness,14.79,2,0,False,29.58
502332,101677,2024-09-27,Russia,Makeup,21.23,1,0,False,21.23
502333,101678,2024-11-23,USA,Skincare,19.8,1,0,False,19.8
502333,101678,2024-11-23,USA,Wellness,21.25,1,5,False,20.19
502333,101678,2024-11-23,USA,Fragrance,23.0,2,0,False,46.0
502334,101679,2025-03-02,Kazakhstan,Fragrance,23.42,2,0,False,46.84
502335,101680,2025-03-17,USA,Haircare,7.61,1,0,False,7.61
502335,101680,2025-03-17,USA,Skincare,34.02,2,0,False,68.04
502335,101680,2025-03-17,USA,Wellness,8.41,1,0,False,8.41
502336,101680,2025-05-27,USA,Skincare,9.2,1,0,False,9.2
502337,101681,2024-01-23,USA,Makeup,23.94,1,0,False,23.94
502337,101681,2024-01-23,USA,Fragrance,49.49,2,0,False,98.98
502337,101681,2024-01-23,USA,Makeup,6.99,1,5,False,6.64
502338,101682,2025-06-06,Belarus,Fragrance,52.45,2,10,True,94.41
502339,101682,2025-11-03,Belarus,Wellness,16.75,1,0,False,16.75
502339,101682,2025-11-03,Belarus,Haircare,18.1,1,0,False,18.1
502340,101683,2024-09-27,Russia,Fragrance,20.76,2,0,False,41.52
502340,101683,2024-09-27,Russia,Wellness,17.07,1,0,False,17.07
502341,101683,2024-12-17,Russia,Skincare,22.35,1,0,False,22.35
502342,101683,2024-12-20,Russia,Haircare,14.06,2,0,False,28.12
502342,101683,2024-12-20,Russia,Makeup,14.14,1,0,False,14.14
502343,101686,2025-09-19,Russia,Skincare,21.77,1,5,False,20.68
502344,101687,2024-06-18,USA,Fragrance,30.35,1,0,False,30.35
502344,101687,2024-06-18,USA,Skincare,8.72,1,0,False,8.72
502344,101687,2024-06-18,USA,Makeup,25.25,1,0,False,25.25
502345,101690,2025-12-18,Russia,Skincare,14.06,2,0,False,28.12
502345,101690,2025-12-18,Russia,Fragrance,43.82,2,0,False,87.64
502346,101691,2025-02-12,Russia,Haircare,21.97,2,0,False,43.94
502346,101691,2025-02-12,Russia,Skincare,14.49,2,0,False,28.98
502346,101691,2025-02-12,Russia,Skincare,18.7,2,5,False,35.53
502347,101692,2025-06-04,Belarus,Wellness,21.91,1,0,True,21.91
502348,101692,2025-08-13,Belarus,Haircare,16.11,1,0,False,16.11
502348,101692,2025-08-13,Belarus,Makeup,15.42,1,0,False,15.42
502348,101692,2025-08-13,Belarus,Fragrance,18.34,1,0,False,18.34
502349,101693,2025-01-30,Mexico,Haircare,8.06,1,0,False,8.06
502349,101693,2025-01-30,Mexico,Skincare,34.66,2,5,False,65.85
502350,101693,2025-09-03,Mexico,Fragrance,40.77,1,0,False,40.77
502350,101693,2025-09-03,Mexico,Makeup,27.42,1,0,False,27.42
502351,101693,2025-10-18,Mexico,Makeup,13.86,2,0,False,27.72
502351,101693,2025-10-18,Mexico,Wellness,12.43,1,0,False,12.43
502351,101693,2025-10-18,Mexico,Wellness,19.05,1,0,False,19.05
502352,101695,2024-04-13,Russia,Wellness,10.72,2,0,False,21.44
502352,101695,2024-04-13,Russia,Haircare,12.72,1,0,False,12.72
502353,101695,2025-01-25,Russia,Haircare,18.28,1,0,False,18.28
502353,101695,2025-01-25,Russia,Wellness,11.91,2,0,False,23.82
502354,101696,2024-06-02,Mexico,Haircare,11.69,2,15,True,19.87
502354,101696,2024-06-02,Mexico,Wellness,7.35,2,10,True,13.23
502355,101696,2024-10-05,Mexico,Wellness,7.34,1,5,False,6.97
502356,101697,2025-04-18,Kazakhstan,Fragrance,28.1,1,0,False,28.1
502356,101697,2025-04-18,Kazakhstan,Makeup,13.13,2,0,False,26.26
502356,101697,2025-04-18,Kazakhstan,Haircare,20.73,2,5,False,39.39
502357,101697,2025-05-19,Kazakhstan,Haircare,11.82,2,0,False,23.64
502357,101697,2025-05-19,Kazakhstan,Makeup,6.21,2,0,False,12.42
502357,101697,2025-05-19,Kazakhstan,Haircare,9.48,1,0,False,9.48
502358,101697,2025-11-22,Kazakhstan,Wellness,7.41,2,0,False,14.82
502359,101698,2024-05-03,Kazakhstan,Wellness,10.42,2,0,False,20.84
502360,101698,2024-05-31,Kazakhstan,Wellness,13.43,1,0,False,13.43
502360,101698,2024-05-31,Kazakhstan,Skincare,31.6,1,0,False,31.6
502360,101698,2024-05-31,Kazakhstan,Makeup,8.22,2,0,False,16.44
502361,101699,2024-07-04,Mexico,Haircare,20.98,1,0,False,20.98
502361,101699,2024-07-04,Mexico,Wellness,11.04,2,5,False,20.98
502362,101699,2024-07-21,Mexico,Makeup,7.5,2,0,False,15.0
502363,101701,2025-10-11,USA,Makeup,18.17,1,0,False,18.17
502364,101701,2025-12-02,USA,Haircare,24.44,1,0,False,24.44
502365,101702,2024-07-26,Mexico,Haircare,20.27,1,0,False,20.27
502366,101702,2025-04-13,Mexico,Makeup,26.7,2,5,False,50.73
502367,101703,2024-06-16,Russia,Skincare,22.79,1,0,False,22.79
502367,101703,2024-06-16,Russia,Haircare,9.26,1,5,False,8.8
502367,101703,2024-06-16,Russia,Haircare,11.13,1,0,False,11.13
502368,101704,2025-04-30,Russia,Makeup,15.04,1,5,False,14.29
502368,101704,2025-04-30,Russia,Makeup,6.75,1,0,False,6.75
502368,101704,2025-04-30,Russia,Fragrance,15.14,2,0,False,30.28
502369,101704,2025-05-21,Russia,Wellness,9.53,2,5,False,18.11
502369,101704,2025-05-21,Russia,Makeup,11.18,2,0,False,22.36
502370,101705,2024-09-15,Belarus,Makeup,7.11,2,0,False,14.22
502370,101705,2024-09-15,Belarus,Makeup,13.41,1,0,False,13.41
502371,101705,2025-04-08,Belarus,Wellness,20.93,2,0,False,41.86
502372,101706,2025-06-03,USA,Haircare,11.96,1,0,True,11.96
502372,101706,2025-06-03,USA,Fragrance,35.71,2,0,True,71.42
502373,101706,2025-12-17,USA,Haircare,15.22,2,0,False,30.44
502373,101706,2025-12-17,USA,Fragrance,54.62,1,0,False,54.62
502373,101706,2025-12-17,USA,Wellness,9.33,2,0,False,18.66
502374,101707,2024-05-14,Russia,Fragrance,20.16,1,0,False,20.16
502375,101708,2024-09-26,Kazakhstan,Haircare,13.71,2,0,False,27.42
502375,101708,2024-09-26,Kazakhstan,Fragrance,39.02,1,0,False,39.02
502376,101708,2025-01-31,Kazakhstan,Haircare,15.72,1,0,False,15.72
502377,101710,2025-02-05,Kazakhstan,Haircare,22.27,1,0,False,22.27
502378,101710,2025-12-25,Kazakhstan,Fragrance,51.79,2,0,False,103.58
502378,101710,2025-12-25,Kazakhstan,Skincare,12.3,2,5,False,23.37
502379,101711,2024-07-11,Russia,Skincare,31.73,2,0,False,63.46
502379,101711,2024-07-11,Russia,Makeup,6.64,1,0,False,6.64
502380,101711,2024-12-04,Russia,Fragrance,39.77,1,0,False,39.77
502380,101711,2024-12-04,Russia,Makeup,16.8,1,0,False,16.8
502380,101711,2024-12-04,Russia,Haircare,8.21,2,0,False,16.42
502381,101712,2024-10-29,Russia,Makeup,14.34,2,0,False,28.68
502381,101712,2024-10-29,Russia,Wellness,12.82,1,10,False,11.54
502382,101713,2025-03-09,Russia,Makeup,21.73,1,0,False,21.73
502383,101713,2025-08-06,Russia,Makeup,5.2,2,0,False,10.4
502383,101713,2025-08-06,Russia,Haircare,7.85,2,5,False,14.92
502384,101714,2024-01-31,Russia,Haircare,13.72,2,5,False,26.07
502384,101714,2024-01-31,Russia,Wellness,10.79,1,0,False,10.79
502384,101714,2024-01-31,Russia,Makeup,13.92,2,0,False,27.84
502385,101715,2025-10-25,Belarus,Skincare,14.2,1,0,False,14.2
502385,101715,2025-10-25,Belarus,Makeup,14.19,1,0,False,14.19
502385,101715,2025-10-25,Belarus,Haircare,24.73,2,0,False,49.46
502386,101716,2024-11-16,Kazakhstan,Fragrance,55.14,1,0,False,55.14
502386,101716,2024-11-16,Kazakhstan,Skincare,18.25,1,5,False,17.34
502386,101716,2024-11-16,Kazakhstan,Fragrance,29.29,2,0,False,58.58
502387,101718,2025-06-13,Mexico,Makeup,17.12,1,0,False,17.12
502388,101719,2024-07-09,USA,Fragrance,52.69,2,0,False,105.38
502388,101719,2024-07-09,USA,Skincare,15.38,2,0,False,30.76
502388,101719,2024-07-09,USA,Haircare,22.64,2,0,False,45.28
502389,101719,2024-11-29,USA,Skincare,13.12,1,0,True,13.12
502390,101720,2025-06-20,Russia,Makeup,9.76,2,0,False,19.52
502390,101720,2025-06-20,Russia,Makeup,17.24,2,0,False,34.48
502390,101720,2025-06-20,Russia,Haircare,8.57,2,0,False,17.14
502391,101721,2024-12-15,USA,Fragrance,51.39,1,0,False,51.39
502391,101721,2024-12-15,USA,Wellness,9.85,1,5,False,9.36
502392,101723,2025-06-29,Mexico,Fragrance,40.99,2,5,False,77.88
502392,101723,2025-06-29,Mexico,Haircare,11.85,2,5,False,22.51
502392,101723,2025-06-29,Mexico,Skincare,10.7,2,0,False,21.4
502393,101724,2024-07-05,Mexico,Haircare,22.14,1,5,False,21.03
502394,101724,2024-11-26,Mexico,Fragrance,36.35,1,20,True,29.08
502394,101724,2024-11-26,Mexico,Skincare,13.7,1,0,True,13.7
502394,101724,2024-11-26,Mexico,Makeup,23.95,2,20,True,38.32
502395,101725,2025-04-15,Kazakhstan,Skincare,34.66,2,0,False,69.32
502395,101725,2025-04-15,Kazakhstan,Haircare,18.87,2,0,False,37.74
502396,101726,2024-07-10,Kazakhstan,Skincare,18.12,2,0,False,36.24
502396,101726,2024-07-10,Kazakhstan,Skincare,20.44,1,0,False,20.44
502397,101727,2024-08-13,Mexico,Haircare,8.97,2,0,False,17.94
502398,101728,2025-01-29,Russia,Haircare,22.61,2,0,False,45.22
502398,101728,2025-01-29,Russia,Makeup,11.72,1,10,False,10.55
502398,101728,2025-01-29,Russia,Makeup,9.09,2,0,False,18.18
502399,101728,2025-04-27,Russia,Fragrance,51.9,2,5,False,98.61
502399,101728,2025-04-27,Russia,Wellness,7.8,2,0,False,15.6
502400,101729,2025-05-24,Belarus,Wellness,19.16,2,0,False,38.32
502400,101729,2025-05-24,Belarus,Haircare,7.38,2,5,False,14.02
502400,101729,2025-05-24,Belarus,Fragrance,48.55,2,0,False,97.1
502401,101729,2025-08-20,Belarus,Fragrance,43.83,1,0,False,43.83
502402,101729,2025-11-04,Belarus,Fragrance,15.51,1,0,False,15.51
502402,101729,2025-11-04,Belarus,Fragrance,49.96,2,0,False,99.92
502402,101729,2025-11-04,Belarus,Skincare,19.17,2,0,False,38.34
502403,101730,2025-10-29,Russia,Fragrance,35.24,2,0,False,70.48
502404,101732,2024-09-14,Mexico,Makeup,17.88,2,5,False,33.97
502404,101732,2024-09-14,Mexico,Makeup,16.53,1,0,False,16.53
502404,101732,2024-09-14,Mexico,Skincare,14.19,2,0,False,28.38
502405,101732,2024-11-06,Mexico,Makeup,17.94,1,0,False,17.94
502405,101732,2024-11-06,Mexico,Fragrance,22.66,2,0,False,45.32
502405,101732,2024-11-06,Mexico,Skincare,10.68,2,0,False,21.36
502406,101733,2024-01-24,USA,Fragrance,48.09,2,0,False,96.18
502406,101733,2024-01-24,USA,Makeup,16.95,1,0,False,16.95
502406,101733,2024-01-24,USA,Fragrance,44.77,1,0,False,44.77
502407,101734,2025-08-21,USA,Makeup,19.67,2,0,False,39.34
502407,101734,2025-08-21,USA,Fragrance,38.09,1,0,False,38.09
502408,101735,2025-01-03,Russia,Wellness,9.02,1,0,False,9.02
502409,101735,2025-06-12,Russia,Fragrance,16.2,1,0,False,16.2
502409,101735,2025-06-12,Russia,Wellness,9.28,2,0,False,18.56
502409,101735,2025-06-12,Russia,Haircare,8.59,1,0,False,8.59
502410,101736,2024-07-02,Russia,Haircare,10.42,1,0,False,10.42
502411,101737,2024-02-20,Kazakhstan,Fragrance,28.98,2,0,False,57.96
502411,101737,2024-02-20,Kazakhstan,Haircare,18.34,1,5,False,17.42
502412,101738,2025-06-22,Kazakhstan,Haircare,24.55,1,0,False,24.55
502412,101738,2025-06-22,Kazakhstan,Haircare,24.45,1,0,False,24.45
502412,101738,2025-06-22,Kazakhstan,Wellness,12.0,2,0,False,24.0
502413,101739,2024-05-15,Russia,Haircare,19.87,2,0,False,39.74
502413,101739,2024-05-15,Russia,Wellness,15.11,1,0,False,15.11
502414,101740,2025-07-18,Mexico,Haircare,18.71,2,0,False,37.42
502414,101740,2025-07-18,Mexico,Fragrance,29.37,2,0,False,58.74
502415,101741,2024-11-08,Mexico,Wellness,16.04,2,0,True,32.08
502415,101741,2024-11-08,Mexico,Fragrance,34.68,2,25,True,52.02
502415,101741,2024-11-08,Mexico,Fragrance,42.38,1,0,True,42.38
502416,101741,2024-11-13,Mexico,Makeup,17.27,2,0,True,34.54
502417,101742,2025-01-02,Belarus,Skincare,15.63,1,5,False,14.85
502417,101742,2025-01-02,Belarus,Haircare,23.69,2,0,False,47.38
502418,101743,2024-02-17,Mexico,Haircare,13.0,2,5,False,24.7
502418,101743,2024-02-17,Mexico,Skincare,23.53,1,5,False,22.35
502418,101743,2024-02-17,Mexico,Fragrance,56.38,1,0,False,56.38
502419,101744,2024-12-06,Belarus,Wellness,16.95,1,10,False,15.26
502420,101745,2024-01-21,Mexico,Fragrance,44.19,1,0,False,44.19
502420,101745,2024-01-21,Mexico,Skincare,19.42,2,0,False,38.84
502420,101745,2024-01-21,Mexico,Fragrance,15.33,1,0,False,15.33
502421,101745,2024-04-07,Mexico,Skincare,9.29,1,0,False,9.29
502421,101745,2024-04-07,Mexico,Wellness,6.01,2,10,False,10.82
502421,101745,2024-04-07,Mexico,Wellness,11.38,2,0,False,22.76
502422,101745,2024-05-28,Mexico,Fragrance,25.09,1,0,False,25.09
502423,101747,2025-09-13,USA,Wellness,8.63,2,0,False,17.26
502424,101748,2025-10-16,USA,Wellness,19.75,2,5,False,37.52
502424,101748,2025-10-16,USA,Wellness,9.53,1,0,False,9.53
502424,101748,2025-10-16,USA,Fragrance,51.85,2,0,False,103.7
502425,101749,2024-10-18,USA,Haircare,16.72,1,0,False,16.72
502426,101750,2025-08-31,Russia,Haircare,17.72,2,0,False,35.44
502426,101750,2025-08-31,Russia,Haircare,18.03,2,5,False,34.26
502427,101751,2024-05-17,Kazakhstan,Fragrance,24.35,1,0,False,24.35
502428,101752,2025-03-09,Mexico,Haircare,8.33,1,0,False,8.33
502429,101753,2025-04-19,Russia,Wellness,16.17,2,0,False,32.34
502429,101753,2025-04-19,Russia,Fragrance,25.87,1,0,False,25.87
502430,101754,2025-08-19,Belarus,Fragrance,15.1,1,5,False,14.34
502430,101754,2025-08-19,Belarus,Makeup,23.37,1,0,False,23.37
502431,101755,2024-01-07,Russia,Makeup,20.35,2,0,False,40.7
502432,101756,2025-02-02,Russia,Wellness,21.56,1,0,False,21.56
502433,101756,2025-05-20,Russia,Makeup,6.38,1,0,False,6.38
502433,101756,2025-05-20,Russia,Makeup,23.15,1,0,False,23.15
502433,101756,2025-05-20,Russia,Fragrance,24.94,1,5,False,23.69
502434,101756,2025-10-28,Russia,Haircare,17.01,2,0,False,34.02
502434,101756,2025-10-28,Russia,Skincare,17.29,1,0,False,17.29
502435,101757,2024-06-13,Kazakhstan,Wellness,18.15,2,0,False,36.3
502435,101757,2024-06-13,Kazakhstan,Skincare,22.76,1,0,False,22.76
502435,101757,2024-06-13,Kazakhstan,Makeup,9.76,2,0,False,19.52
502436,101758,2024-09-16,Russia,Wellness,14.52,2,0,False,29.04
502436,101758,2024-09-16,Russia,Haircare,19.24,2,0,False,38.48
502437,101759,2025-11-08,Kazakhstan,Wellness,14.63,2,10,True,26.33
502437,101759,2025-11-08,Kazakhstan,Haircare,18.65,2,0,True,37.3
502438,101760,2025-03-13,Russia,Makeup,8.55,1,0,False,8.55
502439,101760,2025-08-22,Russia,Haircare,19.94,1,10,False,17.95
502440,101760,2025-10-12,Russia,Skincare,28.96,1,0,False,28.96
502440,101760,2025-10-12,Russia,Fragrance,37.25,1,0,False,37.25
502440,101760,2025-10-12,Russia,Wellness,6.53,2,10,False,11.75
502441,101762,2024-05-07,Russia,Haircare,17.3,1,10,False,15.57
502441,101762,2024-05-07,Russia,Haircare,13.55,2,0,False,27.1
502442,101763,2025-03-02,Kazakhstan,Skincare,24.19,1,0,False,24.19
502442,101763,2025-03-02,Kazakhstan,Wellness,11.55,2,0,False,23.1
502442,101763,2025-03-02,Kazakhstan,Wellness,16.98,1,0,False,16.98
502443,101764,2025-09-12,Mexico,Haircare,15.45,2,0,False,30.9
502444,101766,2025-10-09,Russia,Makeup,9.85,1,0,False,9.85
502444,101766,2025-10-09,Russia,Makeup,20.78,1,0,False,20.78
502445,101768,2024-10-09,Belarus,Fragrance,43.61,2,5,False,82.86
502446,101769,2024-01-19,Russia,Fragrance,35.78,2,0,False,71.56
502446,101769,2024-01-19,Russia,Haircare,10.18,2,5,False,19.34
502447,101770,2025-07-15,Russia,Fragrance,30.41,2,0,False,60.82
502447,101770,2025-07-15,Russia,Skincare,23.87,1,5,False,22.68
502448,101770,2025-07-21,Russia,Skincare,32.68,1,0,False,32.68
502449,101771,2024-05-26,Mexico,Skincare,8.26,2,0,False,16.52
502449,101771,2024-05-26,Mexico,Skincare,30.43,1,0,False,30.43
502449,101771,2024-05-26,Mexico,Wellness,20.63,2,0,False,41.26
502450,101773,2024-01-18,Russia,Haircare,14.77,1,10,False,13.29
502450,101773,2024-01-18,Russia,Fragrance,39.16,2,0,False,78.32
502451,101774,2024-03-14,Belarus,Skincare,27.71,2,0,False,55.42
502451,101774,2024-03-14,Belarus,Makeup,25.1,1,0,False,25.1
502451,101774,2024-03-14,Belarus,Wellness,19.45,2,0,False,38.9
502452,101775,2024-03-25,Mexico,Haircare,7.69,1,0,False,7.69
502452,101775,2024-03-25,Mexico,Wellness,9.9,2,0,False,19.8
502453,101775,2024-08-05,Mexico,Fragrance,47.35,2,0,False,94.7
502453,101775,2024-08-05,Mexico,Haircare,22.15,1,0,False,22.15
502454,101776,2025-03-30,Russia,Wellness,13.41,2,0,False,26.82
502454,101776,2025-03-30,Russia,Haircare,7.04,1,0,False,7.04
502455,101776,2025-10-01,Russia,Fragrance,20.79,2,0,False,41.58
502455,101776,2025-10-01,Russia,Fragrance,18.03,1,0,False,18.03
502455,101776,2025-10-01,Russia,Skincare,26.97,2,0,False,53.94
502456,101777,2025-02-28,Russia,Haircare,24.7,2,0,False,49.4
502456,101777,2025-02-28,Russia,Fragrance,44.54,2,0,False,89.08
502457,101779,2024-03-08,USA,Fragrance,33.93,2,15,True,57.68
502458,101780,2024-09-20,Russia,Haircare,16.4,2,0,False,32.8
502458,101780,2024-09-20,Russia,Wellness,8.22,2,0,False,16.44
502458,101780,2024-09-20,Russia,Wellness,7.16,1,0,False,7.16
502459,101781,2024-04-14,Russia,Wellness,16.14,1,0,False,16.14
502459,101781,2024-04-14,Russia,Fragrance,42.23,1,0,False,42.23
502459,101781,2024-04-14,Russia,Wellness,17.13,1,0,False,17.13
502460,101781,2024-12-14,Russia,Haircare,24.72,1,0,False,24.72
502461,101781,2025-02-27,Russia,Haircare,12.14,1,0,False,12.14
502461,101781,2025-02-27,Russia,Makeup,11.19,2,0,False,22.38
502462,101782,2025-04-24,Russia,Makeup,26.74,1,5,False,25.4
502462,101782,2025-04-24,Russia,Skincare,33.34,2,10,False,60.01
502463,101782,2025-05-09,Russia,Haircare,15.32,1,0,False,15.32
502464,101782,2025-10-18,Russia,Wellness,10.68,1,0,False,10.68
502464,101782,2025-10-18,Russia,Wellness,9.59,2,0,False,19.18
502464,101782,2025-10-18,Russia,Wellness,9.63,2,0,False,19.26
502465,101782,2025-10-19,Russia,Fragrance,52.71,1,0,False,52.71
502465,101782,2025-10-19,Russia,Wellness,6.28,1,0,False,6.28
502465,101782,2025-10-19,Russia,Skincare,26.93,1,0,False,26.93
502466,101782,2025-10-24,Russia,Skincare,12.57,2,0,False,25.14
502467,101782,2025-11-23,Russia,Wellness,14.89,1,0,False,14.89
502468,101783,2025-08-27,Mexico,Fragrance,55.88,1,0,False,55.88
502468,101783,2025-08-27,Mexico,Skincare,9.57,2,5,False,18.18
502468,101783,2025-08-27,Mexico,Fragrance,31.32,1,5,False,29.75
502469,101784,2025-12-03,Mexico,Makeup,23.06,1,5,False,21.91
502469,101784,2025-12-03,Mexico,Makeup,26.79,1,0,False,26.79
502470,101785,2024-08-12,Russia,Fragrance,38.15,2,0,False,76.3
502470,101785,2024-08-12,Russia,Haircare,24.51,2,10,False,44.12
502471,101785,2025-01-07,Russia,Wellness,16.39,2,0,False,32.78
502471,101785,2025-01-07,Russia,Fragrance,44.49,2,0,False,88.98
502472,101785,2025-01-17,Russia,Makeup,22.44,2,0,False,44.88
502472,101785,2025-01-17,Russia,Skincare,18.68,1,0,False,18.68
502473,101786,2024-12-16,USA,Makeup,6.18,2,0,False,12.36
502473,101786,2024-12-16,USA,Makeup,9.33,1,0,False,9.33
502474,101786,2025-02-21,USA,Haircare,10.86,2,0,False,21.72
502474,101786,2025-02-21,USA,Skincare,27.33,1,10,False,24.6
502475,101786,2025-10-08,USA,Haircare,20.5,1,0,False,20.5
502475,101786,2025-10-08,USA,Wellness,19.33,2,0,False,38.66
502476,101786,2025-10-08,USA,Haircare,22.33,2,0,False,44.66
502476,101786,2025-10-08,USA,Haircare,17.23,2,0,False,34.46
502476,101786,2025-10-08,USA,Haircare,21.24,1,0,False,21.24
502477,101789,2024-02-27,USA,Makeup,6.45,2,5,False,12.26
502477,101789,2024-02-27,USA,Haircare,8.41,2,0,False,16.82
502477,101789,2024-02-27,USA,Makeup,20.44,2,0,False,40.88
502478,101790,2025-03-12,Russia,Haircare,8.54,2,0,False,17.08
502478,101790,2025-03-12,Russia,Haircare,7.32,2,0,False,14.64
502479,101791,2025-12-04,Mexico,Haircare,15.71,1,0,False,15.71
502480,101792,2024-12-14,Russia,Makeup,8.6,2,0,False,17.2
502480,101792,2024-12-14,Russia,Haircare,11.98,1,0,False,11.98
502480,101792,2024-12-14,Russia,Fragrance,35.59,2,0,False,71.18
502481,101793,2025-03-29,Kazakhstan,Makeup,6.55,2,5,False,12.44
502482,101794,2024-03-18,Kazakhstan,Wellness,11.35,2,0,False,22.7
502482,101794,2024-03-18,Kazakhstan,Haircare,11.54,1,0,False,11.54
502482,101794,2024-03-18,Kazakhstan,Makeup,27.04,1,0,False,27.04
502483,101794,2024-06-20,Kazakhstan,Skincare,33.14,2,10,False,59.65
502484,101795,2025-01-01,USA,Fragrance,52.79,2,0,False,105.58
502484,101795,2025-01-01,USA,Wellness,19.63,1,0,False,19.63
502485,101796,2025-03-26,Mexico,Makeup,5.27,2,0,False,10.54
502485,101796,2025-03-26,Mexico,Fragrance,44.1,2,0,False,88.2
502486,101796,2025-11-19,Mexico,Fragrance,18.54,1,0,False,18.54
502487,101798,2024-01-17,Russia,Haircare,8.41,2,0,False,16.82
502488,101800,2025-10-22,Russia,Wellness,16.54,2,0,False,33.08
502489,101800,2025-11-19,Russia,Wellness,6.18,1,0,False,6.18
502490,101801,2024-06-23,USA,Haircare,9.99,1,5,False,9.49
502490,101801,2024-06-23,USA,Skincare,19.3,1,5,False,18.34
502491,101801,2024-08-12,USA,Wellness,7.65,1,0,False,7.65
502491,101801,2024-08-12,USA,Fragrance,22.18,2,0,False,44.36
502492,101803,2025-04-08,Kazakhstan,Fragrance,56.56,2,0,False,113.12
502493,101804,2025-08-12,Russia,Makeup,15.05,2,5,False,28.6
502494,101804,2025-10-23,Russia,Skincare,10.93,2,0,False,21.86
502494,101804,2025-10-23,Russia,Skincare,26.94,1,0,False,26.94
502494,101804,2025-10-23,Russia,Makeup,8.02,1,0,False,8.02
502495,101805,2025-10-21,Mexico,Wellness,8.18,2,0,False,16.36
502496,101805,2025-12-06,Mexico,Makeup,6.58,2,0,False,13.16
502497,101806,2025-05-13,Russia,Makeup,5.74,2,0,False,11.48
502497,101806,2025-05-13,Russia,Makeup,21.32,1,0,False,21.32
502498,101807,2025-07-01,Mexico,Makeup,24.12,1,0,False,24.12
502498,101807,2025-07-01,Mexico,Wellness,6.59,1,0,False,6.59
502499,101809,2025-03-15,Kazakhstan,Skincare,15.34,1,0,False,15.34
502499,101809,2025-03-15,Kazakhstan,Fragrance,54.67,1,0,False,54.67
502499,101809,2025-03-15,Kazakhstan,Wellness,10.38,2,10,False,18.68
502500,101809,2025-07-13,Kazakhstan,Wellness,17.44,1,5,False,16.57
502501,101811,2024-12-13,Kazakhstan,Fragrance,44.6,1,0,False,44.6
502501,101811,2024-12-13,Kazakhstan,Haircare,24.26,2,0,False,48.52
502502,101811,2025-02-17,Kazakhstan,Skincare,30.61,1,0,False,30.61
502502,101811,2025-02-17,Kazakhstan,Makeup,24.37,1,5,False,23.15
502503,101812,2024-06-28,Russia,Wellness,13.91,1,0,False,13.91
502504,101813,2024-01-11,Kazakhstan,Makeup,12.27,2,0,False,24.54
502504,101813,2024-01-11,Kazakhstan,Skincare,17.13,1,0,False,17.13
502504,101813,2024-01-11,Kazakhstan,Haircare,8.16,1,0,False,8.16
502505,101813,2024-04-13,Kazakhstan,Makeup,19.22,2,0,False,38.44
502505,101813,2024-04-13,Kazakhstan,Wellness,13.55,2,0,False,27.1
502506,101814,2024-03-23,Russia,Makeup,5.84,1,0,False,5.84
502506,101814,2024-03-23,Russia,Skincare,17.3,2,0,False,34.6
502506,101814,2024-03-23,Russia,Skincare,16.89,1,0,False,16.89
502507,101816,2024-07-24,Kazakhstan,Wellness,8.38,2,5,False,15.92
502508,101816,2024-12-06,Kazakhstan,Makeup,16.3,2,5,False,30.97
502509,101816,2025-05-13,Kazakhstan,Wellness,14.98,2,5,False,28.46
502509,101816,2025-05-13,Kazakhstan,Fragrance,51.4,2,0,False,102.8
502510,101817,2024-02-14,Mexico,Skincare,23.16,1,0,False,23.16
502510,101817,2024-02-14,Mexico,Skincare,24.99,2,0,False,49.98
502511,101819,2024-05-27,Kazakhstan,Makeup,11.32,2,0,False,22.64
502512,101820,2024-09-08,USA,Skincare,30.36,2,0,False,60.72
502512,101820,2024-09-08,USA,Wellness,14.21,2,0,False,28.42
502513,101820,2024-09-29,USA,Fragrance,44.12,1,0,False,44.12
502513,101820,2024-09-29,USA,Fragrance,27.71,2,10,False,49.88
502513,101820,2024-09-29,USA,Fragrance,27.61,2,0,False,55.22
502514,101822,2025-06-23,USA,Fragrance,45.19,2,0,False,90.38
502514,101822,2025-06-23,USA,Haircare,24.21,1,0,False,24.21
502514,101822,2025-06-23,USA,Skincare,33.36,2,0,False,66.72
502515,101824,2025-10-04,Belarus,Makeup,14.06,2,0,False,28.12
502515,101824,2025-10-04,Belarus,Wellness,17.25,2,5,False,32.78
502515,101824,2025-10-04,Belarus,Fragrance,56.9,1,5,False,54.05
502516,101824,2025-11-23,Belarus,Haircare,22.46,1,0,False,22.46
502516,101824,2025-11-23,Belarus,Wellness,13.93,1,5,False,13.23
502516,101824,2025-11-23,Belarus,Makeup,5.22,2,0,False,10.44
502517,101825,2025-06-10,Belarus,Makeup,16.64,1,0,False,16.64
502517,101825,2025-06-10,Belarus,Haircare,21.26,2,0,False,42.52
502517,101825,2025-06-10,Belarus,Haircare,21.47,2,0,False,42.94
502518,101825,2025-09-11,Belarus,Wellness,17.35,1,0,False,17.35
502518,101825,2025-09-11,Belarus,Wellness,19.62,1,0,False,19.62
502519,101826,2024-09-01,Belarus,Skincare,10.93,1,0,False,10.93
502519,101826,2024-09-01,Belarus,Haircare,23.29,2,0,False,46.58
502520,101827,2024-10-30,Kazakhstan,Haircare,13.39,1,0,False,13.39
502520,101827,2024-10-30,Kazakhstan,Wellness,21.2,2,0,False,42.4
502521,101827,2025-07-31,Kazakhstan,Haircare,8.73,2,0,False,17.46
502521,101827,2025-07-31,Kazakhstan,Makeup,15.28,2,0,False,30.56
502522,101828,2025-07-15,Russia,Wellness,7.89,1,0,False,7.89
502522,101828,2025-07-15,Russia,Skincare,8.91,2,0,False,17.82
502522,101828,2025-07-15,Russia,Skincare,28.41,1,0,False,28.41
502523,101828,2025-09-22,Russia,Fragrance,32.05,1,0,False,32.05
502524,101828,2025-11-16,Russia,Skincare,10.49,2,0,False,20.98
502525,101828,2025-11-26,Russia,Skincare,23.81,1,15,True,20.24
502526,101829,2024-04-28,Russia,Skincare,9.43,1,10,False,8.49
502526,101829,2024-04-28,Russia,Fragrance,50.23,2,0,False,100.46
502526,101829,2024-04-28,Russia,Haircare,20.99,1,0,False,20.99
502527,101830,2025-04-05,Russia,Makeup,10.57,2,0,False,21.14
502528,101832,2024-05-30,Mexico,Wellness,16.73,2,0,False,33.46
502528,101832,2024-05-30,Mexico,Skincare,25.32,2,0,False,50.64
502529,101833,2025-07-24,Belarus,Haircare,13.15,1,0,False,13.15
502529,101833,2025-07-24,Belarus,Makeup,7.8,1,0,False,7.8
502530,101834,2024-08-01,Russia,Haircare,8.13,2,0,False,16.26
502530,101834,2024-08-01,Russia,Makeup,8.05,2,0,False,16.1
502530,101834,2024-08-01,Russia,Makeup,20.43,2,0,False,40.86
502531,101835,2025-10-17,Mexico,Makeup,8.5,2,0,False,17.0
502531,101835,2025-10-17,Mexico,Wellness,8.5,2,0,False,17.0
502532,101836,2025-07-16,Russia,Makeup,7.1,1,0,False,7.1
502532,101836,2025-07-16,Russia,Haircare,18.93,2,0,False,37.86
502532,101836,2025-07-16,Russia,Haircare,18.25,1,0,False,18.25
502533,101836,2025-12-24,Russia,Fragrance,22.19,1,0,False,22.19
502534,101837,2024-06-12,USA,Wellness,13.59,2,10,False,24.46
502534,101837,2024-06-12,USA,Skincare,16.31,1,0,False,16.31
502534,101837,2024-06-12,USA,Fragrance,36.72,1,5,False,34.88
502535,101837,2024-11-27,USA,Haircare,19.26,2,15,True,32.74
502536,101837,2024-12-06,USA,Fragrance,40.85,1,0,False,40.85
502537,101837,2025-06-16,USA,Skincare,27.63,2,0,False,55.26
502537,101837,2025-06-16,USA,Wellness,14.97,1,0,False,14.97
502538,101837,2025-07-15,USA,Fragrance,54.65,1,0,False,54.65
502539,101837,2025-08-19,USA,Haircare,22.19,2,5,False,42.16
502539,101837,2025-08-19,USA,Haircare,22.35,2,0,False,44.7
502540,101837,2025-12-03,USA,Skincare,32.18,2,0,False,64.36
502540,101837,2025-12-03,USA,Fragrance,53.33,2,0,False,106.66
502541,101839,2025-08-03,Belarus,Fragrance,52.05,1,0,False,52.05
502541,101839,2025-08-03,Belarus,Haircare,14.72,1,0,False,14.72
502542,101839,2025-11-29,Belarus,Wellness,17.15,1,0,True,17.15
502542,101839,2025-11-29,Belarus,Wellness,16.95,1,0,True,16.95
502542,101839,2025-11-29,Belarus,Skincare,23.42,2,0,True,46.84
502543,101840,2025-10-20,Kazakhstan,Skincare,22.35,2,5,False,42.46
502544,101841,2024-09-26,Mexico,Wellness,8.53,2,0,False,17.06
502544,101841,2024-09-26,Mexico,Skincare,27.82,2,0,False,55.64
502544,101841,2024-09-26,Mexico,Wellness,10.65,2,0,False,21.3
502545,101841,2024-11-29,Mexico,Skincare,16.1,2,10,True,28.98
502546,101843,2024-07-27,Russia,Skincare,10.91,2,0,False,21.82
502546,101843,2024-07-27,Russia,Fragrance,52.08,1,5,False,49.48
502546,101843,2024-07-27,Russia,Haircare,11.43,2,10,False,20.57
502547,101844,2024-10-05,Belarus,Wellness,13.43,2,0,False,26.86
502547,101844,2024-10-05,Belarus,Skincare,30.88,1,0,False,30.88
502548,101845,2024-12-04,Russia,Haircare,7.34,1,0,False,7.34
502548,101845,2024-12-04,Russia,Makeup,10.69,1,10,False,9.62
502548,101845,2024-12-04,Russia,Fragrance,25.95,2,0,False,51.9
502549,101846,2024-11-22,Kazakhstan,Fragrance,51.22,2,5,False,97.32
502550,101846,2024-11-28,Kazakhstan,Fragrance,36.91,1,25,True,27.68
502550,101846,2024-11-28,Kazakhstan,Haircare,7.48,1,25,True,5.61
502550,101846,2024-11-28,Kazakhstan,Skincare,19.42,1,15,True,16.51
502551,101846,2025-02-26,Kazakhstan,Makeup,7.96,2,5,False,15.12
502551,101846,2025-02-26,Kazakhstan,Haircare,8.37,1,0,False,8.37
502551,101846,2025-02-26,Kazakhstan,Makeup,22.92,2,0,False,45.84
502552,101846,2025-03-25,Kazakhstan,Makeup,10.54,1,0,False,10.54
502552,101846,2025-03-25,Kazakhstan,Fragrance,31.56,1,5,False,29.98
502552,101846,2025-03-25,Kazakhstan,Makeup,8.79,1,10,False,7.91
502553,101846,2025-04-19,Kazakhstan,Fragrance,24.09,1,0,False,24.09
502553,101846,2025-04-19,Kazakhstan,Wellness,13.64,1,0,False,13.64
502554,101846,2025-04-24,Kazakhstan,Fragrance,15.01,2,0,False,30.02
502554,101846,2025-04-24,Kazakhstan,Haircare,18.76,2,10,False,33.77
502555,101846,2025-05-25,Kazakhstan,Fragrance,21.5,1,0,False,21.5
502555,101846,2025-05-25,Kazakhstan,Skincare,9.77,2,0,False,19.54
502556,101846,2025-09-08,Kazakhstan,Wellness,17.91,2,0,False,35.82
502556,101846,2025-09-08,Kazakhstan,Fragrance,18.44,1,0,False,18.44
502557,101846,2025-11-06,Kazakhstan,Skincare,20.79,2,0,False,41.58
502558,101846,2025-11-13,Kazakhstan,Haircare,23.47,1,0,False,23.47
502558,101846,2025-11-13,Kazakhstan,Fragrance,35.44,1,5,False,33.67
502559,101846,2025-12-16,Kazakhstan,Skincare,26.3,1,0,False,26.3
502559,101846,2025-12-16,Kazakhstan,Makeup,21.37,2,0,False,42.74
502559,101846,2025-12-16,Kazakhstan,Haircare,17.53,1,0,False,17.53
502560,101847,2024-01-06,Belarus,Haircare,17.17,1,0,False,17.17
502561,101847,2024-02-05,Belarus,Skincare,19.71,2,5,False,37.45
502561,101847,2024-02-05,Belarus,Fragrance,28.02,1,0,False,28.02
502562,101847,2024-07-16,Belarus,Makeup,22.41,1,0,False,22.41
502563,101847,2024-08-07,Belarus,Makeup,27.59,2,0,False,55.18
502563,101847,2024-08-07,Belarus,Skincare,31.9,2,5,False,60.61
502564,101847,2024-10-21,Belarus,Fragrance,58.85,1,0,False,58.85
502564,101847,2024-10-21,Belarus,Fragrance,30.92,1,0,False,30.92
502564,101847,2024-10-21,Belarus,Fragrance,35.55,2,0,False,71.1
502565,101850,2025-07-01,Mexico,Haircare,23.89,1,0,False,23.89
502566,101850,2025-10-06,Mexico,Wellness,12.86,1,10,False,11.57
502566,101850,2025-10-06,Mexico,Wellness,8.95,2,0,False,17.9
502567,101852,2024-10-11,Mexico,Fragrance,36.59,1,0,False,36.59
502567,101852,2024-10-11,Mexico,Skincare,30.06,2,0,False,60.12
502568,101854,2025-04-12,Mexico,Skincare,33.52,2,0,False,67.04
502568,101854,2025-04-12,Mexico,Makeup,17.6,1,0,False,17.6
502569,101854,2025-04-27,Mexico,Fragrance,59.25,2,0,False,118.5
502570,101854,2025-05-14,Mexico,Skincare,22.22,1,0,False,22.22
502570,101854,2025-05-14,Mexico,Skincare,27.96,2,0,False,55.92
502570,101854,2025-05-14,Mexico,Wellness,8.01,2,5,False,15.22
502571,101855,2024-12-02,Mexico,Haircare,19.51,1,0,False,19.51
502572,101855,2025-05-30,Mexico,Haircare,7.38,2,0,False,14.76
502572,101855,2025-05-30,Mexico,Haircare,23.78,1,0,False,23.78
502572,101855,2025-05-30,Mexico,Skincare,16.82,1,0,False,16.82
502573,101855,2025-10-11,Mexico,Makeup,23.47,1,0,False,23.47
502573,101855,2025-10-11,Mexico,Fragrance,39.04,1,0,False,39.04
502573,101855,2025-10-11,Mexico,Makeup,10.27,2,10,False,18.49
502574,101855,2025-10-13,Mexico,Makeup,22.77,1,0,False,22.77
502574,101855,2025-10-13,Mexico,Makeup,9.13,1,0,False,9.13
502574,101855,2025-10-13,Mexico,Skincare,8.48,1,5,False,8.06
502575,101855,2025-11-14,Mexico,Makeup,20.66,2,0,False,41.32
502576,101856,2025-12-23,USA,Makeup,6.41,1,0,False,6.41
502576,101856,2025-12-23,USA,Makeup,11.14,2,0,False,22.28
502576,101856,2025-12-23,USA,Wellness,15.26,1,0,False,15.26
502577,101857,2025-12-03,Russia,Haircare,15.84,1,0,False,15.84
502578,101858,2025-08-12,USA,Wellness,9.0,2,5,False,17.1
502579,101858,2025-09-11,USA,Wellness,9.83,2,0,False,19.66
502579,101858,2025-09-11,USA,Skincare,13.55,1,0,False,13.55
502579,101858,2025-09-11,USA,Wellness,18.98,2,5,False,36.06
502580,101859,2025-08-23,Kazakhstan,Skincare,13.42,2,0,False,26.84
502580,101859,2025-08-23,Kazakhstan,Makeup,10.42,2,0,False,20.84
502581,101860,2025-10-27,Russia,Skincare,28.04,2,0,False,56.08
502581,101860,2025-10-27,Russia,Fragrance,54.93,1,0,False,54.93
502582,101862,2025-06-17,Russia,Makeup,21.93,1,5,False,20.83
502583,101863,2024-07-06,USA,Makeup,6.61,1,0,False,6.61
502583,101863,2024-07-06,USA,Wellness,19.56,1,0,False,19.56
502583,101863,2024-07-06,USA,Makeup,9.5,1,0,False,9.5
502584,101864,2025-08-16,Belarus,Wellness,16.3,2,0,False,32.6
502585,101865,2025-09-21,Russia,Wellness,20.53,1,5,False,19.5
502586,101866,2024-12-23,Mexico,Wellness,21.88,2,5,False,41.57
502586,101866,2024-12-23,Mexico,Makeup,20.91,2,0,False,41.82
502586,101866,2024-12-23,Mexico,Fragrance,18.43,2,5,False,35.02
502587,101866,2025-08-30,Mexico,Makeup,10.3,2,0,False,20.6
502587,101866,2025-08-30,Mexico,Wellness,14.67,1,0,False,14.67
502587,101866,2025-08-30,Mexico,Skincare,8.98,2,5,False,17.06
502588,101867,2024-12-03,Kazakhstan,Makeup,15.46,1,0,False,15.46
502589,101870,2024-05-12,USA,Wellness,13.68,2,0,False,27.36
502589,101870,2024-05-12,USA,Skincare,32.01,1,0,False,32.01
502590,101870,2024-05-17,USA,Fragrance,37.38,2,0,False,74.76
502590,101870,2024-05-17,USA,Makeup,10.83,1,0,False,10.83
502591,101870,2024-08-13,USA,Fragrance,25.15,1,0,False,25.15
502591,101870,2024-08-13,USA,Haircare,20.01,2,0,False,40.02
502592,101871,2024-01-31,USA,Makeup,12.75,1,0,False,12.75
502593,101872,2025-03-05,Russia,Makeup,27.02,2,0,True,54.04
502594,101873,2025-10-25,Kazakhstan,Haircare,18.22,1,0,False,18.22
502594,101873,2025-10-25,Kazakhstan,Haircare,19.07,2,5,False,36.23
502595,101874,2025-09-27,Russia,Skincare,8.05,2,0,False,16.1
502595,101874,2025-09-27,Russia,Makeup,24.09,1,0,False,24.09
502596,101875,2025-01-23,Belarus,Haircare,21.22,1,0,False,21.22
502596,101875,2025-01-23,Belarus,Skincare,21.52,2,0,False,43.04
502596,101875,2025-01-23,Belarus,Skincare,29.58,2,0,False,59.16
502597,101876,2025-05-03,Russia,Fragrance,32.65,2,0,False,65.3
502597,101876,2025-05-03,Russia,Skincare,25.83,1,0,False,25.83
502598,101876,2025-07-31,Russia,Makeup,19.07,2,0,False,38.14
502599,101876,2025-12-27,Russia,Fragrance,47.43,1,5,False,45.06
502599,101876,2025-12-27,Russia,Makeup,6.25,1,0,False,6.25
502599,101876,2025-12-27,Russia,Wellness,19.54,1,0,False,19.54
502600,101877,2024-02-06,USA,Makeup,26.45,1,5,False,25.13
502601,101877,2024-09-17,USA,Fragrance,47.9,2,0,False,95.8
502601,101877,2024-09-17,USA,Skincare,12.67,2,5,False,24.07
502601,101877,2024-09-17,USA,Fragrance,17.47,1,0,False,17.47
502602,101877,2025-11-19,USA,Makeup,11.32,1,0,False,11.32
502602,101877,2025-11-19,USA,Haircare,21.05,1,5,False,20.0
502603,101879,2024-12-08,Mexico,Fragrance,39.88,1,0,False,39.88
502604,101880,2024-08-30,Mexico,Wellness,21.74,2,0,False,43.48
502605,101880,2025-03-11,Mexico,Wellness,13.72,1,10,False,12.35
502605,101880,2025-03-11,Mexico,Fragrance,21.21,2,0,False,42.42
502605,101880,2025-03-11,Mexico,Wellness,8.96,2,0,False,17.92
502606,101881,2024-12-03,Russia,Wellness,9.32,2,0,False,18.64
502606,101881,2024-12-03,Russia,Makeup,10.27,2,0,False,20.54
502607,101881,2024-12-08,Russia,Wellness,18.02,1,0,False,18.02
502607,101881,2024-12-08,Russia,Makeup,8.53,2,0,False,17.06
502607,101881,2024-12-08,Russia,Makeup,21.58,1,0,False,21.58
502608,101881,2025-05-24,Russia,Skincare,25.65,2,0,False,51.3
502608,101881,2025-05-24,Russia,Skincare,16.73,1,0,False,16.73
502609,101882,2025-03-21,Russia,Haircare,12.3,1,0,False,12.3
502609,101882,2025-03-21,Russia,Makeup,18.4,1,0,False,18.4
502610,101883,2024-10-18,USA,Makeup,5.61,2,0,False,11.22
502610,101883,2024-10-18,USA,Wellness,15.77,2,0,False,31.54
502610,101883,2024-10-18,USA,Haircare,13.56,2,0,False,27.12
502611,101884,2025-09-09,Russia,Makeup,17.5,2,0,False,35.0
502611,101884,2025-09-09,Russia,Haircare,20.33,2,5,False,38.63
502611,101884,2025-09-09,Russia,Haircare,23.54,1,0,False,23.54
502612,101884,2025-11-19,Russia,Haircare,12.15,2,0,False,24.3
502612,101884,2025-11-19,Russia,Skincare,17.5,1,0,False,17.5
502613,101885,2025-09-29,Russia,Haircare,19.18,1,10,False,17.26
502613,101885,2025-09-29,Russia,Wellness,16.5,2,0,False,33.0
502613,101885,2025-09-29,Russia,Fragrance,28.42,2,0,False,56.84
502614,101885,2025-12-17,Russia,Skincare,19.4,1,5,False,18.43
502614,101885,2025-12-17,Russia,Makeup,22.59,2,0,False,45.18
502614,101885,2025-12-17,Russia,Wellness,18.1,2,0,False,36.2
502615,101887,2025-09-29,Belarus,Wellness,17.81,2,0,False,35.62
502615,101887,2025-09-29,Belarus,Wellness,16.11,2,0,False,32.22
502615,101887,2025-09-29,Belarus,Haircare,12.64,1,0,False,12.64
502616,101888,2024-06-11,Russia,Fragrance,33.66,1,0,False,33.66
502616,101888,2024-06-11,Russia,Makeup,22.84,2,0,False,45.68
502617,101888,2024-06-20,Russia,Wellness,12.57,1,0,False,12.57
502617,101888,2024-06-20,Russia,Skincare,15.36,1,0,False,15.36
502618,101888,2024-09-02,Russia,Skincare,13.61,1,0,False,13.61
502619,101888,2024-11-27,Russia,Skincare,26.33,1,20,True,21.06
502620,101889,2024-06-24,Russia,Wellness,15.61,2,5,False,29.66
502620,101889,2024-06-24,Russia,Wellness,14.21,1,0,False,14.21
502620,101889,2024-06-24,Russia,Wellness,21.21,2,0,False,42.42
502621,101889,2025-07-28,Russia,Makeup,9.33,2,0,False,18.66
502622,101889,2025-10-07,Russia,Makeup,8.07,1,5,False,7.67
502622,101889,2025-10-07,Russia,Haircare,11.74,2,0,False,23.48
502623,101889,2025-12-07,Russia,Haircare,10.0,1,0,False,10.0
502623,101889,2025-12-07,Russia,Skincare,18.46,2,0,False,36.92
502623,101889,2025-12-07,Russia,Skincare,17.84,1,5,False,16.95
502624,101890,2025-03-10,Belarus,Makeup,21.63,2,0,False,43.26
502624,101890,2025-03-10,Belarus,Fragrance,59.67,2,0,False,119.34
502625,101890,2025-08-05,Belarus,Makeup,19.44,1,0,False,19.44
502625,101890,2025-08-05,Belarus,Fragrance,31.84,1,0,False,31.84
502625,101890,2025-08-05,Belarus,Haircare,10.7,2,0,False,21.4
502626,101891,2024-04-11,Mexico,Haircare,24.29,2,5,False,46.15
502626,101891,2024-04-11,Mexico,Wellness,12.04,1,5,False,11.44
502627,101892,2024-08-02,Mexico,Wellness,6.46,1,0,False,6.46
502628,101893,2024-09-30,Kazakhstan,Wellness,14.32,2,0,False,28.64
502629,101894,2025-09-11,Russia,Fragrance,58.36,2,0,False,116.72
502629,101894,2025-09-11,Russia,Makeup,13.82,1,5,False,13.13
502630,101895,2025-07-12,Russia,Haircare,23.4,2,0,False,46.8
502630,101895,2025-07-12,Russia,Fragrance,27.77,2,0,False,55.54
502631,101895,2025-07-12,Russia,Wellness,20.87,2,0,False,41.74
502631,101895,2025-07-12,Russia,Makeup,5.43,2,0,False,10.86
502632,101895,2025-07-14,Russia,Haircare,20.13,1,0,False,20.13
502632,101895,2025-07-14,Russia,Wellness,17.74,1,0,False,17.74
502632,101895,2025-07-14,Russia,Skincare,34.52,1,0,False,34.52
502633,101895,2025-12-04,Russia,Haircare,14.34,2,0,False,28.68
502634,101896,2025-08-21,Belarus,Fragrance,48.78,1,0,False,48.78
502634,101896,2025-08-21,Belarus,Wellness,20.34,1,0,False,20.34
502635,101897,2025-02-21,Mexico,Fragrance,59.52,2,5,False,113.09
502635,101897,2025-02-21,Mexico,Haircare,22.71,1,0,False,22.71
502636,101897,2025-03-08,Mexico,Wellness,16.0,2,20,True,25.6
502636,101897,2025-03-08,Mexico,Haircare,23.26,2,20,True,37.22
502637,101897,2025-05-27,Mexico,Skincare,18.92,1,0,False,18.92
502638,101897,2025-08-25,Mexico,Fragrance,19.42,2,0,False,38.84
502638,101897,2025-08-25,Mexico,Skincare,22.81,1,0,False,22.81
502638,101897,2025-08-25,Mexico,Fragrance,25.61,2,0,False,51.22
502639,101900,2025-08-08,Russia,Makeup,10.88,2,0,False,21.76
502640,101901,2025-01-20,Mexico,Makeup,19.96,1,10,False,17.96
502640,101901,2025-01-20,Mexico,Skincare,21.25,1,0,False,21.25
502641,101901,2025-04-04,Mexico,Makeup,26.74,1,0,False,26.74
502641,101901,2025-04-04,Mexico,Wellness,18.32,2,0,False,36.64
502641,101901,2025-04-04,Mexico,Skincare,9.09,1,0,False,9.09
502642,101902,2024-03-20,Mexico,Makeup,21.41,1,0,False,21.41
502643,101902,2024-04-21,Mexico,Makeup,13.43,1,5,False,12.76
502643,101902,2024-04-21,Mexico,Fragrance,27.14,1,0,False,27.14
502644,101902,2024-07-14,Mexico,Fragrance,27.45,2,0,False,54.9
502644,101902,2024-07-14,Mexico,Skincare,34.07,1,0,False,34.07
502644,101902,2024-07-14,Mexico,Skincare,23.37,2,5,False,44.4
502645,101902,2025-01-20,Mexico,Makeup,22.77,2,10,False,40.99
502646,101903,2024-05-20,USA,Haircare,7.42,2,0,False,14.84
502646,101903,2024-05-20,USA,Skincare,12.34,2,0,False,24.68
502646,101903,2024-05-20,USA,Haircare,7.83,1,0,False,7.83
502647,101903,2024-11-17,USA,Skincare,16.33,1,5,False,15.51
502648,101903,2024-12-10,USA,Fragrance,24.71,1,0,False,24.71
502648,101903,2024-12-10,USA,Wellness,16.15,1,0,False,16.15
502648,101903,2024-12-10,USA,Fragrance,40.52,1,0,False,40.52
502649,101903,2025-03-10,USA,Skincare,29.93,1,5,False,28.43
502650,101904,2024-10-04,USA,Makeup,25.94,1,0,False,25.94
502651,101904,2025-09-16,USA,Fragrance,29.24,2,0,False,58.48
502652,101905,2025-07-01,Russia,Fragrance,20.75,2,0,False,41.5
502653,101905,2025-12-06,Russia,Makeup,15.81,2,0,False,31.62
502653,101905,2025-12-06,Russia,Wellness,21.34,2,0,False,42.68
502653,101905,2025-12-06,Russia,Makeup,22.02,2,0,False,44.04
502654,101909,2025-04-12,USA,Fragrance,15.83,1,5,False,15.04
502654,101909,2025-04-12,USA,Skincare,27.71,1,5,False,26.32
502654,101909,2025-04-12,USA,Fragrance,33.68,2,0,False,67.36
502655,101910,2025-12-09,Belarus,Skincare,20.83,1,0,False,20.83
502655,101910,2025-12-09,Belarus,Wellness,21.55,2,5,False,40.94
502655,101910,2025-12-09,Belarus,Wellness,21.68,2,5,False,41.19
502656,101911,2024-05-10,Belarus,Makeup,19.31,1,0,False,19.31
502656,101911,2024-05-10,Belarus,Skincare,18.93,1,10,False,17.04
502657,101911,2024-05-22,Belarus,Makeup,26.61,1,0,False,26.61
502657,101911,2024-05-22,Belarus,Wellness,15.82,2,0,False,31.64
502657,101911,2024-05-22,Belarus,Haircare,17.11,1,0,False,17.11
502658,101913,2024-11-11,Belarus,Haircare,20.83,1,0,True,20.83
502658,101913,2024-11-11,Belarus,Wellness,6.66,2,0,True,13.32
502659,101913,2025-02-03,Belarus,Fragrance,46.01,2,0,False,92.02
502659,101913,2025-02-03,Belarus,Haircare,21.73,1,0,False,21.73
502659,101913,2025-02-03,Belarus,Haircare,8.7,1,0,False,8.7
502660,101913,2025-11-05,Belarus,Haircare,8.38,2,10,False,15.08
502660,101913,2025-11-05,Belarus,Wellness,13.98,1,0,False,13.98
502661,101914,2024-11-23,Russia,Skincare,10.35,2,0,False,20.7
502661,101914,2024-11-23,Russia,Fragrance,16.37,1,10,False,14.73
502661,101914,2024-11-23,Russia,Makeup,27.99,1,5,False,26.59
502662,101914,2024-12-06,Russia,Fragrance,57.0,1,0,False,57.0
502663,101915,2025-10-15,Kazakhstan,Skincare,21.51,1,0,False,21.51
502664,101916,2024-09-24,Russia,Skincare,20.02,2,5,False,38.04
502665,101916,2025-03-07,Russia,Fragrance,58.71,1,0,True,58.71
502665,101916,2025-03-07,Russia,Wellness,8.8,1,20,True,7.04
502665,101916,2025-03-07,Russia,Makeup,10.12,1,0,True,10.12
502666,101916,2025-03-12,Russia,Fragrance,26.41,1,0,False,26.41
502666,101916,2025-03-12,Russia,Haircare,15.89,1,0,False,15.89
502666,101916,2025-03-12,Russia,Skincare,8.48,2,0,False,16.96
502667,101916,2025-09-15,Russia,Wellness,7.38,2,0,False,14.76
502667,101916,2025-09-15,Russia,Fragrance,43.1,2,0,False,86.2
502667,101916,2025-09-15,Russia,Fragrance,43.64,1,0,False,43.64
502668,101916,2025-11-30,Russia,Haircare,24.47,2,0,True,48.94
502668,101916,2025-11-30,Russia,Skincare,26.54,2,0,True,53.08
502668,101916,2025-11-30,Russia,Haircare,19.34,1,0,True,19.34
502669,101916,2025-12-14,Russia,Makeup,22.3,1,0,False,22.3
502669,101916,2025-12-14,Russia,Wellness,19.71,1,0,False,19.71
502669,101916,2025-12-14,Russia,Wellness,12.5,2,5,False,23.75
502670,101917,2024-12-27,USA,Makeup,12.15,2,0,False,24.3
502671,101917,2025-05-20,USA,Wellness,16.69,2,0,False,33.38
502672,101917,2025-08-04,USA,Makeup,20.66,1,0,False,20.66
502673,101917,2025-12-16,USA,Makeup,20.41,1,0,False,20.41
502673,101917,2025-12-16,USA,Wellness,7.38,2,0,False,14.76
502673,101917,2025-12-16,USA,Haircare,16.82,2,0,False,33.64
502674,101918,2024-06-17,Mexico,Skincare,8.73,2,0,False,17.46
502674,101918,2024-06-17,Mexico,Fragrance,33.47,2,0,False,66.94
502675,101918,2024-07-06,Mexico,Skincare,21.55,1,0,False,21.55
502675,101918,2024-07-06,Mexico,Makeup,20.69,1,0,False,20.69
502675,101918,2024-07-06,Mexico,Fragrance,39.32,2,0,False,78.64
502676,101918,2024-12-26,Mexico,Skincare,8.2,2,0,False,16.4
502677,101918,2025-05-20,Mexico,Haircare,12.59,2,0,False,25.18
502678,101918,2025-05-22,Mexico,Skincare,19.14,2,0,False,38.28
502679,101919,2024-05-27,Mexico,Haircare,14.03,2,5,False,26.66
502679,101919,2024-05-27,Mexico,Wellness,19.51,1,0,False,19.51
502680,101919,2024-06-28,Mexico,Fragrance,50.47,2,0,False,100.94
502680,101919,2024-06-28,Mexico,Skincare,18.05,1,5,False,17.15
502681,101919,2025-03-12,Mexico,Makeup,12.32,2,0,False,24.64
502681,101919,2025-03-12,Mexico,Fragrance,54.36,2,0,False,108.72
502682,101920,2024-09-19,Russia,Wellness,19.39,1,5,False,18.42
502682,101920,2024-09-19,Russia,Wellness,8.21,1,0,False,8.21
502682,101920,2024-09-19,Russia,Skincare,30.71,2,0,False,61.42
502683,101921,2024-10-14,Russia,Haircare,19.17,1,0,False,19.17
502684,101922,2024-04-25,USA,Makeup,9.24,2,0,False,18.48
502685,101923,2025-03-18,Russia,Wellness,18.18,1,0,False,18.18
502685,101923,2025-03-18,Russia,Makeup,25.27,1,0,False,25.27
502685,101923,2025-03-18,Russia,Haircare,12.07,2,0,False,24.14
502686,101924,2024-08-09,USA,Skincare,30.26,1,0,False,30.26
502686,101924,2024-08-09,USA,Makeup,14.2,1,5,False,13.49
502687,101924,2025-05-27,USA,Fragrance,36.13,2,0,False,72.26
502688,101926,2024-12-24,Kazakhstan,Makeup,10.47,1,0,False,10.47
502688,101926,2024-12-24,Kazakhstan,Wellness,21.11,1,0,False,21.11
502688,101926,2024-12-24,Kazakhstan,Skincare,31.03,2,0,False,62.06
502689,101926,2025-11-09,Kazakhstan,Wellness,15.66,1,10,True,14.09
502689,101926,2025-11-09,Kazakhstan,Fragrance,57.42,1,0,True,57.42
502690,101927,2024-10-03,Kazakhstan,Skincare,33.88,1,0,False,33.88
502690,101927,2024-10-03,Kazakhstan,Skincare,12.68,1,5,False,12.05
502690,101927,2024-10-03,Kazakhstan,Makeup,26.39,1,5,False,25.07
502691,101927,2024-11-26,Kazakhstan,Makeup,13.74,2,0,True,27.48
502691,101927,2024-11-26,Kazakhstan,Skincare,18.91,2,0,True,37.82
502691,101927,2024-11-26,Kazakhstan,Haircare,20.62,1,10,True,18.56
502692,101927,2025-03-02,Kazakhstan,Fragrance,23.09,1,0,False,23.09
502693,101928,2025-05-02,Kazakhstan,Wellness,17.6,1,0,False,17.6
502693,101928,2025-05-02,Kazakhstan,Wellness,7.35,1,0,False,7.35
502693,101928,2025-05-02,Kazakhstan,Skincare,19.17,1,0,False,19.17
502694,101931,2024-12-27,Mexico,Makeup,8.96,2,0,False,17.92
502694,101931,2024-12-27,Mexico,Haircare,19.0,1,0,False,19.0
502694,101931,2024-12-27,Mexico,Haircare,10.23,2,0,False,20.46
502695,101931,2025-04-10,Mexico,Makeup,25.06,1,0,False,25.06
502695,101931,2025-04-10,Mexico,Wellness,11.99,2,0,False,23.98
502695,101931,2025-04-10,Mexico,Haircare,10.51,2,0,False,21.02
502696,101931,2025-07-25,Mexico,Fragrance,29.97,2,10,False,53.95
502696,101931,2025-07-25,Mexico,Wellness,12.06,2,5,False,22.91
502696,101931,2025-07-25,Mexico,Wellness,20.17,2,0,False,40.34
502697,101931,2025-12-11,Mexico,Wellness,19.15,2,0,False,38.3
502697,101931,2025-12-11,Mexico,Makeup,22.24,1,5,False,21.13
502698,101931,2025-12-20,Mexico,Makeup,16.83,1,0,False,16.83
502698,101931,2025-12-20,Mexico,Makeup,5.46,1,0,False,5.46
502699,101932,2025-05-04,Russia,Haircare,19.25,1,0,False,19.25
502699,101932,2025-05-04,Russia,Fragrance,42.73,1,0,False,42.73
502699,101932,2025-05-04,Russia,Wellness,11.96,2,5,False,22.72
502700,101933,2025-10-29,Russia,Makeup,21.58,2,0,False,43.16
502700,101933,2025-10-29,Russia,Haircare,11.28,1,0,False,11.28
502701,101935,2024-12-03,Russia,Skincare,32.47,2,0,False,64.94
502701,101935,2024-12-03,Russia,Fragrance,32.71,2,0,False,65.42
502701,101935,2024-12-03,Russia,Makeup,11.5,2,0,False,23.0
502702,101935,2025-05-01,Russia,Fragrance,28.48,2,0,False,56.96
502702,101935,2025-05-01,Russia,Makeup,24.62,1,0,False,24.62
502703,101935,2025-06-11,Russia,Skincare,11.88,1,0,False,11.88
502703,101935,2025-06-11,Russia,Makeup,14.27,1,0,False,14.27
502704,101935,2025-07-19,Russia,Haircare,19.52,1,5,False,18.54
502705,101936,2025-10-30,Kazakhstan,Makeup,9.97,1,0,False,9.97
502705,101936,2025-10-30,Kazakhstan,Makeup,24.89,1,0,False,24.89
502705,101936,2025-10-30,Kazakhstan,Skincare,16.21,2,0,False,32.42
502706,101937,2024-07-17,Kazakhstan,Wellness,16.99,2,0,False,33.98
502706,101937,2024-07-17,Kazakhstan,Fragrance,20.31,2,0,False,40.62
502707,101938,2025-07-27,Mexico,Wellness,13.13,1,5,False,12.47
502707,101938,2025-07-27,Mexico,Fragrance,32.97,2,0,False,65.94
502707,101938,2025-07-27,Mexico,Fragrance,17.72,2,0,False,35.44
502708,101938,2025-12-11,Mexico,Skincare,29.23,2,5,False,55.54
502709,101938,2025-12-14,Mexico,Skincare,19.47,1,0,False,19.47
502710,101938,2025-12-26,Mexico,Fragrance,49.7,1,5,False,47.22
502710,101938,2025-12-26,Mexico,Makeup,18.48,1,0,False,18.48
502710,101938,2025-12-26,Mexico,Fragrance,35.61,1,0,False,35.61
502711,101939,2025-03-16,Russia,Fragrance,26.25,1,10,False,23.62
502711,101939,2025-03-16,Russia,Haircare,7.79,2,0,False,15.58
502711,101939,2025-03-16,Russia,Fragrance,55.14,2,0,False,110.28
502712,101940,2025-09-12,Kazakhstan,Haircare,7.01,1,0,False,7.01
502712,101940,2025-09-12,Kazakhstan,Makeup,7.73,1,0,False,7.73
502712,101940,2025-09-12,Kazakhstan,Wellness,21.63,2,0,False,43.26
502713,101941,2024-04-25,Mexico,Wellness,19.51,1,0,False,19.51
502713,101941,2024-04-25,Mexico,Fragrance,55.8,2,0,False,111.6
502714,101941,2025-05-18,Mexico,Makeup,15.75,1,0,False,15.75
502715,101941,2025-10-23,Mexico,Haircare,10.32,2,0,False,20.64
502715,101941,2025-10-23,Mexico,Makeup,23.84,2,0,False,47.68
502715,101941,2025-10-23,Mexico,Makeup,5.5,1,0,False,5.5
502716,101942,2024-12-09,Russia,Wellness,14.4,1,0,False,14.4
502717,101943,2025-08-30,Mexico,Skincare,14.9,2,5,False,28.31
502717,101943,2025-08-30,Mexico,Haircare,16.33,1,0,False,16.33
502717,101943,2025-08-30,Mexico,Makeup,22.68,2,5,False,43.09
502718,101943,2025-10-14,Mexico,Makeup,11.78,1,5,False,11.19
502718,101943,2025-10-14,Mexico,Fragrance,39.96,2,0,False,79.92
502718,101943,2025-10-14,Mexico,Skincare,18.46,2,0,False,36.92
502719,101944,2024-06-12,Mexico,Haircare,7.3,1,0,False,7.3
502720,101945,2025-10-11,Russia,Wellness,15.28,1,0,False,15.28
502721,101945,2025-12-10,Russia,Makeup,17.42,2,0,False,34.84
502721,101945,2025-12-10,Russia,Makeup,11.35,2,0,False,22.7
502721,101945,2025-12-10,Russia,Wellness,10.61,1,5,False,10.08
502722,101947,2024-11-26,Mexico,Fragrance,16.93,1,10,True,15.24
502722,101947,2024-11-26,Mexico,Fragrance,43.68,2,0,True,87.36
502722,101947,2024-11-26,Mexico,Haircare,20.31,1,0,True,20.31
502723,101947,2025-03-13,Mexico,Fragrance,19.04,1,0,False,19.04
502723,101947,2025-03-13,Mexico,Fragrance,26.97,1,0,False,26.97
502724,101947,2025-06-01,Mexico,Wellness,16.57,2,0,True,33.14
502724,101947,2025-06-01,Mexico,Wellness,9.64,2,0,True,19.28
502725,101948,2025-05-03,Belarus,Haircare,17.72,2,0,False,35.44
502725,101948,2025-05-03,Belarus,Wellness,18.89,2,5,False,35.89
502726,101949,2024-11-07,Mexico,Makeup,11.92,1,0,False,11.92
502726,101949,2024-11-07,Mexico,Fragrance,22.78,2,0,False,45.56
502726,101949,2024-11-07,Mexico,Fragrance,37.43,1,0,False,37.43
502727,101949,2025-10-04,Mexico,Skincare,15.47,1,0,False,15.47
502727,101949,2025-10-04,Mexico,Wellness,13.03,1,0,False,13.03
502727,101949,2025-10-04,Mexico,Wellness,19.06,1,0,False,19.06
502728,101950,2025-03-16,USA,Fragrance,39.65,2,0,False,79.3
502728,101950,2025-03-16,USA,Wellness,15.07,2,0,False,30.14
502729,101950,2025-11-01,USA,Haircare,18.43,1,0,False,18.43
502729,101950,2025-11-01,USA,Skincare,20.88,1,0,False,20.88
502729,101950,2025-11-01,USA,Skincare,18.22,1,0,False,18.22
502730,101951,2025-07-29,Mexico,Wellness,8.39,1,0,False,8.39
502730,101951,2025-07-29,Mexico,Skincare,8.09,1,10,False,7.28
502730,101951,2025-07-29,Mexico,Wellness,20.38,1,0,False,20.38
502731,101952,2025-05-11,Belarus,Haircare,19.6,2,0,False,39.2
502731,101952,2025-05-11,Belarus,Skincare,8.73,2,0,False,17.46
502731,101952,2025-05-11,Belarus,Skincare,33.99,1,0,False,33.99
502732,101952,2025-07-26,Belarus,Skincare,32.04,2,0,False,64.08
502733,101954,2025-01-23,Kazakhstan,Haircare,24.4,2,5,False,46.36
502733,101954,2025-01-23,Kazakhstan,Makeup,21.98,1,0,False,21.98
502733,101954,2025-01-23,Kazakhstan,Makeup,21.59,1,0,False,21.59
502734,101954,2025-01-27,Kazakhstan,Skincare,34.2,2,5,False,64.98
502735,101954,2025-07-31,Kazakhstan,Skincare,27.67,2,0,False,55.34
502735,101954,2025-07-31,Kazakhstan,Wellness,8.12,1,0,False,8.12
502735,101954,2025-07-31,Kazakhstan,Haircare,12.2,2,0,False,24.4
502736,101956,2025-01-24,Russia,Haircare,8.06,1,0,False,8.06
502737,101956,2025-05-03,Russia,Wellness,7.23,2,0,False,14.46
502738,101957,2024-07-11,Belarus,Makeup,20.46,1,0,False,20.46
502738,101957,2024-07-11,Belarus,Wellness,13.86,1,5,False,13.17
502739,101958,2025-05-22,USA,Skincare,15.42,2,5,False,29.3
502740,101959,2025-04-27,Belarus,Fragrance,44.27,2,0,False,88.54
502741,101960,2025-09-28,Russia,Skincare,8.11,2,0,False,16.22
502741,101960,2025-09-28,Russia,Makeup,5.36,2,0,False,10.72
502741,101960,2025-09-28,Russia,Skincare,12.15,2,5,False,23.08
502742,101960,2025-10-11,Russia,Skincare,14.06,2,0,False,28.12
502742,101960,2025-10-11,Russia,Makeup,24.11,2,5,False,45.81
502742,101960,2025-10-11,Russia,Haircare,13.27,1,0,False,13.27
502743,101960,2025-11-10,Russia,Haircare,21.88,2,15,True,37.2
502744,101961,2025-05-16,USA,Fragrance,18.77,1,0,False,18.77
502745,101961,2025-06-10,USA,Fragrance,57.51,1,0,False,57.51
502745,101961,2025-06-10,USA,Fragrance,30.05,1,0,False,30.05
502745,101961,2025-06-10,USA,Makeup,7.21,2,0,False,14.42
502746,101961,2025-11-28,USA,Haircare,13.02,1,0,True,13.02
502747,101961,2025-12-07,USA,Fragrance,28.33,2,0,False,56.66
502747,101961,2025-12-07,USA,Wellness,14.84,2,10,False,26.71
502747,101961,2025-12-07,USA,Fragrance,57.12,1,0,False,57.12
502748,101961,2025-12-17,USA,Wellness,14.99,1,0,False,14.99
502749,101962,2025-06-27,Kazakhstan,Wellness,14.63,2,5,False,27.8
502749,101962,2025-06-27,Kazakhstan,Fragrance,20.01,2,0,False,40.02
502749,101962,2025-06-27,Kazakhstan,Skincare,19.35,1,0,False,19.35
502750,101964,2024-05-23,Belarus,Wellness,18.47,2,5,False,35.09
502750,101964,2024-05-23,Belarus,Skincare,24.75,2,5,False,47.02
502751,101964,2024-09-05,Belarus,Haircare,15.56,2,0,False,31.12
502752,101964,2024-11-03,Belarus,Haircare,10.56,1,0,False,10.56
502752,101964,2024-11-03,Belarus,Fragrance,28.54,1,0,False,28.54
502752,101964,2024-11-03,Belarus,Wellness,20.1,2,0,False,40.2
502753,101965,2025-10-14,Russia,Skincare,25.87,1,0,False,25.87
502753,101965,2025-10-14,Russia,Wellness,8.46,1,0,False,8.46
502754,101966,2025-02-02,Russia,Makeup,8.1,1,0,False,8.1
502755,101966,2025-12-15,Russia,Fragrance,39.17,2,0,False,78.34
502756,101967,2024-02-06,Mexico,Wellness,13.94,1,0,False,13.94
502757,101967,2024-02-18,Mexico,Haircare,15.86,1,0,False,15.86
502758,101969,2025-06-24,USA,Fragrance,57.91,2,0,False,115.82
502758,101969,2025-06-24,USA,Fragrance,18.79,1,0,False,18.79
502758,101969,2025-06-24,USA,Haircare,7.8,1,5,False,7.41
502759,101969,2025-09-02,USA,Makeup,26.79,2,0,False,53.58
502760,101969,2025-12-11,USA,Makeup,21.95,1,0,False,21.95
502760,101969,2025-12-11,USA,Skincare,13.45,2,0,False,26.9
502761,101970,2025-04-09,Russia,Makeup,17.42,2,10,False,31.36
502761,101970,2025-04-09,Russia,Wellness,18.61,2,0,False,37.22
502761,101970,2025-04-09,Russia,Fragrance,46.06,2,0,False,92.12
502762,101970,2025-06-28,Russia,Wellness,7.9,2,0,False,15.8
502763,101970,2025-07-25,Russia,Skincare,26.96,2,0,False,53.92
502764,101970,2025-10-20,Russia,Haircare,22.51,2,5,False,42.77
502764,101970,2025-10-20,Russia,Skincare,16.84,1,0,False,16.84
502765,101971,2024-12-29,USA,Haircare,9.5,2,0,False,19.0
502765,101971,2024-12-29,USA,Haircare,21.24,2,0,False,42.48
502765,101971,2024-12-29,USA,Wellness,15.56,2,5,False,29.56
502766,101971,2025-04-09,USA,Skincare,32.73,1,0,False,32.73
502766,101971,2025-04-09,USA,Skincare,12.66,2,0,False,25.32
502766,101971,2025-04-09,USA,Fragrance,56.65,1,5,False,53.82
502767,101971,2025-06-24,USA,Makeup,7.05,2,0,False,14.1
502767,101971,2025-06-24,USA,Wellness,15.64,1,0,False,15.64
502767,101971,2025-06-24,USA,Haircare,17.71,1,0,False,17.71
502768,101971,2025-09-03,USA,Makeup,7.67,1,0,False,7.67
502768,101971,2025-09-03,USA,Skincare,11.62,1,0,False,11.62
502768,101971,2025-09-03,USA,Fragrance,45.95,2,0,False,91.9
502769,101972,2024-11-27,Mexico,Wellness,11.11,2,25,True,16.66
502770,101973,2024-09-10,Russia,Skincare,13.16,2,0,False,26.32
502770,101973,2024-09-10,Russia,Haircare,12.2,2,0,False,24.4
502771,101974,2025-11-04,Kazakhstan,Haircare,17.28,1,0,False,17.28
502771,101974,2025-11-04,Kazakhstan,Fragrance,51.81,2,0,False,103.62
502771,101974,2025-11-04,Kazakhstan,Wellness,18.74,1,0,False,18.74
502772,101975,2024-10-21,Mexico,Wellness,10.04,2,0,False,20.08
502773,101975,2024-11-08,Mexico,Haircare,24.21,1,0,True,24.21
502773,101975,2024-11-08,Mexico,Haircare,15.87,2,0,True,31.74
502774,101976,2025-07-10,Russia,Haircare,11.48,1,0,False,11.48
502774,101976,2025-07-10,Russia,Wellness,19.79,1,5,False,18.8
502774,101976,2025-07-10,Russia,Haircare,7.84,1,0,False,7.84
502775,101976,2025-08-23,Russia,Skincare,11.28,1,0,False,11.28
502775,101976,2025-08-23,Russia,Makeup,7.52,2,0,False,15.04
502775,101976,2025-08-23,Russia,Skincare,18.38,1,0,False,18.38
502776,101977,2024-02-16,Russia,Fragrance,34.15,2,5,False,64.88
502777,101978,2024-12-23,Mexico,Haircare,21.52,2,0,False,43.04
502777,101978,2024-12-23,Mexico,Makeup,25.33,2,0,False,50.66
502778,101979,2024-06-22,Russia,Skincare,32.79,1,0,False,32.79
502778,101979,2024-06-22,Russia,Makeup,26.35,2,0,False,52.7
502778,101979,2024-06-22,Russia,Fragrance,50.6,2,5,False,96.14
502779,101979,2024-07-31,Russia,Makeup,26.88,2,0,False,53.76
502779,101979,2024-07-31,Russia,Makeup,6.05,1,0,False,6.05
502780,101979,2024-11-30,Russia,Haircare,11.36,1,0,True,11.36
502780,101979,2024-11-30,Russia,Makeup,14.92,2,0,True,29.84
502781,101980,2024-10-09,Kazakhstan,Fragrance,23.43,2,0,False,46.86
502781,101980,2024-10-09,Kazakhstan,Fragrance,50.24,1,5,False,47.73
502782,101981,2025-02-21,Kazakhstan,Fragrance,51.93,2,0,False,103.86
502782,101981,2025-02-21,Kazakhstan,Wellness,9.45,2,5,False,17.95
502783,101981,2025-05-06,Kazakhstan,Skincare,30.12,2,0,False,60.24
502783,101981,2025-05-06,Kazakhstan,Wellness,10.08,1,0,False,10.08
502783,101981,2025-05-06,Kazakhstan,Wellness,12.94,1,0,False,12.94
502784,101982,2024-02-15,USA,Makeup,11.5,2,0,False,23.0
502784,101982,2024-02-15,USA,Makeup,10.54,1,0,False,10.54
502785,101984,2025-01-23,Kazakhstan,Skincare,11.76,2,0,False,23.52
502785,101984,2025-01-23,Kazakhstan,Fragrance,17.65,1,0,False,17.65
502786,101984,2025-02-12,Kazakhstan,Fragrance,30.17,2,0,False,60.34
502787,101984,2025-10-30,Kazakhstan,Wellness,20.08,2,0,False,40.16
502788,101985,2025-03-24,USA,Fragrance,51.68,2,0,False,103.36
502788,101985,2025-03-24,USA,Makeup,5.4,2,5,False,10.26
502789,101986,2024-03-01,Russia,Makeup,23.28,2,0,False,46.56
502789,101986,2024-03-01,Russia,Fragrance,58.39,2,5,False,110.94
502790,101986,2024-06-25,Russia,Wellness,8.77,2,0,False,17.54
502790,101986,2024-06-25,Russia,Wellness,14.3,2,0,False,28.6
502790,101986,2024-06-25,Russia,Haircare,9.2,2,0,False,18.4
502791,101986,2024-07-23,Russia,Makeup,17.0,2,0,False,34.0
502791,101986,2024-07-23,Russia,Makeup,15.1,2,0,False,30.2
502792,101986,2024-12-21,Russia,Haircare,22.04,2,0,False,44.08
502792,101986,2024-12-21,Russia,Skincare,25.84,1,5,False,24.55
502792,101986,2024-12-21,Russia,Haircare,17.74,1,0,False,17.74
502793,101987,2025-10-06,Mexico,Fragrance,59.59,1,0,False,59.59
502793,101987,2025-10-06,Mexico,Wellness,13.41,1,0,False,13.41
502793,101987,2025-10-06,Mexico,Haircare,24.84,1,0,False,24.84
502794,101989,2025-10-19,Mexico,Haircare,18.79,2,0,False,37.58
502794,101989,2025-10-19,Mexico,Fragrance,42.0,1,0,False,42.0
502795,101989,2025-12-06,Mexico,Makeup,13.0,2,10,False,23.4
502796,101993,2025-06-24,Russia,Fragrance,15.17,2,0,False,30.34
502796,101993,2025-06-24,Russia,Makeup,10.14,2,0,False,20.28
502796,101993,2025-06-24,Russia,Wellness,16.97,1,0,False,16.97
502797,101994,2025-12-25,Mexico,Fragrance,45.08,1,0,False,45.08
502797,101994,2025-12-25,Mexico,Wellness,14.01,1,0,False,14.01
502798,101995,2024-04-29,USA,Makeup,6.01,2,5,False,11.42
502798,101995,2024-04-29,USA,Makeup,5.72,1,0,False,5.72
502799,101995,2024-05-04,USA,Wellness,8.38,2,0,False,16.76
502799,101995,2024-05-04,USA,Wellness,20.51,1,0,False,20.51
502800,101995,2024-11-21,USA,Fragrance,32.09,2,0,False,64.18
502800,101995,2024-11-21,USA,Fragrance,46.13,1,0,False,46.13
502801,101995,2025-02-05,USA,Fragrance,20.8,1,0,False,20.8
502801,101995,2025-02-05,USA,Makeup,11.84,1,0,False,11.84
502802,101995,2025-03-25,USA,Fragrance,55.73,1,0,False,55.73
502803,101995,2025-07-04,USA,Skincare,12.54,2,0,False,25.08
502803,101995,2025-07-04,USA,Haircare,13.56,2,5,False,25.76
502804,101995,2025-11-10,USA,Skincare,19.29,1,25,True,14.47
502804,101995,2025-11-10,USA,Skincare,26.58,2,15,True,45.19
502804,101995,2025-11-10,USA,Makeup,6.36,2,0,True,12.72
502805,101995,2025-11-22,USA,Makeup,5.44,2,0,False,10.88
502805,101995,2025-11-22,USA,Fragrance,29.15,1,5,False,27.69
502806,101995,2025-11-24,USA,Wellness,9.58,2,0,True,19.16
502807,101996,2024-04-22,Russia,Makeup,18.31,1,0,False,18.31
502807,101996,2024-04-22,Russia,Haircare,13.72,1,10,False,12.35
502807,101996,2024-04-22,Russia,Wellness,8.58,1,0,False,8.58
502808,101997,2025-10-12,Russia,Skincare,16.7,2,0,False,33.4
502809,101998,2024-12-18,Russia,Fragrance,17.05,1,0,False,17.05
502809,101998,2024-12-18,Russia,Fragrance,21.27,2,5,False,40.41
502809,101998,2024-12-18,Russia,Haircare,17.59,2,0,False,35.18
502810,101999,2024-05-15,USA,Fragrance,33.6,1,0,False,33.6
502811,102002,2024-09-26,Russia,Haircare,20.64,1,0,False,20.64
502812,102003,2025-12-22,USA,Skincare,23.62,2,0,False,47.24
502812,102003,2025-12-22,USA,Makeup,13.13,1,0,False,13.13
502812,102003,2025-12-22,USA,Skincare,33.42,1,5,False,31.75
502813,102004,2024-05-08,Kazakhstan,Skincare,20.91,1,0,False,20.91
502813,102004,2024-05-08,Kazakhstan,Haircare,13.38,2,5,False,25.42
502813,102004,2024-05-08,Kazakhstan,Haircare,15.45,2,0,False,30.9
502814,102005,2025-03-09,Mexico,Haircare,11.29,1,0,False,11.29
502814,102005,2025-03-09,Mexico,Fragrance,52.03,2,0,False,104.06
502814,102005,2025-03-09,Mexico,Fragrance,56.17,1,0,False,56.17
502815,102005,2025-03-11,Mexico,Makeup,26.62,2,0,False,53.24
502816,102006,2024-09-08,Mexico,Makeup,21.45,1,0,False,21.45
502816,102006,2024-09-08,Mexico,Skincare,10.5,2,0,False,21.0
502816,102006,2024-09-08,Mexico,Fragrance,25.15,2,0,False,50.3
502817,102006,2024-10-29,Mexico,Wellness,8.31,1,0,False,8.31
502818,102006,2024-11-01,Mexico,Skincare,31.9,1,5,False,30.3
502819,102007,2024-12-15,Kazakhstan,Makeup,21.55,1,0,False,21.55
502820,102007,2024-12-16,Kazakhstan,Skincare,23.16,2,5,False,44.0
502820,102007,2024-12-16,Kazakhstan,Skincare,11.01,1,10,False,9.91
502820,102007,2024-12-16,Kazakhstan,Wellness,12.42,1,0,False,12.42
502821,102008,2025-02-10,Mexico,Makeup,7.31,2,0,False,14.62
502822,102008,2025-05-19,Mexico,Skincare,8.21,2,0,False,16.42
502822,102008,2025-05-19,Mexico,Skincare,30.54,1,0,False,30.54
502822,102008,2025-05-19,Mexico,Skincare,19.4,1,0,False,19.4
502823,102009,2024-05-14,Kazakhstan,Fragrance,39.69,2,0,False,79.38
502823,102009,2024-05-14,Kazakhstan,Haircare,19.88,2,0,False,39.76
502824,102009,2024-05-18,Kazakhstan,Fragrance,25.2,2,5,False,47.88
502825,102010,2024-03-05,Belarus,Makeup,10.26,2,10,True,18.47
502826,102011,2024-12-14,Russia,Skincare,30.18,2,0,False,60.36
502827,102011,2025-08-06,Russia,Wellness,10.67,1,0,False,10.67
502827,102011,2025-08-06,Russia,Haircare,11.94,1,0,False,11.94
502828,102012,2025-09-30,Russia,Fragrance,20.4,2,0,False,40.8
502828,102012,2025-09-30,Russia,Fragrance,22.37,1,0,False,22.37
502828,102012,2025-09-30,Russia,Haircare,21.09,2,5,False,40.07
502829,102014,2025-01-09,Russia,Wellness,21.94,2,0,False,43.88
502829,102014,2025-01-09,Russia,Haircare,18.39,1,0,False,18.39
502830,102014,2025-01-27,Russia,Fragrance,44.51,2,0,False,89.02
502831,102015,2024-03-25,Russia,Haircare,8.25,2,0,False,16.5
502831,102015,2024-03-25,Russia,Haircare,12.92,2,0,False,25.84
502831,102015,2024-03-25,Russia,Skincare,10.39,2,0,False,20.78
502832,102017,2024-04-05,Russia,Fragrance,41.6,2,10,False,74.88
502832,102017,2024-04-05,Russia,Fragrance,37.83,2,0,False,75.66
502833,102018,2024-03-16,Russia,Wellness,17.46,1,0,False,17.46
502833,102018,2024-03-16,Russia,Wellness,14.53,2,0,False,29.06
502833,102018,2024-03-16,Russia,Fragrance,15.4,2,0,False,30.8
502834,102020,2025-08-28,Belarus,Wellness,7.55,1,5,False,7.17
502834,102020,2025-08-28,Belarus,Makeup,16.59,1,0,False,16.59
502835,102021,2025-09-10,Russia,Haircare,17.07,2,0,False,34.14
502836,102022,2025-05-03,Russia,Wellness,14.76,1,5,False,14.02
502836,102022,2025-05-03,Russia,Skincare,12.18,2,10,False,21.92
502837,102025,2024-01-09,USA,Haircare,22.11,1,0,False,22.11
502837,102025,2024-01-09,USA,Fragrance,43.4,2,0,False,86.8
502837,102025,2024-01-09,USA,Wellness,6.39,2,0,False,12.78
502838,102025,2024-07-10,USA,Haircare,20.12,2,5,False,38.23
502839,102026,2024-07-04,Mexico,Makeup,26.55,1,0,False,26.55
502840,102026,2024-11-08,Mexico,Wellness,10.48,2,15,True,17.82
502841,102027,2024-06-25,Kazakhstan,Makeup,5.28,2,0,False,10.56
502841,102027,2024-06-25,Kazakhstan,Haircare,22.73,2,0,False,45.46
502842,102028,2025-05-13,USA,Haircare,13.19,2,0,False,26.38
502842,102028,2025-05-13,USA,Wellness,9.62,2,0,False,19.24
502843,102029,2024-03-31,Russia,Fragrance,23.97,1,0,False,23.97
502843,102029,2024-03-31,Russia,Makeup,15.56,1,5,False,14.78
502844,102031,2024-06-09,USA,Skincare,26.56,2,0,False,53.12
502844,102031,2024-06-09,USA,Haircare,13.9,1,0,False,13.9
502845,102034,2024-11-23,Belarus,Fragrance,18.18,1,0,False,18.18
502845,102034,2024-11-23,Belarus,Fragrance,25.89,1,0,False,25.89
502845,102034,2024-11-23,Belarus,Fragrance,22.63,1,0,False,22.63
502846,102037,2024-10-14,Russia,Fragrance,31.05,2,0,False,62.1
502846,102037,2024-10-14,Russia,Fragrance,29.0,2,0,False,58.0
502847,102038,2025-04-08,Russia,Makeup,27.86,2,0,False,55.72
502847,102038,2025-04-08,Russia,Skincare,24.37,1,0,False,24.37
502848,102038,2025-07-03,Russia,Fragrance,47.77,2,0,False,95.54
502848,102038,2025-07-03,Russia,Fragrance,29.33,2,0,False,58.66
502849,102038,2025-07-17,Russia,Makeup,23.34,2,0,False,46.68
502849,102038,2025-07-17,Russia,Fragrance,27.22,2,10,False,49.0
502849,102038,2025-07-17,Russia,Wellness,17.59,1,0,False,17.59
502850,102039,2024-10-10,Kazakhstan,Fragrance,48.52,1,0,False,48.52
502850,102039,2024-10-10,Kazakhstan,Wellness,19.14,2,0,False,38.28
502851,102040,2025-11-15,Russia,Wellness,21.58,2,0,False,43.16
502851,102040,2025-11-15,Russia,Skincare,33.38,2,5,False,63.42
502852,102041,2025-03-21,Russia,Fragrance,47.82,1,0,False,47.82
502852,102041,2025-03-21,Russia,Makeup,7.41,1,0,False,7.41
502852,102041,2025-03-21,Russia,Haircare,14.14,1,0,False,14.14
502853,102041,2025-04-29,Russia,Makeup,24.75,2,5,False,47.02
502854,102043,2024-12-01,Kazakhstan,Haircare,7.5,2,0,False,15.0
502854,102043,2024-12-01,Kazakhstan,Fragrance,49.19,1,0,False,49.19
502854,102043,2024-12-01,Kazakhstan,Wellness,6.79,2,0,False,13.58
502855,102045,2024-10-11,USA,Skincare,28.26,2,5,False,53.69
502856,102047,2024-11-06,USA,Wellness,6.73,1,0,False,6.73
502856,102047,2024-11-06,USA,Fragrance,36.0,2,0,False,72.0
502857,102049,2025-08-28,Mexico,Haircare,16.32,1,0,False,16.32
502857,102049,2025-08-28,Mexico,Makeup,26.58,1,0,False,26.58
502858,102050,2025-09-28,Kazakhstan,Fragrance,40.69,1,0,False,40.69
502859,102053,2025-04-26,Russia,Haircare,14.69,1,0,False,14.69
502859,102053,2025-04-26,Russia,Skincare,21.54,2,5,False,40.93
502859,102053,2025-04-26,Russia,Skincare,11.3,2,0,False,22.6
502860,102053,2025-05-16,Russia,Makeup,7.16,2,0,False,14.32
502860,102053,2025-05-16,Russia,Fragrance,28.01,1,0,False,28.01
502861,102053,2025-10-11,Russia,Wellness,16.6,1,0,False,16.6
502861,102053,2025-10-11,Russia,Skincare,21.93,1,0,False,21.93
502862,102053,2025-11-21,Russia,Fragrance,16.08,1,0,False,16.08
502863,102054,2024-10-02,USA,Wellness,8.59,1,0,False,8.59
502863,102054,2024-10-02,USA,Haircare,15.14,2,0,False,30.28
502864,102055,2024-07-26,Russia,Haircare,18.76,1,0,False,18.76
502864,102055,2024-07-26,Russia,Haircare,24.25,1,0,False,24.25
502865,102056,2025-02-19,Kazakhstan,Haircare,19.14,2,0,False,38.28
502866,102056,2025-03-04,Kazakhstan,Skincare,10.7,2,0,True,21.4
502866,102056,2025-03-04,Kazakhstan,Fragrance,32.59,2,0,True,65.18
502866,102056,2025-03-04,Kazakhstan,Wellness,21.62,2,10,True,38.92
502867,102057,2025-09-27,Mexico,Wellness,15.99,2,0,False,31.98
502867,102057,2025-09-27,Mexico,Haircare,16.14,1,0,False,16.14
502867,102057,2025-09-27,Mexico,Fragrance,46.18,1,10,False,41.56
502868,102058,2024-11-07,Russia,Makeup,11.17,2,5,False,21.22
502869,102058,2025-02-03,Russia,Skincare,11.02,1,0,False,11.02
502870,102058,2025-06-28,Russia,Makeup,9.84,2,0,False,19.68
502871,102059,2024-10-23,Russia,Makeup,11.5,2,0,False,23.0
502872,102059,2024-12-31,Russia,Haircare,19.87,1,0,False,19.87
502872,102059,2024-12-31,Russia,Makeup,8.98,2,0,False,17.96
502872,102059,2024-12-31,Russia,Wellness,7.96,1,0,False,7.96
502873,102059,2025-01-02,Russia,Fragrance,57.82,2,0,False,115.64
502873,102059,2025-01-02,Russia,Makeup,9.91,2,0,False,19.82
502874,102060,2025-05-25,USA,Wellness,13.62,2,0,False,27.24
502875,102060,2025-06-02,USA,Haircare,15.76,2,20,True,25.22
502875,102060,2025-06-02,USA,Makeup,23.43,1,0,True,23.43
502876,102061,2024-12-04,Russia,Skincare,15.33,2,0,False,30.66
502876,102061,2024-12-04,Russia,Haircare,11.72,2,5,False,22.27
502877,102061,2025-07-14,Russia,Fragrance,31.61,2,0,False,63.22
502877,102061,2025-07-14,Russia,Makeup,17.51,2,5,False,33.27
502878,102062,2024-07-26,Russia,Makeup,26.27,2,0,False,52.54
502878,102062,2024-07-26,Russia,Fragrance,55.98,1,0,False,55.98
502878,102062,2024-07-26,Russia,Wellness,9.39,2,5,False,17.84
502879,102063,2025-08-10,USA,Skincare,17.14,2,0,False,34.28
502879,102063,2025-08-10,USA,Makeup,25.64,2,0,False,51.28
502880,102064,2025-02-12,Russia,Skincare,28.39,1,0,False,28.39
502881,102064,2025-02-15,Russia,Fragrance,33.55,1,0,False,33.55
502882,102067,2024-03-04,Russia,Wellness,17.61,1,0,True,17.61
502883,102068,2025-08-27,USA,Wellness,12.78,2,0,False,25.56
502883,102068,2025-08-27,USA,Fragrance,38.46,1,5,False,36.54
502884,102069,2024-05-18,Mexico,Haircare,10.87,2,0,False,21.74
502884,102069,2024-05-18,Mexico,Wellness,6.5,2,0,False,13.0
502884,102069,2024-05-18,Mexico,Haircare,11.56,1,0,False,11.56
502885,102069,2024-09-18,Mexico,Makeup,7.85,1,0,False,7.85
502885,102069,2024-09-18,Mexico,Haircare,16.03,2,0,False,32.06
502886,102070,2024-03-25,USA,Haircare,19.83,1,0,False,19.83
502887,102070,2024-04-10,USA,Makeup,22.84,2,0,False,45.68
502887,102070,2024-04-10,USA,Haircare,24.0,1,0,False,24.0
502888,102070,2024-06-25,USA,Haircare,7.58,2,0,False,15.16
502889,102071,2025-10-25,Russia,Skincare,21.11,1,0,False,21.11
502890,102071,2025-12-12,Russia,Wellness,12.15,2,0,False,24.3
502890,102071,2025-12-12,Russia,Makeup,19.57,1,0,False,19.57
502890,102071,2025-12-12,Russia,Fragrance,15.03,1,0,False,15.03
502891,102072,2024-07-05,Russia,Fragrance,50.88,2,0,False,101.76
502891,102072,2024-07-05,Russia,Haircare,17.91,1,0,False,17.91
502891,102072,2024-07-05,Russia,Makeup,18.53,1,0,False,18.53
502892,102072,2024-09-07,Russia,Wellness,8.84,1,0,False,8.84
502892,102072,2024-09-07,Russia,Wellness,6.82,1,0,False,6.82
502893,102072,2024-11-23,Russia,Makeup,9.5,1,0,False,9.5
502893,102072,2024-11-23,Russia,Haircare,22.82,2,0,False,45.64
502894,102072,2025-03-21,Russia,Makeup,9.64,1,0,False,9.64
502895,102073,2025-04-16,Mexico,Skincare,19.75,1,0,False,19.75
502896,102073,2025-11-09,Mexico,Makeup,19.23,1,10,True,17.31
502896,102073,2025-11-09,Mexico,Fragrance,49.91,2,0,True,99.82
502896,102073,2025-11-09,Mexico,Fragrance,24.71,2,0,True,49.42
502897,102076,2024-10-06,Russia,Haircare,7.32,2,5,False,13.91
502897,102076,2024-10-06,Russia,Makeup,8.25,2,0,False,16.5
502897,102076,2024-10-06,Russia,Makeup,9.82,2,10,False,17.68
502898,102076,2025-05-15,Russia,Makeup,21.88,2,0,False,43.76
502899,102077,2025-10-04,Russia,Haircare,23.86,1,0,False,23.86
502899,102077,2025-10-04,Russia,Haircare,23.81,2,5,False,45.24
502899,102077,2025-10-04,Russia,Wellness,12.88,2,5,False,24.47
502900,102078,2025-01-16,Russia,Wellness,6.83,1,5,False,6.49
502900,102078,2025-01-16,Russia,Makeup,26.75,2,0,False,53.5
502900,102078,2025-01-16,Russia,Skincare,33.59,2,0,False,67.18
502901,102078,2025-03-25,Russia,Fragrance,36.87,1,0,False,36.87
502901,102078,2025-03-25,Russia,Skincare,28.96,1,5,False,27.51
502901,102078,2025-03-25,Russia,Makeup,9.84,1,0,False,9.84
502902,102079,2024-01-11,Kazakhstan,Haircare,24.04,1,5,False,22.84
502903,102079,2024-01-31,Kazakhstan,Wellness,16.07,2,0,False,32.14
502904,102080,2025-03-30,Kazakhstan,Haircare,18.92,1,0,False,18.92
502905,102080,2025-07-21,Kazakhstan,Makeup,20.84,2,0,False,41.68
502906,102082,2024-08-03,Russia,Makeup,5.54,2,0,False,11.08
502906,102082,2024-08-03,Russia,Makeup,15.47,2,0,False,30.94
502907,102083,2024-05-22,Russia,Wellness,17.65,2,5,False,33.53
502908,102083,2024-08-09,Russia,Skincare,14.84,2,0,False,29.68
502908,102083,2024-08-09,Russia,Makeup,21.25,2,0,False,42.5
502909,102083,2025-05-23,Russia,Makeup,14.8,1,0,False,14.8
502909,102083,2025-05-23,Russia,Skincare,24.11,1,0,False,24.11
502909,102083,2025-05-23,Russia,Makeup,11.17,1,0,False,11.17
502910,102084,2025-09-09,Russia,Fragrance,18.43,2,0,False,36.86
502910,102084,2025-09-09,Russia,Haircare,11.55,2,0,False,23.1
502910,102084,2025-09-09,Russia,Makeup,20.32,1,0,False,20.32
502911,102085,2024-03-15,Russia,Wellness,14.85,1,0,False,14.85
502911,102085,2024-03-15,Russia,Fragrance,40.74,1,0,False,40.74
502911,102085,2024-03-15,Russia,Makeup,26.38,1,0,False,26.38
502912,102085,2024-12-23,Russia,Makeup,12.05,2,0,False,24.1
502913,102085,2025-05-30,Russia,Fragrance,23.16,1,0,False,23.16
502914,102085,2025-07-11,Russia,Fragrance,58.11,2,10,False,104.6
502915,102086,2024-12-28,Russia,Fragrance,42.58,1,0,False,42.58
502915,102086,2024-12-28,Russia,Skincare,22.22,1,0,False,22.22
502915,102086,2024-12-28,Russia,Wellness,19.5,2,5,False,37.05
502916,102087,2024-11-12,USA,Haircare,24.56,2,15,True,41.75
502916,102087,2024-11-12,USA,Fragrance,43.45,2,0,True,86.9
502917,102087,2024-12-19,USA,Wellness,10.84,2,0,False,21.68
502918,102087,2025-03-02,USA,Skincare,33.85,1,0,False,33.85
502918,102087,2025-03-02,USA,Haircare,8.96,1,0,False,8.96
502918,102087,2025-03-02,USA,Wellness,10.04,1,0,False,10.04
502919,102087,2025-07-08,USA,Haircare,9.16,2,5,False,17.4
502919,102087,2025-07-08,USA,Wellness,17.16,2,0,False,34.32
502919,102087,2025-07-08,USA,Fragrance,20.55,1,5,False,19.52
502920,102088,2025-01-04,Russia,Fragrance,56.07,2,0,False,112.14
502920,102088,2025-01-04,Russia,Skincare,30.28,2,0,False,60.56
502921,102089,2025-01-31,Russia,Fragrance,52.55,1,0,False,52.55
502921,102089,2025-01-31,Russia,Haircare,11.15,1,5,False,10.59
502921,102089,2025-01-31,Russia,Haircare,8.01,1,0,False,8.01
502922,102090,2024-08-25,Mexico,Makeup,10.68,1,0,False,10.68
502922,102090,2024-08-25,Mexico,Makeup,20.97,2,0,False,41.94
502923,102091,2024-08-01,USA,Haircare,17.0,2,0,False,34.0
502923,102091,2024-08-01,USA,Fragrance,24.49,2,5,False,46.53
502923,102091,2024-08-01,USA,Wellness,14.14,1,0,False,14.14
502924,102091,2024-11-23,USA,Wellness,8.22,1,0,False,8.22
502924,102091,2024-11-23,USA,Fragrance,37.43,1,0,False,37.43
502924,102091,2024-11-23,USA,Fragrance,44.13,1,0,False,44.13
502925,102092,2025-03-18,Mexico,Skincare,31.45,2,0,False,62.9
502925,102092,2025-03-18,Mexico,Wellness,8.55,1,0,False,8.55
502926,102093,2024-03-13,Mexico,Wellness,9.24,2,0,False,18.48
502927,102094,2025-06-26,Russia,Haircare,17.58,1,0,False,17.58
502928,102095,2025-06-27,Kazakhstan,Skincare,8.95,1,5,False,8.5
502929,102096,2024-12-20,Russia,Haircare,8.66,2,0,False,17.32
502929,102096,2024-12-20,Russia,Fragrance,19.72,2,0,False,39.44
502930,102096,2024-12-20,Russia,Wellness,11.9,1,5,False,11.3
502930,102096,2024-12-20,Russia,Makeup,11.86,1,5,False,11.27
502931,102097,2025-06-22,Mexico,Makeup,11.55,1,0,False,11.55
502931,102097,2025-06-22,Mexico,Skincare,20.37,1,0,False,20.37
502932,102097,2025-11-19,Mexico,Skincare,13.3,2,0,False,26.6
502933,102099,2025-01-11,Kazakhstan,Haircare,11.46,2,5,False,21.77
502934,102099,2025-05-11,Kazakhstan,Makeup,13.6,1,0,False,13.6
502934,102099,2025-05-11,Kazakhstan,Skincare,30.72,2,0,False,61.44
502934,102099,2025-05-11,Kazakhstan,Haircare,17.98,1,0,False,17.98
502935,102100,2024-11-08,USA,Skincare,32.21,1,0,True,32.21
502935,102100,2024-11-08,USA,Fragrance,18.38,1,0,True,18.38
502936,102101,2025-03-07,Mexico,Makeup,15.03,1,15,True,12.78
502937,102102,2024-04-27,Mexico,Haircare,13.92,1,0,False,13.92
502937,102102,2024-04-27,Mexico,Skincare,17.48,1,10,False,15.73
502938,102102,2025-01-16,Mexico,Fragrance,25.26,1,0,False,25.26
502938,102102,2025-01-16,Mexico,Fragrance,49.65,2,0,False,99.3
502939,102102,2025-01-18,Mexico,Fragrance,50.81,1,0,False,50.81
502939,102102,2025-01-18,Mexico,Haircare,21.12,2,0,False,42.24
502940,102102,2025-05-12,Mexico,Makeup,12.17,2,0,False,24.34
502941,102102,2025-11-04,Mexico,Skincare,23.49,1,0,False,23.49
502941,102102,2025-11-04,Mexico,Makeup,7.88,1,0,False,7.88
502941,102102,2025-11-04,Mexico,Makeup,11.49,2,0,False,22.98
502942,102102,2025-12-27,Mexico,Skincare,21.12,2,0,False,42.24
502943,102103,2024-12-29,Russia,Makeup,19.78,2,0,False,39.56
502943,102103,2024-12-29,Russia,Haircare,24.68,2,5,False,46.89
502943,102103,2024-12-29,Russia,Wellness,18.8,1,10,False,16.92
502944,102104,2024-02-22,Russia,Wellness,13.94,2,0,False,27.88
502944,102104,2024-02-22,Russia,Wellness,15.15,2,0,False,30.3
502945,102104,2024-03-27,Russia,Fragrance,22.06,1,0,False,22.06
502946,102104,2024-06-28,Russia,Makeup,15.13,2,0,False,30.26
502946,102104,2024-06-28,Russia,Fragrance,22.94,1,0,False,22.94
502947,102104,2024-07-15,Russia,Haircare,22.28,2,0,False,44.56
502947,102104,2024-07-15,Russia,Fragrance,28.0,1,0,False,28.0
502947,102104,2024-07-15,Russia,Makeup,6.14,2,0,False,12.28
502948,102105,2025-02-25,Russia,Makeup,24.57,2,0,False,49.14
502949,102107,2024-10-13,Mexico,Makeup,20.66,1,0,False,20.66
502949,102107,2024-10-13,Mexico,Haircare,17.84,2,5,False,33.9
502949,102107,2024-10-13,Mexico,Fragrance,47.41,1,0,False,47.41
502950,102108,2025-08-28,USA,Skincare,9.74,2,0,False,19.48
502951,102109,2025-08-01,Mexico,Wellness,17.66,1,0,False,17.66
502952,102110,2024-11-10,Mexico,Fragrance,58.05,2,0,True,116.1
502952,102110,2024-11-10,Mexico,Makeup,8.09,2,0,True,16.18
502952,102110,2024-11-10,Mexico,Skincare,32.16,1,0,True,32.16
502953,102110,2025-10-02,Mexico,Skincare,9.53,1,0,False,9.53
502953,102110,2025-10-02,Mexico,Haircare,10.64,2,0,False,21.28
502953,102110,2025-10-02,Mexico,Skincare,15.86,2,0,False,31.72
502954,102111,2024-09-21,Kazakhstan,Fragrance,34.99,2,0,False,69.98
502955,102112,2025-06-28,Mexico,Haircare,20.08,2,0,False,40.16
502955,102112,2025-06-28,Mexico,Haircare,15.76,1,0,False,15.76
502955,102112,2025-06-28,Mexico,Fragrance,35.41,1,10,False,31.87
502956,102112,2025-09-02,Mexico,Makeup,26.3,2,0,False,52.6
502957,102113,2024-12-08,Russia,Wellness,9.84,2,0,False,19.68
502958,102113,2025-03-14,Russia,Haircare,13.52,2,0,False,27.04
502959,102114,2025-05-08,Mexico,Haircare,19.88,2,0,False,39.76
502960,102115,2024-11-07,Russia,Wellness,17.22,2,0,False,34.44
502960,102115,2024-11-07,Russia,Skincare,27.64,2,0,False,55.28
502960,102115,2024-11-07,Russia,Haircare,9.85,1,0,False,9.85
502961,102115,2025-01-02,Russia,Wellness,19.21,1,5,False,18.25
502961,102115,2025-01-02,Russia,Skincare,33.86,1,5,False,32.17
502961,102115,2025-01-02,Russia,Skincare,25.95,2,0,False,51.9
502962,102115,2025-01-08,Russia,Fragrance,30.93,1,0,False,30.93
502963,102116,2025-04-21,USA,Wellness,19.41,1,0,False,19.41
502963,102116,2025-04-21,USA,Wellness,9.67,1,0,False,9.67
502964,102116,2025-05-24,USA,Skincare,28.76,1,0,False,28.76
502965,102118,2024-05-21,Russia,Haircare,9.88,2,0,False,19.76
502965,102118,2024-05-21,Russia,Makeup,9.84,1,0,False,9.84
502965,102118,2024-05-21,Russia,Fragrance,32.69,1,0,False,32.69
502966,102118,2024-08-19,Russia,Makeup,14.1,1,0,False,14.1
502967,102119,2025-12-02,Mexico,Haircare,18.33,2,0,False,36.66
502968,102120,2024-12-25,Mexico,Skincare,21.54,1,0,False,21.54
502969,102125,2025-10-26,USA,Haircare,17.73,1,0,False,17.73
502969,102125,2025-10-26,USA,Fragrance,38.34,2,5,False,72.85
502970,102126,2024-12-12,Mexico,Haircare,16.16,1,5,False,15.35
502970,102126,2024-12-12,Mexico,Fragrance,30.03,2,0,False,60.06
502970,102126,2024-12-12,Mexico,Makeup,27.1,2,5,False,51.49
502971,102126,2024-12-16,Mexico,Fragrance,28.83,2,0,False,57.66
502971,102126,2024-12-16,Mexico,Fragrance,27.26,1,0,False,27.26
502971,102126,2024-12-16,Mexico,Skincare,18.85,2,0,False,37.7
502972,102126,2024-12-22,Mexico,Makeup,13.87,2,0,False,27.74
502973,102126,2025-06-07,Mexico,Skincare,8.66,1,0,False,8.66
502973,102126,2025-06-07,Mexico,Fragrance,16.12,2,0,False,32.24
502974,102127,2025-09-13,Russia,Haircare,24.99,1,10,False,22.49
502975,102129,2024-10-10,Belarus,Makeup,24.32,2,5,False,46.21
502975,102129,2024-10-10,Belarus,Makeup,14.94,1,0,False,14.94
502976,102129,2025-05-21,Belarus,Haircare,9.52,2,0,False,19.04
502976,102129,2025-05-21,Belarus,Wellness,16.3,1,5,False,15.48
502977,102133,2025-06-06,Russia,Skincare,28.5,2,0,True,57.0
502977,102133,2025-06-06,Russia,Haircare,23.4,2,0,True,46.8
502977,102133,2025-06-06,Russia,Haircare,22.7,1,15,True,19.29
502978,102133,2025-10-21,Russia,Haircare,11.53,1,0,False,11.53
502978,102133,2025-10-21,Russia,Fragrance,17.7,2,0,False,35.4
502978,102133,2025-10-21,Russia,Makeup,24.48,2,0,False,48.96
502979,102134,2024-12-26,Russia,Makeup,13.17,1,0,False,13.17
502979,102134,2024-12-26,Russia,Fragrance,22.75,2,10,False,40.95
502979,102134,2024-12-26,Russia,Fragrance,56.28,1,5,False,53.47
502980,102135,2024-04-27,Mexico,Skincare,15.48,1,0,False,15.48
502980,102135,2024-04-27,Mexico,Makeup,24.22,2,0,False,48.44
502981,102136,2025-07-08,USA,Fragrance,42.97,1,0,False,42.97
502981,102136,2025-07-08,USA,Fragrance,32.3,1,0,False,32.3
502981,102136,2025-07-08,USA,Haircare,16.93,1,5,False,16.08
502982,102137,2025-03-04,Kazakhstan,Fragrance,29.77,1,0,True,29.77
502982,102137,2025-03-04,Kazakhstan,Wellness,15.89,2,0,True,31.78
502982,102137,2025-03-04,Kazakhstan,Haircare,15.37,2,10,True,27.67
502983,102137,2025-06-08,Kazakhstan,Skincare,9.71,1,0,False,9.71
502983,102137,2025-06-08,Kazakhstan,Skincare,26.31,1,0,False,26.31
502984,102139,2025-04-26,Mexico,Makeup,10.25,1,0,False,10.25
502985,102139,2025-06-11,Mexico,Wellness,20.29,2,0,False,40.58
502986,102140,2025-10-28,Mexico,Fragrance,58.3,1,5,False,55.38
502987,102141,2024-12-11,Mexico,Haircare,21.37,2,0,False,42.74
502987,102141,2024-12-11,Mexico,Makeup,17.07,2,0,False,34.14
502987,102141,2024-12-11,Mexico,Skincare,34.86,2,0,False,69.72
502988,102141,2025-03-27,Mexico,Makeup,6.97,1,0,False,6.97
502989,102141,2025-08-31,Mexico,Wellness,16.81,1,0,False,16.81
502989,102141,2025-08-31,Mexico,Makeup,23.92,2,10,False,43.06
502990,102141,2025-09-06,Mexico,Haircare,15.47,2,0,False,30.94
502990,102141,2025-09-06,Mexico,Skincare,30.19,1,0,False,30.19
502990,102141,2025-09-06,Mexico,Haircare,15.96,1,0,False,15.96
502991,102142,2024-09-15,Russia,Skincare,30.27,1,0,False,30.27
502991,102142,2024-09-15,Russia,Makeup,10.66,1,0,False,10.66
502991,102142,2024-09-15,Russia,Wellness,12.74,2,0,False,25.48
502992,102142,2025-12-07,Russia,Makeup,26.35,1,5,False,25.03
502992,102142,2025-12-07,Russia,Makeup,26.69,1,0,False,26.69
502993,102144,2025-03-11,Russia,Wellness,14.96,2,0,False,29.92
502994,102145,2024-11-09,Russia,Wellness,7.51,2,0,True,15.02
502994,102145,2024-11-09,Russia,Skincare,13.29,2,10,True,23.92
502995,102145,2025-05-24,Russia,Skincare,10.67,1,0,False,10.67
502996,102146,2024-05-01,Kazakhstan,Makeup,7.1,1,5,False,6.74
502997,102146,2024-06-12,Kazakhstan,Fragrance,53.13,2,0,False,106.26
502997,102146,2024-06-12,Kazakhstan,Wellness,12.32,1,0,False,12.32
502997,102146,2024-06-12,Kazakhstan,Skincare,16.77,1,0,False,16.77
502998,102146,2024-07-22,Kazakhstan,Haircare,24.67,1,0,False,24.67
502999,102147,2024-11-07,Belarus,Makeup,10.26,1,5,False,9.75
502999,102147,2024-11-07,Belarus,Haircare,18.43,1,5,False,17.51
503000,102147,2024-11-26,Belarus,Makeup,13.08,1,0,True,13.08
503000,102147,2024-11-26,Belarus,Makeup,16.29,1,0,True,16.29
503001,102148,2025-09-19,Mexico,Fragrance,17.34,2,0,False,34.68
503001,102148,2025-09-19,Mexico,Wellness,15.76,2,0,False,31.52
503001,102148,2025-09-19,Mexico,Skincare,32.24,1,0,False,32.24
503002,102150,2025-10-04,USA,Skincare,23.14,2,0,False,46.28
503002,102150,2025-10-04,USA,Fragrance,57.43,1,0,False,57.43
503003,102151,2025-09-07,Mexico,Haircare,7.18,1,0,False,7.18
503003,102151,2025-09-07,Mexico,Wellness,21.98,1,0,False,21.98
503004,102152,2025-07-20,USA,Fragrance,34.68,2,0,False,69.36
503004,102152,2025-07-20,USA,Makeup,11.63,1,5,False,11.05
503005,102153,2025-01-07,Kazakhstan,Wellness,7.94,2,10,False,14.29
503005,102153,2025-01-07,Kazakhstan,Haircare,16.76,1,5,False,15.92
503005,102153,2025-01-07,Kazakhstan,Makeup,15.36,1,0,False,15.36
503006,102153,2025-04-15,Kazakhstan,Makeup,10.9,1,0,False,10.9
503007,102153,2025-06-14,Kazakhstan,Wellness,16.75,1,0,False,16.75
503007,102153,2025-06-14,Kazakhstan,Wellness,9.75,2,5,False,18.52
503007,102153,2025-06-14,Kazakhstan,Makeup,18.64,1,5,False,17.71
503008,102154,2025-06-16,Russia,Haircare,10.81,2,10,False,19.46
503009,102154,2025-11-07,Russia,Makeup,23.67,2,0,True,47.34
503009,102154,2025-11-07,Russia,Skincare,14.85,1,15,True,12.62
503010,102155,2025-04-10,Russia,Fragrance,41.71,2,0,False,83.42
503010,102155,2025-04-10,Russia,Haircare,24.38,2,5,False,46.32
503011,102157,2024-10-01,Kazakhstan,Haircare,20.82,1,0,False,20.82
503012,102158,2025-12-21,Kazakhstan,Makeup,22.68,2,10,False,40.82
503012,102158,2025-12-21,Kazakhstan,Wellness,14.49,2,5,False,27.53
503013,102159,2025-09-18,Russia,Makeup,13.02,1,0,False,13.02
503013,102159,2025-09-18,Russia,Fragrance,34.64,1,0,False,34.64
503013,102159,2025-09-18,Russia,Skincare,8.72,1,5,False,8.28
503014,102159,2025-10-19,Russia,Makeup,18.79,1,0,False,18.79
503014,102159,2025-10-19,Russia,Skincare,13.64,1,0,False,13.64
503014,102159,2025-10-19,Russia,Makeup,6.92,1,0,False,6.92
503015,102160,2025-09-04,Russia,Wellness,10.91,1,0,False,10.91
503015,102160,2025-09-04,Russia,Skincare,24.5,2,0,False,49.0
503015,102160,2025-09-04,Russia,Haircare,22.11,1,5,False,21.0
503016,102162,2024-12-01,Russia,Haircare,21.7,2,0,False,43.4
503016,102162,2024-12-01,Russia,Fragrance,46.34,1,0,False,46.34
503017,102163,2024-01-21,USA,Makeup,6.52,2,5,False,12.39
503017,102163,2024-01-21,USA,Wellness,17.12,1,5,False,16.26
503018,102163,2024-05-12,USA,Wellness,10.01,1,0,False,10.01
503018,102163,2024-05-12,USA,Fragrance,36.0,2,0,False,72.0
503019,102163,2024-07-06,USA,Wellness,15.02,1,10,False,13.52
503019,102163,2024-07-06,USA,Haircare,8.94,1,0,False,8.94
503020,102163,2024-07-07,USA,Wellness,21.2,1,0,False,21.2
503021,102164,2024-03-04,Russia,Makeup,22.63,1,0,True,22.63
503021,102164,2024-03-04,Russia,Wellness,14.52,1,10,True,13.07
503021,102164,2024-03-04,Russia,Makeup,24.42,1,0,True,24.42
503022,102165,2025-10-28,USA,Wellness,20.81,1,0,False,20.81
503022,102165,2025-10-28,USA,Wellness,20.02,1,0,False,20.02
503023,102166,2024-10-05,USA,Makeup,18.45,2,0,False,36.9
503024,102166,2024-11-02,USA,Haircare,8.49,1,0,False,8.49
503025,102166,2024-11-30,USA,Fragrance,51.04,1,0,True,51.04
503025,102166,2024-11-30,USA,Makeup,18.96,1,0,True,18.96
503026,102167,2025-02-09,Kazakhstan,Skincare,12.39,2,0,False,24.78
503027,102167,2025-02-24,Kazakhstan,Haircare,11.64,1,0,False,11.64
503028,102168,2024-10-06,Mexico,Skincare,9.98,2,5,False,18.96
503028,102168,2024-10-06,Mexico,Skincare,27.33,1,0,False,27.33
503028,102168,2024-10-06,Mexico,Fragrance,54.34,1,0,False,54.34
503029,102168,2025-03-11,Mexico,Haircare,20.75,1,5,False,19.71
503029,102168,2025-03-11,Mexico,Makeup,13.54,1,10,False,12.19
503030,102168,2025-10-26,Mexico,Makeup,18.98,1,0,False,18.98
503030,102168,2025-10-26,Mexico,Skincare,13.45,2,0,False,26.9
503030,102168,2025-10-26,Mexico,Makeup,9.91,2,0,False,19.82
503031,102169,2024-02-19,Belarus,Makeup,18.3,2,0,False,36.6
503032,102170,2025-09-02,Kazakhstan,Fragrance,19.78,2,0,False,39.56
503032,102170,2025-09-02,Kazakhstan,Wellness,19.51,1,0,False,19.51
503032,102170,2025-09-02,Kazakhstan,Skincare,28.38,1,0,False,28.38
503033,102170,2025-09-16,Kazakhstan,Skincare,26.21,2,0,False,52.42
503033,102170,2025-09-16,Kazakhstan,Wellness,19.9,1,0,False,19.9
503034,102171,2024-11-29,Mexico,Wellness,8.0,1,10,True,7.2
503035,102173,2024-02-03,Russia,Haircare,8.37,1,5,False,7.95
503035,102173,2024-02-03,Russia,Wellness,18.1,2,0,False,36.2
503036,102174,2024-03-18,USA,Fragrance,48.11,2,0,False,96.22
503036,102174,2024-03-18,USA,Fragrance,50.98,2,0,False,101.96
503036,102174,2024-03-18,USA,Skincare,16.18,2,0,False,32.36
503037,102174,2024-05-26,USA,Makeup,27.7,1,5,False,26.32
503038,102175,2025-04-11,Russia,Haircare,15.38,2,0,False,30.76
503038,102175,2025-04-11,Russia,Skincare,15.06,2,0,False,30.12
503038,102175,2025-04-11,Russia,Makeup,17.92,1,0,False,17.92
503039,102176,2025-05-29,Russia,Makeup,21.63,1,5,False,20.55
503039,102176,2025-05-29,Russia,Fragrance,42.84,1,0,False,42.84
503039,102176,2025-05-29,Russia,Haircare,9.73,1,0,False,9.73
503040,102178,2024-12-21,Russia,Wellness,12.96,1,0,False,12.96
503041,102179,2024-09-03,Kazakhstan,Fragrance,50.74,1,0,False,50.74
503041,102179,2024-09-03,Kazakhstan,Haircare,19.85,1,0,False,19.85
503042,102179,2024-09-22,Kazakhstan,Skincare,25.93,2,0,False,51.86
503043,102180,2025-03-13,Kazakhstan,Fragrance,49.68,2,0,False,99.36
503043,102180,2025-03-13,Kazakhstan,Skincare,17.24,1,5,False,16.38
503044,102180,2025-05-07,Kazakhstan,Skincare,33.7,2,0,False,67.4
503044,102180,2025-05-07,Kazakhstan,Haircare,14.76,2,0,False,29.52
503044,102180,2025-05-07,Kazakhstan,Makeup,15.16,2,5,False,28.8
503045,102180,2025-05-07,Kazakhstan,Wellness,10.04,1,0,False,10.04
503045,102180,2025-05-07,Kazakhstan,Fragrance,45.24,1,0,False,45.24
503046,102182,2025-08-15,USA,Haircare,13.71,2,0,False,27.42
503047,102184,2024-04-27,Russia,Fragrance,39.45,2,0,False,78.9
503047,102184,2024-04-27,Russia,Wellness,15.51,2,0,False,31.02
503048,102184,2024-05-31,Russia,Skincare,33.95,2,0,False,67.9
503048,102184,2024-05-31,Russia,Skincare,20.1,1,0,False,20.1
503049,102184,2024-07-28,Russia,Makeup,23.77,1,5,False,22.58
503049,102184,2024-07-28,Russia,Fragrance,32.38,2,0,False,64.76
503049,102184,2024-07-28,Russia,Skincare,9.65,1,0,False,9.65
503050,102185,2025-07-24,Russia,Wellness,8.35,1,0,False,8.35
503050,102185,2025-07-24,Russia,Makeup,7.17,2,0,False,14.34
503051,102186,2025-03-07,Mexico,Haircare,13.12,2,0,True,26.24
503052,102186,2025-03-19,Mexico,Haircare,17.03,1,5,False,16.18
503052,102186,2025-03-19,Mexico,Skincare,33.6,1,0,False,33.6
503052,102186,2025-03-19,Mexico,Wellness,20.33,2,5,False,38.63
503053,102186,2025-03-25,Mexico,Fragrance,30.89,2,0,False,61.78
503053,102186,2025-03-25,Mexico,Fragrance,50.3,1,0,False,50.3
503053,102186,2025-03-25,Mexico,Fragrance,47.81,2,0,False,95.62
503054,102186,2025-09-30,Mexico,Makeup,13.32,1,0,False,13.32
503055,102188,2025-09-10,Kazakhstan,Fragrance,59.91,1,5,False,56.91
503056,102189,2024-08-08,Mexico,Skincare,23.84,2,0,False,47.68
503056,102189,2024-08-08,Mexico,Wellness,14.25,1,5,False,13.54
503057,102191,2025-05-01,Mexico,Makeup,19.07,1,0,False,19.07
503057,102191,2025-05-01,Mexico,Makeup,22.78,1,0,False,22.78
503057,102191,2025-05-01,Mexico,Wellness,17.58,2,0,False,35.16
503058,102191,2025-07-27,Mexico,Makeup,13.82,2,0,False,27.64
503059,102191,2025-10-26,Mexico,Makeup,13.6,2,0,False,27.2
503059,102191,2025-10-26,Mexico,Fragrance,16.49,2,5,False,31.33
503060,102192,2024-10-17,Mexico,Fragrance,35.85,2,5,False,68.11
503061,102192,2025-01-25,Mexico,Fragrance,31.31,1,0,False,31.31
503062,102192,2025-07-12,Mexico,Fragrance,44.32,1,0,False,44.32
503062,102192,2025-07-12,Mexico,Haircare,11.27,2,5,False,21.41
503063,102193,2024-04-07,Kazakhstan,Makeup,12.24,2,0,False,24.48
503063,102193,2024-04-07,Kazakhstan,Wellness,15.28,2,0,False,30.56
503064,102194,2025-08-11,Russia,Wellness,14.04,2,0,False,28.08
503064,102194,2025-08-11,Russia,Wellness,15.4,2,0,False,30.8
503065,102195,2024-11-18,Belarus,Skincare,18.96,2,5,False,36.02
503065,102195,2024-11-18,Belarus,Makeup,7.75,1,0,False,7.75
503066,102197,2025-10-05,Mexico,Makeup,19.28,1,5,False,18.32
503066,102197,2025-10-05,Mexico,Skincare,23.3,1,0,False,23.3
503067,102198,2024-09-25,Belarus,Fragrance,19.94,1,0,False,19.94
503067,102198,2024-09-25,Belarus,Fragrance,20.15,2,5,False,38.28
503068,102198,2024-09-30,Belarus,Makeup,10.97,2,5,False,20.84
503068,102198,2024-09-30,Belarus,Skincare,33.98,2,5,False,64.56
503068,102198,2024-09-30,Belarus,Fragrance,58.22,1,0,False,58.22
503069,102198,2024-12-04,Belarus,Makeup,9.24,2,0,False,18.48
503070,102198,2025-01-27,Belarus,Wellness,21.07,2,0,False,42.14
503070,102198,2025-01-27,Belarus,Fragrance,48.95,2,0,False,97.9
